Date,Gold,Silver,USD_Index,S&P500,VIX,Crude_Oil,10Y_Bond,Real_10Y,Breakeven_10Y,2Y_CMT,GLD_DollarVolume,2Y_Bond
2004-01-05,424.3999938964844,6.232999801635742,86.06999969482422,1122.219970703125,17.489999771118164,33.779998779296875,4.38700008392334,2.06,2.35,1.95,,1.95
2004-01-06,422.79998779296875,6.315999984741211,85.62999725341797,1123.6700439453125,16.729999542236328,33.70000076293945,4.2769999504089355,1.97,2.32,1.84,,1.84
2004-01-07,421.8999938964844,6.250999927520752,86.19999694824219,1126.3299560546875,15.5,33.619998931884766,4.245999813079834,1.94,2.33,1.84,,1.84
2004-01-08,424.0,6.261000156402588,85.56999969482422,1131.9200439453125,15.609999656677246,33.97999954223633,4.249000072479248,1.99,2.28,1.85,,1.85
2004-01-09,426.3999938964844,6.485000133514404,85.11000061035156,1121.8599853515625,16.75,34.310001373291016,4.085999965667725,1.89,2.22,1.68,,1.68
2004-01-12,426.29998779296875,6.605000019073486,85.55000305175781,1127.22998046875,16.81999969482422,34.720001220703125,4.083000183105469,1.89,2.22,1.68,,1.68
2004-01-13,423.70001220703125,6.586999893188477,85.51000213623047,1121.219970703125,18.040000915527344,34.43000030517578,4.0279998779296875,1.83,2.22,1.63,,1.63
2004-01-14,421.70001220703125,6.421999931335449,86.02999877929688,1130.52001953125,16.75,34.5,3.9860000610351562,1.85,2.16,1.65,,1.65
2004-01-15,408.3999938964844,6.204999923706055,86.55999755859375,1132.050048828125,15.5600004196167,33.439998626708984,3.9709999561309814,1.82,2.17,1.67,,1.67
2004-01-16,406.70001220703125,6.322000026702881,87.7300033569336,1139.8299560546875,15.0,35.06999969482422,4.013999938964844,1.83,2.21,1.7,,1.7
2004-01-19,406.70001220703125,6.322000026702881,87.66000366210938,1139.8299560546875,15.0,35.06999969482422,4.013999938964844,1.83,2.21,1.7,,1.7
2004-01-20,412.70001220703125,6.315000057220459,86.70999908447266,1138.77001953125,15.210000038146973,36.20000076293945,4.057000160217285,1.84,2.24,1.69,,1.69
2004-01-21,411.1000061035156,6.199999809265137,86.36000061035156,1147.6199951171875,14.34000015258789,34.58000183105469,4.0370001792907715,1.79,2.26,1.69,,1.69
2004-01-22,410.0,6.3420000076293945,85.81999969482422,1143.93994140625,14.710000038146973,34.93000030517578,3.9690001010894775,1.76,2.23,1.66,,1.66
2004-01-23,407.8999938964844,6.355000019073486,86.55999755859375,1141.550048828125,14.84000015258789,34.939998626708984,4.065999984741211,1.82,2.27,1.71,,1.71
2004-01-26,406.6000061035156,6.307000160217285,87.25,1155.3699951171875,14.550000190734863,34.470001220703125,4.139999866485596,1.89,2.27,1.75,,1.75
2004-01-27,410.0,6.550000190734863,86.27999877929688,1144.050048828125,15.350000381469727,34.119998931884766,4.086999893188477,1.84,2.27,1.7,,1.7
2004-01-28,414.5,6.625,86.97000122070312,1128.47998046875,16.780000686645508,33.619998931884766,4.195000171661377,1.92,2.3,1.87,,1.87
2004-01-29,398.5,6.22599983215332,87.58000183105469,1134.1099853515625,17.139999389648438,32.810001373291016,4.197000026702881,1.91,2.31,1.88,,1.88
2004-01-30,402.20001220703125,6.245999813079834,87.19999694824219,1131.1300048828125,16.6299991607666,33.04999923706055,4.138000011444092,1.85,2.31,1.84,,1.84
2004-02-02,398.70001220703125,6.039999961853027,87.52999877929688,1135.260009765625,17.110000610351562,34.97999954223633,4.151000022888184,1.84,2.34,1.83,,1.83
2004-02-03,399.20001220703125,6.120999813079834,86.79000091552734,1136.030029296875,17.34000015258789,34.099998474121094,4.099999904632568,1.81,2.32,1.78,,1.78
2004-02-04,401.0,6.144999980926514,86.83999633789062,1126.52001953125,17.8700008392334,33.099998474121094,4.124000072479248,1.82,2.33,1.8,,1.8
2004-02-05,398.1000061035156,6.119999885559082,86.9000015258789,1128.5899658203125,17.709999084472656,33.08000183105469,4.173999786376953,1.85,2.35,1.85,,1.85
2004-02-06,403.6000061035156,6.275000095367432,86.0199966430664,1142.760009765625,16.0,32.47999954223633,4.089000225067139,1.79,2.33,1.77,,1.77
2004-02-09,406.79998779296875,6.425000190734863,86.0,1139.81005859375,16.389999389648438,32.83000183105469,4.065000057220459,1.76,2.33,1.76,,1.76
2004-02-10,406.3999938964844,6.385000228881836,85.83999633789062,1145.5400390625,15.9399995803833,33.869998931884766,4.1020002365112305,1.79,2.34,1.82,,1.82
2004-02-11,410.20001220703125,6.554999828338623,85.19999694824219,1157.760009765625,15.390000343322754,34.0,4.020999908447266,1.75,2.3,1.73,,1.73
2004-02-12,413.70001220703125,6.617000102996826,85.29000091552734,1152.1099853515625,15.3100004196167,33.97999954223633,4.058000087738037,1.77,2.33,1.75,,1.75
2004-02-13,410.29998779296875,6.578999996185303,85.55999755859375,1145.81005859375,15.579999923706055,34.560001373291016,4.047999858856201,1.74,2.31,1.7,,1.7
2004-02-16,410.29998779296875,6.578999996185303,85.47000122070312,1145.81005859375,15.579999923706055,34.560001373291016,4.047999858856201,1.74,2.31,1.7,,1.7
2004-02-17,416.0,6.7769999504089355,85.0199966430664,1156.989990234375,15.399999618530273,35.15999984741211,4.047999858856201,1.75,2.3,1.7,,1.7
2004-02-18,412.29998779296875,6.697000026702881,85.87999725341797,1151.8199462890625,15.59000015258789,35.45000076293945,4.048999786376953,1.75,2.3,1.72,,1.72
2004-02-19,409.79998779296875,6.65500020980835,85.94999694824219,1147.06005859375,15.800000190734863,36.0,4.052000045776367,1.76,2.29,1.7,,1.7
2004-02-20,397.5,6.53000020980835,87.23999786376953,1144.1099853515625,16.040000915527344,35.599998474121094,4.0980000495910645,1.79,2.31,1.75,,1.75
2004-02-23,399.0,6.486999988555908,87.04000091552734,1140.989990234375,16.290000915527344,34.349998474121094,4.050000190734863,1.76,2.29,1.69,,1.69
2004-02-24,404.5,6.61899995803833,86.13999938964844,1139.0899658203125,15.899999618530273,34.58000183105469,4.0289998054504395,1.74,2.3,1.69,,1.69
2004-02-25,395.79998779296875,6.5320000648498535,87.25,1143.6700439453125,14.930000305175781,35.68000030517578,4.014999866485596,1.71,2.31,1.67,,1.67
2004-02-26,395.79998779296875,6.708000183105469,87.68000030517578,1144.9100341796875,14.829999923706055,35.5099983215332,4.046000003814697,1.69,2.36,1.69,,1.69
2004-02-27,396.3999938964844,6.696000099182129,87.30999755859375,1144.93994140625,14.550000190734863,36.15999984741211,3.9839999675750732,1.61,2.38,1.66,,1.66
2004-03-01,399.29998779296875,6.927999973297119,87.5199966430664,1155.969970703125,14.4399995803833,36.86000061035156,3.992000102996826,1.55,2.45,1.67,,1.67
2004-03-02,393.5,6.710000038146973,88.83000183105469,1149.0999755859375,14.859999656677246,36.65999984741211,4.046000003814697,1.58,2.47,1.74,,1.74
2004-03-03,392.3999938964844,6.743000030517578,89.02999877929688,1151.030029296875,14.550000190734863,35.79999923706055,4.059999942779541,1.59,2.48,1.74,,1.74
2004-03-04,392.8999938964844,6.758999824523926,89.13999938964844,1154.8699951171875,14.399999618530273,36.63999938964844,4.0289998054504395,1.6,2.44,1.73,,1.73
2004-03-05,401.29998779296875,6.980999946594238,88.18000030517578,1156.8599853515625,14.479999542236328,37.2599983215332,3.8310000896453857,1.46,2.39,1.57,,1.57
2004-03-08,400.6000061035156,6.973999977111816,88.0,1147.199951171875,15.789999961853027,36.56999969482422,3.7760000228881836,1.43,2.35,1.52,,1.52
2004-03-09,404.20001220703125,7.165999889373779,88.29000091552734,1140.5799560546875,16.600000381469727,36.279998779296875,3.7190001010894775,1.4,2.33,1.51,,1.51
2004-03-10,400.0,7.171000003814697,88.94999694824219,1123.8900146484375,18.670000076293945,36.099998474121094,3.734999895095825,1.45,2.29,1.54,,1.54
2004-03-11,400.70001220703125,7.181000232696533,88.51000213623047,1106.780029296875,20.670000076293945,36.779998779296875,3.746999979019165,1.5,2.24,1.52,,1.52
2004-03-12,395.29998779296875,7.051000118255615,89.12000274658203,1120.5699462890625,18.299999237060547,36.189998626708984,3.759999990463257,1.52,2.26,1.54,,1.54
2004-03-15,399.3999938964844,7.127999782562256,88.80999755859375,1104.489990234375,21.1299991607666,37.439998626708984,3.7679998874664307,1.47,2.31,1.56,,1.56
2004-03-16,402.3999938964844,7.15500020980835,88.58999633789062,1110.699951171875,20.34000015258789,37.47999954223633,3.687999963760376,1.4,2.3,1.51,,1.51
2004-03-17,406.8999938964844,7.248000144958496,88.6500015258789,1123.75,18.110000610351562,38.18000030517578,3.683000087738037,1.36,2.35,1.53,,1.53
2004-03-18,411.1000061035156,7.453000068664551,87.69999694824219,1122.3199462890625,18.530000686645508,37.93000030517578,3.749000072479248,1.37,2.39,1.55,,1.55
2004-03-19,412.5,7.551000118255615,88.16000366210938,1109.780029296875,19.149999618530273,38.08000183105469,3.7880001068115234,1.44,2.36,1.56,,1.56
2004-03-22,417.3999938964844,7.618000030517578,87.80999755859375,1095.4000244140625,21.579999923706055,37.11000061035156,3.7239999771118164,1.42,2.32,1.52,,1.52
2004-03-23,419.79998779296875,7.697999954223633,87.8499984741211,1093.949951171875,20.670000076293945,37.45000076293945,3.7109999656677246,1.41,2.32,1.52,,1.52
2004-03-24,417.20001220703125,7.639999866485596,88.93000030517578,1091.3299560546875,19.809999465942383,37.0099983215332,3.7139999866485596,1.38,2.35,1.5,,1.5
2004-03-25,416.70001220703125,7.5920000076293945,88.9000015258789,1109.18994140625,17.8799991607666,35.5099983215332,3.739000082015991,1.4,2.35,1.51,,1.51
2004-03-26,422.1000061035156,7.706999778747559,88.88999938964844,1108.06005859375,17.329999923706055,35.72999954223633,3.8429999351501465,1.47,2.38,1.59,,1.59
2004-03-29,417.1000061035156,7.614999771118164,88.62999725341797,1122.469970703125,16.5,35.45000076293945,3.890000104904175,1.5,2.41,1.63,,1.63
2004-03-30,421.70001220703125,7.765999794006348,88.43000030517578,1127.0,16.280000686645508,36.25,3.9019999504089355,1.52,2.39,1.63,,1.63
2004-03-31,427.29998779296875,7.935999870300293,87.61000061035156,1126.2099609375,16.739999771118164,35.7599983215332,3.8369998931884766,1.48,2.38,1.6,,1.6
2004-04-01,427.79998779296875,8.138999938964844,87.20999908447266,1132.1700439453125,16.649999618530273,34.27000045776367,3.8980000019073486,1.48,2.43,1.65,,1.65
2004-04-02,421.6000061035156,8.145999908447266,88.51000213623047,1141.81005859375,15.640000343322754,34.38999938964844,4.139999866485596,1.69,2.46,1.86,,1.86
2004-04-05,415.3999938964844,8.107999801635742,89.22000122070312,1150.5699462890625,14.970000267028809,34.380001068115234,4.21999979019165,1.75,2.49,1.91,,1.91
2004-04-06,418.8999938964844,8.211000442504883,88.75,1148.1600341796875,15.319999694824219,34.970001220703125,4.171000003814697,1.73,2.46,1.86,,1.86
2004-04-07,422.79998779296875,8.1850004196167,88.2699966430664,1140.530029296875,15.760000228881836,36.150001525878906,4.166999816894531,1.82,2.37,1.87,,1.87
2004-04-08,419.8999938964844,8.085000038146973,89.0199966430664,1139.3199462890625,16.260000228881836,37.13999938964844,4.197000026702881,1.8,2.41,1.88,,1.88
2004-04-12,420.1000061035156,8.024999618530273,88.94999694824219,1145.199951171875,15.279999732971191,37.84000015258789,4.230000019073486,1.81,2.44,1.91,,1.91
2004-04-13,407.0,7.445000171661377,89.83000183105469,1129.43994140625,17.260000228881836,37.209999084472656,4.340000152587891,1.88,2.47,2.01,,2.01
2004-04-14,399.79998779296875,7.0,90.23999786376953,1128.1700439453125,15.619999885559082,36.720001220703125,4.381999969482422,1.91,2.49,2.13,,2.13
2004-04-15,397.70001220703125,7.072999954223633,90.05999755859375,1128.8399658203125,15.739999771118164,37.56999969482422,4.40500020980835,1.93,2.49,2.1,,2.1
2004-04-16,401.0,7.139999866485596,89.94000244140625,1134.6099853515625,14.9399995803833,37.7400016784668,4.3520002365112305,1.87,2.5,2.03,,2.03
2004-04-19,400.6000061035156,7.204999923706055,89.80000305175781,1135.8199462890625,15.420000076293945,37.41999816894531,4.372000217437744,1.87,2.52,2.07,,2.07
2004-04-20,397.70001220703125,6.940000057220459,90.48999786376953,1118.1500244140625,16.670000076293945,37.599998474121094,4.414999961853027,1.97,2.46,2.11,,2.11
2004-04-21,390.79998779296875,6.164999961853027,91.12000274658203,1124.0899658203125,15.600000381469727,35.72999954223633,4.422999858856201,1.96,2.49,2.22,,2.22
2004-04-22,393.29998779296875,6.0229997634887695,90.81999969482422,1139.9300537109375,14.609999656677246,36.709999084472656,4.370999813079834,1.98,2.42,2.15,,2.15
2004-04-23,395.1000061035156,6.1579999923706055,91.08000183105469,1140.5999755859375,14.010000228881836,36.459999084472656,4.452000141143799,2.12,2.36,2.29,,2.29
2004-04-26,396.0,6.168000221252441,90.62000274658203,1135.530029296875,14.770000457763672,36.970001220703125,4.433000087738037,2.03,2.43,2.28,,2.28
2004-04-27,398.6000061035156,6.230000019073486,90.41000366210938,1138.1099853515625,15.069999694824219,37.529998779296875,4.4039998054504395,2.0,2.43,2.21,,2.21
2004-04-28,385.3999938964844,5.867000102996826,91.16999816894531,1122.4100341796875,16.290000915527344,37.459999084472656,4.4670000076293945,2.1,2.4,2.3,,2.3
2004-04-29,386.6000061035156,5.820000171661377,90.56999969482422,1113.8900146484375,16.600000381469727,37.310001373291016,4.539999961853027,2.15,2.4,2.34,,2.34
2004-04-30,387.0,6.078000068664551,90.4800033569336,1107.300048828125,17.190000534057617,37.380001068115234,4.500999927520752,2.11,2.42,2.31,,2.31
2004-05-03,387.0,6.015999794006348,90.76000213623047,1117.489990234375,16.6200008392334,38.209999084472656,4.500999927520752,2.09,2.44,2.34,,2.34
2004-05-04,391.3999938964844,6.0370001792907715,89.80999755859375,1119.550048828125,16.549999237060547,38.97999954223633,4.543000221252441,2.1,2.46,2.32,,2.32
2004-05-05,393.3999938964844,6.104000091552734,89.30999755859375,1121.530029296875,15.770000457763672,39.56999969482422,4.571000099182129,2.1,2.51,2.34,,2.34
2004-05-06,388.0,5.818999767303467,89.87999725341797,1113.989990234375,17.049999237060547,39.369998931884766,4.6020002365112305,2.15,2.48,2.39,,2.39
2004-05-07,378.70001220703125,5.589000225067139,91.12999725341797,1098.699951171875,18.1299991607666,39.93000030517578,4.765999794006348,2.24,2.55,2.64,,2.64
2004-05-10,378.29998779296875,5.75600004196167,91.55999755859375,1087.1199951171875,19.770000457763672,38.93000030517578,4.781000137329102,2.25,2.56,2.61,,2.61
2004-05-11,376.8999938964844,5.513999938964844,91.66000366210938,1095.449951171875,18.56999969482422,40.060001373291016,4.76800012588501,2.21,2.58,2.61,,2.61
2004-05-12,377.3999938964844,5.556000232696533,91.29000091552734,1097.280029296875,18.139999389648438,40.77000045776367,4.796999931335449,2.17,2.66,2.62,,2.62
2004-05-13,374.79998779296875,5.60699987411499,91.95999908447266,1096.43994140625,18.860000610351562,41.08000183105469,4.85099983215332,2.18,2.67,2.67,,2.67
2004-05-14,377.0,5.7210001945495605,91.66000366210938,1095.699951171875,18.469999313354492,41.380001068115234,4.788000106811523,2.16,2.63,2.59,,2.59
2004-05-17,379.5,5.668000221252441,91.0,1084.0999755859375,19.959999084472656,41.54999923706055,4.698999881744385,2.07,2.63,2.51,,2.51
2004-05-18,375.79998779296875,5.672999858856201,91.25,1091.489990234375,19.329999923706055,40.540000915527344,4.736000061035156,2.05,2.69,2.58,,2.58
2004-05-19,382.8999938964844,5.920000076293945,90.52999877929688,1088.6800537109375,18.93000030517578,41.5,4.794000148773193,2.03,2.76,2.61,,2.61
2004-05-20,378.3999938964844,5.7729997634887695,91.02999877929688,1089.18994140625,18.670000076293945,40.91999816894531,4.7179999351501465,1.96,2.76,2.55,,2.55
2004-05-21,384.79998779296875,5.86299991607666,90.48999786376953,1093.56005859375,18.489999771118164,39.93000030517578,4.763999938964844,2.04,2.72,2.6,,2.6
2004-05-24,385.6000061035156,5.989999771118164,90.4800033569336,1095.4100341796875,18.079999923706055,41.720001220703125,4.739999771118164,2.01,2.74,2.59,,2.59
2004-05-25,388.29998779296875,6.078000068664551,89.83999633789062,1113.050048828125,15.960000038146973,41.13999938964844,4.723999977111816,2.03,2.7,2.58,,2.58
2004-05-26,388.29998779296875,6.047999858856201,89.72000122070312,1114.93994140625,15.970000267028809,40.70000076293945,4.671000003814697,1.99,2.68,2.52,,2.52
2004-05-27,394.8999938964844,6.190000057220459,88.66999816894531,1121.280029296875,15.279999732971191,39.439998626708984,4.5879998207092285,1.97,2.63,2.46,,2.46
2004-05-28,394.0,6.105000019073486,88.94999694824219,1120.6800537109375,15.5,39.880001068115234,4.65500020980835,2.0,2.66,2.54,,2.54
2004-06-01,394.6000061035156,6.050000190734863,88.87999725341797,1121.199951171875,16.299999237060547,42.33000183105469,4.703999996185303,1.97,2.74,2.6,,2.6
2004-06-02,390.70001220703125,5.833000183105469,88.83999633789062,1124.989990234375,16.079999923706055,39.959999084472656,4.730000019073486,2.04,2.7,2.65,,2.65
2004-06-03,388.1000061035156,5.728000164031982,88.94999694824219,1116.6400146484375,17.030000686645508,39.279998779296875,4.711999893188477,2.05,2.66,2.63,,2.63
2004-06-04,390.8999938964844,5.802999973297119,88.54000091552734,1122.5,16.780000686645508,38.4900016784668,4.77400016784668,2.11,2.67,2.7,,2.7
2004-06-07,393.79998779296875,5.894000053405762,88.25,1140.4200439453125,15.390000343322754,38.65999984741211,4.764999866485596,2.11,2.67,2.67,,2.67
2004-06-08,391.0,5.763999938964844,88.51000213623047,1142.1800537109375,15.010000228881836,37.279998779296875,4.770999908447266,2.15,2.63,2.73,,2.73
2004-06-09,384.5,5.627999782562256,89.7300033569336,1131.3299560546875,15.390000343322754,37.540000915527344,4.811999797821045,2.2,2.62,2.79,,2.79
2004-06-10,385.8999938964844,5.744999885559082,89.25,1136.469970703125,15.039999961853027,38.45000076293945,4.790999889373779,2.18,2.63,2.81,,2.81
2004-06-11,385.8999938964844,5.744999885559082,90.01000213623047,1136.469970703125,15.039999961853027,38.45000076293945,4.790999889373779,2.18,2.63,2.81,,2.81
2004-06-14,383.6000061035156,5.65500020980835,89.94000244140625,1125.2900390625,16.06999969482422,37.59000015258789,4.869999885559082,2.26,2.63,2.97,,2.97
2004-06-15,388.1000061035156,5.73199987411499,89.08999633789062,1132.010009765625,15.050000190734863,37.189998626708984,4.685999870300293,2.16,2.53,2.77,,2.77
2004-06-16,384.6000061035156,5.7220001220703125,90.04000091552734,1133.56005859375,14.789999961853027,37.31999969482422,4.73199987411499,2.18,2.56,2.84,,2.84
2004-06-17,388.8999938964844,5.921999931335449,89.5999984741211,1132.050048828125,15.149999618530273,38.459999084472656,4.691999912261963,2.16,2.55,2.81,,2.81
2004-06-18,395.1000061035156,5.980999946594238,89.08000183105469,1135.02001953125,14.989999771118164,38.75,4.710000038146973,2.15,2.57,2.81,,2.81
2004-06-21,394.0,5.857999801635742,89.29000091552734,1130.300048828125,15.260000228881836,37.630001068115234,4.690000057220459,2.16,2.54,2.8,,2.8
2004-06-22,395.0,5.864999771118164,89.43000030517578,1134.4100341796875,14.3100004196167,38.11000061035156,4.703999996185303,2.17,2.55,2.8,,2.8
2004-06-23,395.0,5.873000144958496,89.41999816894531,1144.06005859375,13.979999542236328,37.56999969482422,4.697999954223633,2.18,2.53,2.78,,2.78
2004-06-24,403.1000061035156,6.172999858856201,88.75,1140.6500244140625,14.8100004196167,37.93000030517578,4.645999908447266,2.15,2.51,2.74,,2.74
2004-06-25,402.8999938964844,6.125,88.87999725341797,1134.4300537109375,15.1899995803833,37.54999923706055,4.644999980926514,2.16,2.5,2.74,,2.74
2004-06-28,401.0,5.896999835968018,88.72000122070312,1133.3499755859375,16.06999969482422,36.2400016784668,4.738999843597412,2.23,2.53,2.86,,2.86
2004-06-29,392.5,5.853000164031982,89.41000366210938,1136.199951171875,15.470000267028809,35.65999984741211,4.695000171661377,2.2,2.5,2.83,,2.83
2004-06-30,392.6000061035156,5.776000022888184,88.80000305175781,1140.8399658203125,14.34000015258789,37.04999923706055,4.617000102996826,2.1,2.52,2.7,,2.7
2004-07-01,396.0,5.934999942779541,88.79000091552734,1128.93994140625,15.199999809265137,38.7400016784668,4.564000129699707,2.04,2.53,2.64,,2.64
2004-07-02,398.29998779296875,5.998000144958496,87.97000122070312,1125.3800048828125,15.079999923706055,38.38999938964844,4.458000183105469,1.96,2.52,2.54,,2.54
2004-07-05,398.29998779296875,5.998000144958496,88.2300033569336,1125.3800048828125,15.079999923706055,38.38999938964844,4.458000183105469,1.96,2.52,2.54,,2.54
2004-07-06,392.6000061035156,5.964000225067139,88.12000274658203,1116.2099609375,16.25,39.650001525878906,4.480000019073486,1.97,2.52,2.56,,2.56
2004-07-07,402.29998779296875,6.110000133514404,87.6500015258789,1118.3299560546875,15.8100004196167,39.08000183105469,4.4720001220703125,2.0,2.5,2.56,,2.56
2004-07-08,407.79998779296875,6.420000076293945,87.54000091552734,1109.1099853515625,16.200000762939453,40.33000183105469,4.46999979019165,2.02,2.47,2.55,,2.55
2004-07-09,407.5,6.460999965667725,87.41999816894531,1112.81005859375,15.779999732971191,39.959999084472656,4.466000080108643,2.02,2.47,2.55,,2.55
2004-07-12,408.1000061035156,6.5279998779296875,87.38999938964844,1114.3499755859375,14.960000038146973,39.5,4.442999839782715,2.02,2.44,2.53,,2.53
2004-07-13,402.0,6.377999782562256,87.81999969482422,1115.1400146484375,14.460000038146973,39.439998626708984,4.479000091552734,2.03,2.47,2.58,,2.58
2004-07-14,405.3999938964844,6.5980000495910645,87.58000183105469,1111.469970703125,13.760000228881836,40.970001220703125,4.484000205993652,2.02,2.48,2.62,,2.62
2004-07-15,404.20001220703125,6.6519999504089355,87.98999786376953,1106.68994140625,14.710000038146973,40.77000045776367,4.485000133514404,2.01,2.49,2.64,,2.64
2004-07-16,406.6000061035156,6.711999893188477,87.13999938964844,1101.3900146484375,14.34000015258789,41.25,4.361000061035156,1.94,2.44,2.54,,2.54
2004-07-19,405.6000061035156,6.586999893188477,87.18000030517578,1100.9000244140625,15.170000076293945,41.63999938964844,4.361000061035156,1.96,2.42,2.56,,2.56
2004-07-20,401.8999938964844,6.598999977111816,87.83000183105469,1108.6700439453125,14.170000076293945,40.86000061035156,4.447999954223633,2.05,2.42,2.67,,2.67
2004-07-21,397.1000061035156,6.396999835968018,88.55999755859375,1093.8800048828125,16.40999984741211,40.58000183105469,4.486999988555908,2.05,2.45,2.71,,2.71
2004-07-22,395.20001220703125,6.418000221252441,88.44999694824219,1096.8399658203125,15.75,41.36000061035156,4.461999893188477,2.03,2.45,2.69,,2.69
2004-07-23,390.5,6.334000110626221,89.26000213623047,1086.199951171875,16.5,41.709999084472656,4.432000160217285,2.0,2.45,2.69,,2.69
2004-07-26,390.29998779296875,6.234000205993652,89.02999877929688,1084.0699462890625,17.299999237060547,41.439998626708984,4.474999904632568,2.05,2.44,2.75,,2.75
2004-07-27,387.0,6.236999988555908,89.79000091552734,1094.8299560546875,16.549999237060547,41.84000015258789,4.59499979019165,2.15,2.47,2.82,,2.82
2004-07-28,389.0,6.36299991607666,89.75,1095.4200439453125,16.149999618530273,42.900001525878906,4.585000038146973,2.11,2.5,2.78,,2.78
2004-07-29,387.0,6.34499979019165,89.94999694824219,1100.4300537109375,15.680000305175781,42.75,4.572999954223633,2.07,2.53,2.75,,2.75
2004-07-30,391.0,6.550000190734863,89.95999908447266,1101.719970703125,15.319999694824219,43.79999923706055,4.474999904632568,2.01,2.49,2.68,,2.68
2004-08-02,391.70001220703125,6.610000133514404,89.75,1106.6199951171875,15.369999885559082,43.81999969482422,4.454999923706055,2.0,2.48,2.66,,2.66
2004-08-03,394.0,6.675000190734863,89.56999969482422,1099.68994140625,16.030000686645508,44.150001525878906,4.421999931335449,1.98,2.47,2.66,,2.66
2004-08-04,392.20001220703125,6.7270002365112305,89.68000030517578,1098.6300048828125,16.209999084472656,42.83000183105469,4.428999900817871,2.0,2.45,2.66,,2.66
2004-08-05,392.29998779296875,6.739999771118164,89.63999938964844,1080.699951171875,18.31999969482422,44.40999984741211,4.400000095367432,1.96,2.47,2.64,,2.64
2004-08-06,399.79998779296875,6.767000198364258,88.36000061035156,1063.969970703125,19.34000015258789,43.95000076293945,4.218999862670898,1.82,2.42,2.4,,2.4
2004-08-09,400.70001220703125,6.729000091552734,88.38999938964844,1065.219970703125,18.889999389648438,44.84000015258789,4.24399995803833,1.85,2.43,2.45,,2.45
2004-08-10,400.0,6.714000225067139,88.79000091552734,1079.0400390625,17.469999313354492,44.52000045776367,4.2870001792907715,1.9,2.42,2.55,,2.55
2004-08-11,395.5,6.519000053405762,88.8499984741211,1075.7900390625,18.040000915527344,44.79999923706055,4.275000095367432,1.86,2.44,2.54,,2.54
2004-08-12,394.29998779296875,6.548999786376953,88.69000244140625,1063.22998046875,19.079999923706055,45.5,4.25,1.81,2.46,2.52,,2.52
2004-08-13,398.8999938964844,6.617000102996826,87.9000015258789,1064.800048828125,17.979999542236328,46.58000183105469,4.2129998207092285,1.77,2.45,2.47,,2.47
2004-08-16,402.8999938964844,6.730000019073486,87.95999908447266,1079.3399658203125,17.56999969482422,46.04999923706055,4.257999897003174,1.82,2.44,2.51,,2.51
2004-08-17,404.3999938964844,6.7230000495910645,88.05999755859375,1081.7099609375,17.020000457763672,46.75,4.205999851226807,1.82,2.39,2.44,,2.44
2004-08-18,404.29998779296875,6.829999923706055,88.08000183105469,1095.1700439453125,16.229999542236328,47.27000045776367,4.2270002365112305,1.83,2.4,2.44,,2.44
2004-08-19,407.1000061035156,6.815000057220459,87.79000091552734,1091.22998046875,16.959999084472656,48.70000076293945,4.210999965667725,1.76,2.46,2.43,,2.43
2004-08-20,413.20001220703125,6.866000175476074,88.12000274658203,1098.3499755859375,16.0,47.86000061035156,4.230999946594238,1.79,2.45,2.46,,2.46
2004-08-23,410.5,6.741000175476074,89.05999755859375,1095.6800537109375,15.880000114440918,46.04999923706055,4.2789998054504395,1.86,2.42,2.5,,2.5
2004-08-24,403.0,6.573999881744385,89.45999908447266,1096.18994140625,15.329999923706055,45.209999084472656,4.2829999923706055,1.87,2.41,2.5,,2.5
2004-08-25,407.8999938964844,6.610000133514404,89.41999816894531,1104.9599609375,14.979999542236328,43.470001220703125,4.261000156402588,1.88,2.38,2.51,,2.51
2004-08-26,407.3999938964844,6.675000190734863,89.30000305175781,1105.0899658203125,14.90999984741211,43.099998474121094,4.2270002365112305,1.86,2.36,2.48,,2.48
2004-08-27,403.29998779296875,6.5879998207092285,89.7699966430664,1107.77001953125,14.710000038146973,43.18000030517578,4.2270002365112305,1.86,2.37,2.48,,2.48
2004-08-30,407.79998779296875,6.704999923706055,89.69000244140625,1099.1500244140625,15.4399995803833,42.279998779296875,4.188000202178955,1.83,2.36,2.47,,2.47
2004-08-31,410.3999938964844,6.770999908447266,88.94000244140625,1104.239990234375,15.289999961853027,42.119998931884766,4.131999969482422,1.78,2.35,2.41,,2.41
2004-09-01,408.79998779296875,6.793000221252441,88.87000274658203,1105.9100341796875,14.90999984741211,44.0,4.123000144958496,1.77,2.36,2.41,,2.41
2004-09-02,406.0,6.76800012588501,88.9800033569336,1118.31005859375,14.279999732971191,44.060001373291016,4.193999767303467,1.83,2.37,2.46,,2.46
2004-09-03,400.5,6.552999973297119,89.62999725341797,1113.6300048828125,13.90999984741211,43.9900016784668,4.293000221252441,1.88,2.42,2.61,,2.61
2004-09-06,400.5,6.552999973297119,89.52999877929688,1113.6300048828125,13.90999984741211,43.9900016784668,4.293000221252441,1.88,2.42,2.61,,2.61
2004-09-07,397.3999938964844,6.198999881744385,89.2300033569336,1121.300048828125,14.069999694824219,43.310001373291016,4.245999813079834,1.86,2.4,2.58,,2.58
2004-09-08,399.3999938964844,6.177999973297119,88.7699966430664,1116.27001953125,14.0600004196167,42.77000045776367,4.163000106811523,1.82,2.36,2.5,,2.5
2004-09-09,398.5,6.1539998054504395,88.83000183105469,1118.3800048828125,14.010000228881836,44.61000061035156,4.198999881744385,1.83,2.39,2.5,,2.5
2004-09-10,401.8999938964844,6.132999897003174,88.38999938964844,1123.9200439453125,13.760000228881836,42.810001373291016,4.179999828338623,1.83,2.36,2.5,,2.5
2004-09-13,404.1000061035156,6.183000087738037,88.55000305175781,1125.8199462890625,13.170000076293945,43.869998931884766,4.151000022888184,1.81,2.35,2.5,,2.5
2004-09-14,405.70001220703125,6.198999881744385,88.45999908447266,1128.3299560546875,13.5600004196167,44.38999938964844,4.132999897003174,1.81,2.34,2.47,,2.47
2004-09-15,405.0,6.270999908447266,89.1500015258789,1120.3699951171875,14.640000343322754,43.58000183105469,4.170000076293945,1.86,2.32,2.51,,2.51
2004-09-16,404.70001220703125,6.289000034332275,88.79000091552734,1123.5,14.390000343322754,43.880001068115234,4.068999767303467,1.81,2.27,2.44,,2.44
2004-09-17,405.79998779296875,6.258999824523926,88.91000366210938,1128.550048828125,14.029999732971191,45.59000015258789,4.126999855041504,1.85,2.29,2.53,,2.53
2004-09-20,405.29998779296875,6.251999855041504,88.98999786376953,1122.199951171875,14.430000305175781,46.349998474121094,4.058000087738037,1.8,2.27,2.46,,2.46
2004-09-21,408.29998779296875,6.3460001945495605,88.12999725341797,1129.300048828125,13.65999984741211,47.099998474121094,4.0370001792907715,1.8,2.25,2.49,,2.49
2004-09-22,407.20001220703125,6.35099983215332,88.51000213623047,1113.56005859375,14.739999771118164,48.349998474121094,3.989000082015991,1.73,2.27,2.5,,2.5
2004-09-23,410.8999938964844,6.446000099182129,88.44000244140625,1108.3599853515625,14.800000190734863,48.459999084472656,4.0279998779296875,1.76,2.26,2.57,,2.57
2004-09-24,408.1000061035156,6.40500020980835,88.4000015258789,1110.1099853515625,14.279999732971191,48.880001068115234,4.031000137329102,1.78,2.26,2.62,,2.62
2004-09-27,409.1000061035156,6.5289998054504395,88.29000091552734,1103.52001953125,14.619999885559082,49.63999938964844,3.996999979019165,1.72,2.29,2.59,,2.59
2004-09-28,412.5,6.5920000076293945,88.11000061035156,1110.06005859375,13.829999923706055,49.900001525878906,4.01200008392334,1.7,2.32,2.55,,2.55
2004-09-29,413.0,6.672999858856201,88.0999984741211,1114.800048828125,13.210000038146973,49.5099983215332,4.090000152587891,1.76,2.34,2.61,,2.61
2004-09-30,418.70001220703125,6.915999889373779,87.36000061035156,1114.5799560546875,13.34000015258789,49.63999938964844,4.11899995803833,1.77,2.37,2.63,,2.63
2004-10-01,419.5,6.918000221252441,87.62999725341797,1131.5,12.75,50.119998931884766,4.190999984741211,1.83,2.38,2.63,,2.63
2004-10-04,414.0,6.739999771118164,88.37999725341797,1135.1700439453125,13.40999984741211,49.90999984741211,4.172999858856201,1.86,2.33,2.65,,2.65
2004-10-05,418.20001220703125,7.078999996185303,88.16999816894531,1134.47998046875,13.949999809265137,51.09000015258789,4.172999858856201,1.84,2.34,2.65,,2.65
2004-10-06,418.3999938964844,7.2220001220703125,88.4800033569336,1142.050048828125,13.279999732971191,52.02000045776367,4.223999977111816,1.9,2.33,2.7,,2.7
2004-10-07,418.0,7.193999767303467,88.33999633789062,1130.6500244140625,14.5,52.66999816894531,4.24399995803833,1.89,2.37,2.72,,2.72
2004-10-08,423.1000061035156,7.2729997634887695,87.44999694824219,1122.1400146484375,15.050000190734863,53.310001373291016,4.132999897003174,1.78,2.37,2.61,,2.61
2004-10-11,422.0,7.230000019073486,87.54000091552734,1124.3900146484375,14.710000038146973,53.63999938964844,4.132999897003174,1.78,2.37,2.61,,2.61
2004-10-12,415.1000061035156,7.0329999923706055,88.0199966430664,1121.8399658203125,15.050000190734863,52.5099983215332,4.1020002365112305,1.75,2.37,2.56,,2.56
2004-10-13,413.20001220703125,6.877999782562256,87.87999725341797,1113.6500244140625,15.420000076293945,53.63999938964844,4.078000068664551,1.72,2.37,2.53,,2.53
2004-10-14,418.1000061035156,7.035999774932861,87.55000305175781,1103.2900390625,16.43000030517578,54.7599983215332,4.014999866485596,1.68,2.35,2.48,,2.48
2004-10-15,418.70001220703125,7.091000080108643,87.08999633789062,1108.199951171875,15.039999961853027,54.93000030517578,4.052999973297119,1.7,2.37,2.53,,2.53
2004-10-18,416.20001220703125,6.9679999351501465,87.0199966430664,1114.02001953125,14.710000038146973,53.66999816894531,4.052999973297119,1.71,2.36,2.55,,2.55
2004-10-19,420.29998779296875,7.176000118255615,86.83999633789062,1103.22998046875,15.130000114440918,53.290000915527344,4.038000106811523,1.7,2.37,2.57,,2.57
2004-10-20,423.5,7.333000183105469,86.3499984741211,1103.6600341796875,14.850000381469727,54.91999816894531,3.990999937057495,1.66,2.35,2.53,,2.53
2004-10-21,424.3999938964844,7.290999889373779,86.0199966430664,1106.489990234375,14.539999961853027,54.470001220703125,3.996999979019165,1.62,2.39,2.57,,2.57
2004-10-22,424.6000061035156,7.314000129699707,85.87000274658203,1095.739990234375,15.279999732971191,55.16999816894531,3.9839999675750732,1.64,2.36,2.55,,2.55
2004-10-25,429.0,7.361000061035156,84.97000122070312,1094.800048828125,16.579999923706055,54.540000915527344,3.9709999561309814,1.63,2.36,2.54,,2.54
2004-10-26,426.79998779296875,7.321000099182129,85.20999908447266,1111.0899658203125,16.389999389648438,55.16999816894531,3.989000082015991,1.63,2.38,2.54,,2.54
2004-10-27,424.79998779296875,7.186999797821045,85.44000244140625,1125.4000244140625,15.720000267028809,52.459999084472656,4.0879998207092285,1.73,2.38,2.63,,2.63
2004-10-28,425.1000061035156,7.186999797821045,85.27999877929688,1127.43994140625,15.390000343322754,50.91999816894531,4.079999923706055,1.68,2.41,2.59,,2.59
2004-10-29,428.5,7.291999816894531,84.91000366210938,1130.199951171875,16.270000457763672,51.7599983215332,4.0289998054504395,1.63,2.42,2.56,,2.56
2004-11-01,427.29998779296875,7.316999912261963,85.19999694824219,1130.510009765625,16.270000457763672,50.130001068115234,4.090000152587891,1.67,2.44,2.61,,2.61
2004-11-02,420.0,7.006999969482422,85.47000122070312,1130.56005859375,16.18000030517578,49.619998931884766,4.074999809265137,1.61,2.49,2.6,,2.6
2004-11-03,424.6000061035156,7.144999980926514,84.69999694824219,1143.199951171875,14.039999961853027,50.880001068115234,4.070000171661377,1.61,2.48,2.6,,2.6
2004-11-04,430.1000061035156,7.370999813079834,84.54000091552734,1161.6700439453125,13.970000267028809,48.81999969482422,4.067999839782715,1.65,2.45,2.63,,2.63
2004-11-05,433.6000061035156,7.493000030517578,84.01000213623047,1166.1700439453125,13.84000015258789,49.61000061035156,4.185999870300293,1.71,2.5,2.8,,2.8
2004-11-08,432.70001220703125,7.4770002365112305,84.08999633789062,1164.8900146484375,13.800000190734863,49.09000015258789,4.215000152587891,1.72,2.5,2.8,,2.8
2004-11-09,435.70001220703125,7.525000095367432,84.29000091552734,1164.0799560546875,13.609999656677246,47.369998931884766,4.2179999351501465,1.74,2.48,2.8,,2.8
2004-11-10,434.0,7.4120001792907715,84.43000030517578,1162.9100341796875,13.079999923706055,48.86000061035156,4.252999782562256,1.75,2.5,2.82,,2.82
2004-11-11,434.8999938964844,7.46999979019165,84.37000274658203,1173.47998046875,13.039999961853027,47.41999816894531,4.252999782562256,1.75,2.5,2.82,,2.82
2004-11-12,437.8999938964844,7.614999771118164,83.69000244140625,1184.1700439453125,13.329999923706055,47.31999969482422,4.197999954223633,1.71,2.49,2.86,,2.86
2004-11-15,437.0,7.566999912261963,84.0,1183.81005859375,13.380000114440918,46.869998931884766,4.190000057220459,1.67,2.53,2.89,,2.89
2004-11-16,440.20001220703125,7.589000225067139,83.80000305175781,1175.4300537109375,13.210000038146973,46.11000061035156,4.208000183105469,1.68,2.53,2.91,,2.91
2004-11-17,444.79998779296875,7.6620001792907715,83.29000091552734,1181.93994140625,13.210000038146973,46.84000015258789,4.144000053405762,1.63,2.51,2.85,,2.85
2004-11-18,442.6000061035156,7.548999786376953,83.69000244140625,1183.550048828125,12.979999542236328,46.220001220703125,4.117000102996826,1.64,2.48,2.86,265924966.40014648,2.86
2004-11-19,446.79998779296875,7.5970001220703125,83.30999755859375,1170.3399658203125,13.5,48.439998626708984,4.196000099182129,1.67,2.53,2.95,521924319.77233887,2.95
2004-11-22,448.79998779296875,7.568999767303467,83.19000244140625,1177.239990234375,12.970000267028809,48.63999938964844,4.164999961853027,1.62,2.56,2.95,539220209.1522217,2.95
2004-11-23,447.79998779296875,7.552999973297119,82.97000122070312,1176.93994140625,12.670000076293945,48.939998626708984,4.184000015258789,1.65,2.54,2.98,141821700.0,2.98
2004-11-24,449.29998779296875,7.611999988555908,82.41000366210938,1181.760009765625,12.720000267028809,49.439998626708984,4.195000171661377,1.64,2.56,3.01,275034750.34217834,3.01
2004-11-25,449.29998779296875,7.611999988555908,82.18000030517578,1181.760009765625,12.720000267028809,49.439998626708984,4.195000171661377,1.64,2.56,3.01,275034750.34217834,3.01
2004-11-26,449.29998779296875,7.611999988555908,81.77999877929688,1182.6500244140625,12.779999732971191,49.439998626708984,4.23799991607666,1.66,2.58,3.03,140294835.83602905,3.03
2004-11-29,453.70001220703125,7.769999980926514,81.93000030517578,1178.5699462890625,13.300000190734863,49.7599983215332,4.329999923706055,1.74,2.6,3.07,170658605.7357788,3.07
2004-11-30,451.29998779296875,7.7230000495910645,81.81999969482422,1173.8199462890625,13.239999771118164,49.130001068115234,4.357999801635742,1.75,2.61,3.02,174036859.88006592,3.02
2004-12-01,454.0,8.026000022888184,81.55999755859375,1191.3699951171875,12.970000267028809,45.4900016784668,4.375,1.79,2.59,3.01,92461752.17628479,3.01
2004-12-02,450.3999938964844,7.9079999923706055,81.94999694824219,1190.3299560546875,12.979999542236328,43.25,4.396999835968018,1.83,2.57,3.04,290278114.9269104,3.04
2004-12-03,456.0,7.995999813079834,80.9800033569336,1191.1700439453125,12.960000038146973,42.540000915527344,4.269999980926514,1.73,2.54,2.94,192354473.563385,2.94
2004-12-06,454.20001220703125,7.915999889373779,81.27999877929688,1190.25,13.1899995803833,42.97999954223633,4.239999771118164,1.7,2.54,2.93,140135402.31933594,2.93
2004-12-07,452.0,7.8379998207092285,81.23999786376953,1177.0699462890625,13.670000076293945,41.459999084472656,4.2270002365112305,1.69,2.54,2.95,171296205.317688,2.95
2004-12-08,437.20001220703125,7.1020002365112305,81.9000015258789,1182.81005859375,13.1899995803833,41.939998626708984,4.133999824523926,1.62,2.52,2.91,270599875.67977905,2.91
2004-12-09,435.79998779296875,6.760000228881836,82.02999877929688,1189.239990234375,12.880000114440918,42.529998779296875,4.160999774932861,1.64,2.55,2.93,155567847.66235352,2.93
2004-12-10,433.8999938964844,6.705999851226807,82.55000305175781,1188.0,12.760000228881836,40.709999084472656,4.156000137329102,1.66,2.5,2.95,107049188.61579895,2.95
2004-12-13,438.8999938964844,6.793000221252441,82.0999984741211,1198.6800537109375,12.539999961853027,41.0099983215332,4.151000022888184,1.65,2.51,2.98,63454340.77949524,2.98
2004-12-14,435.8999938964844,6.7179999351501465,82.31999969482422,1203.3800048828125,12.729999542236328,41.81999969482422,4.131999969482422,1.62,2.52,2.99,97578128.29055786,2.99
2004-12-15,440.79998779296875,6.8429999351501465,81.62999725341797,1205.719970703125,12.350000381469727,44.189998626708984,4.076000213623047,1.57,2.52,2.97,116195190.4335022,2.97
2004-12-16,436.8999938964844,6.690000057220459,82.5,1203.2099609375,12.270000457763672,44.18000030517578,4.184999942779541,1.64,2.55,3.01,142824864.99786377,3.01
2004-12-17,441.6000061035156,6.765999794006348,82.16000366210938,1194.199951171875,11.949999809265137,46.279998779296875,4.206999778747559,1.64,2.57,3.03,83488164.40544128,3.03
2004-12-20,442.3999938964844,6.829999923706055,81.66999816894531,1194.6500244140625,11.829999923706055,45.63999938964844,4.198999881744385,1.62,2.59,3.06,86112714.29634094,3.06
2004-12-21,441.79998779296875,6.894999980926514,81.94000244140625,1205.449951171875,11.550000190734863,45.7599983215332,4.168000221252441,1.59,2.59,3.05,60731749.67651367,3.05
2004-12-22,440.29998779296875,6.802999973297119,81.93000030517578,1209.5699462890625,11.449999809265137,44.2400016784668,4.201000213623047,1.63,2.58,3.04,119109317.23861694,3.04
2004-12-23,441.8999938964844,6.882999897003174,81.33999633789062,1210.1300048828125,11.229999542236328,44.18000030517578,4.2179999351501465,1.62,2.61,3.02,28323946.292877197,3.02
2004-12-24,441.8999938964844,6.882999897003174,81.22000122070312,1210.1300048828125,11.229999542236328,44.18000030517578,4.2179999351501465,1.62,2.61,3.02,28323946.292877197,3.02
2004-12-27,445.20001220703125,6.9730000495910645,80.72000122070312,1204.9200439453125,12.140000343322754,41.31999969482422,4.290999889373779,1.67,2.63,3.07,117582878.78990173,3.07
2004-12-28,444.29998779296875,7.026000022888184,80.72000122070312,1213.5400390625,12.0,41.77000045776367,4.290999889373779,1.69,2.62,3.08,34306883.1741333,3.08
2004-12-29,436.0,6.796999931335449,80.97000122070312,1213.449951171875,11.619999885559082,43.63999938964844,4.322000026702881,1.73,2.6,3.12,245901851.14059448,3.12
2004-12-30,437.5,6.807000160217285,80.52999877929688,1213.550048828125,12.5600004196167,43.45000076293945,4.263000011444092,1.7,2.57,3.1,56523170.361328125,3.1
2004-12-31,437.5,6.807000160217285,80.8499984741211,1211.9200439453125,13.289999961853027,43.45000076293945,4.216000080108643,1.68,2.56,3.08,23284079.594421387,3.08
2005-01-03,428.70001220703125,6.4770002365112305,81.30000305175781,1202.0799560546875,14.079999923706055,42.119998931884766,4.21999979019165,1.7,2.53,3.1,204362210.17456055,3.1
2005-01-04,428.5,6.427000045776367,82.56999969482422,1188.050048828125,13.979999542236328,43.90999984741211,4.2829999923706055,1.78,2.51,3.2,147743637.80212402,3.2
2005-01-05,426.6000061035156,6.51200008392334,82.54000091552734,1183.739990234375,14.09000015258789,43.38999938964844,4.2769999504089355,1.79,2.5,3.22,86773708.27636719,3.22
2005-01-06,421.0,6.433000087738037,83.1500015258789,1187.8900146484375,13.579999923706055,45.560001373291016,4.271999835968018,1.76,2.53,3.18,107752263.90075684,3.18
2005-01-07,418.8999938964844,6.428999900817871,83.61000061035156,1186.18994140625,13.489999771118164,45.43000030517578,4.284999847412109,1.8,2.49,3.2,187974568.68553162,3.2
2005-01-10,419.1000061035156,6.431000232696533,83.29000091552734,1190.25,13.229999542236328,45.33000183105469,4.2779998779296875,1.77,2.52,3.23,43032310.78262329,3.23
2005-01-11,421.8999938964844,6.623000144958496,83.0199966430664,1182.989990234375,13.1899995803833,45.68000030517578,4.24399995803833,1.76,2.5,3.24,63623131.620025635,3.24
2005-01-12,426.1000061035156,6.728000164031982,82.13999938964844,1187.699951171875,12.5600004196167,46.369998931884766,4.236000061035156,1.73,2.52,3.22,74038797.34802246,3.22
2005-01-13,424.5,6.730000019073486,82.51000213623047,1177.449951171875,12.84000015258789,48.040000915527344,4.186999797821045,1.7,2.5,3.21,30599578.90396118,3.21
2005-01-14,422.70001220703125,6.579999923706055,83.05999755859375,1184.52001953125,12.430000305175781,48.380001068115234,4.216000080108643,1.72,2.51,3.24,53420535.61477661,3.24
2005-01-17,422.70001220703125,6.579999923706055,83.05999755859375,1184.52001953125,12.430000305175781,48.380001068115234,4.216000080108643,1.72,2.51,3.24,53420535.61477661,3.24
2005-01-18,423.20001220703125,6.639999866485596,83.36000061035156,1195.97998046875,12.470000267028809,48.380001068115234,4.195000171661377,1.71,2.5,3.26,28218975.79650879,3.26
2005-01-19,423.0,6.610000133514404,83.5999984741211,1184.6300048828125,13.180000305175781,47.54999923706055,4.186999797821045,1.7,2.5,3.26,66724311.349868774,3.26
2005-01-20,422.3999938964844,6.543000221252441,83.83999633789062,1175.4100341796875,13.829999923706055,46.90999984741211,4.164999961853027,1.7,2.47,3.21,53919450.0,3.21
2005-01-21,426.70001220703125,6.796999931335449,83.26000213623047,1167.8699951171875,14.359999656677246,48.529998779296875,4.142000198364258,1.69,2.47,3.16,38030053.493499756,3.16
2005-01-24,426.8999938964844,6.84499979019165,83.23999786376953,1163.75,14.649999618530273,48.810001373291016,4.122000217437744,1.68,2.46,3.2,98152874.05052185,3.2
2005-01-25,422.0,6.670000076293945,83.98999786376953,1168.4100341796875,14.0600004196167,49.63999938964844,4.189000129699707,1.74,2.46,3.23,56284802.23655701,3.23
2005-01-26,426.8999938964844,6.793000221252441,83.30000305175781,1174.0699462890625,13.4399995803833,48.779998779296875,4.191999912261963,1.72,2.49,3.27,23129441.255950928,3.27
2005-01-27,426.29998779296875,6.808000087738037,83.43000030517578,1174.550048828125,13.239999771118164,48.84000015258789,4.206999778747559,1.72,2.5,3.28,24344543.389892578,3.28
2005-01-28,425.79998779296875,6.784999847412109,83.4800033569336,1171.3599853515625,13.239999771118164,47.18000030517578,4.138000011444092,1.65,2.51,3.25,49055077.421951294,3.25
2005-01-31,421.79998779296875,6.736999988555908,83.5999984741211,1181.27001953125,12.819999694824219,48.20000076293945,4.132999897003174,1.65,2.49,3.29,71453130.06591797,3.29
2005-02-01,420.79998779296875,6.71999979019165,83.44999694824219,1189.4100341796875,12.029999732971191,47.119998931884766,4.136000156402588,1.67,2.48,3.29,45842688.33847046,3.29
2005-02-02,421.1000061035156,6.739999771118164,83.5199966430664,1193.18994140625,11.65999984741211,46.689998626708984,4.139999866485596,1.7,2.45,3.32,40326039.85404968,3.32
2005-02-03,416.6000061035156,6.666999816894531,83.97000122070312,1189.8900146484375,11.789999961853027,46.45000076293945,4.163000106811523,1.73,2.45,3.34,101965952.74658203,3.34
2005-02-04,414.0,6.625,84.38999938964844,1203.030029296875,11.210000038146973,46.47999954223633,4.072999954223633,1.65,2.44,3.29,75450520.22094727,3.29
2005-02-07,413.6000061035156,6.545000076293945,85.04000091552734,1201.719970703125,11.729999542236328,45.279998779296875,4.052000045776367,1.62,2.45,3.31,72387580.80291748,3.31
2005-02-08,412.6000061035156,6.546999931335449,85.0999984741211,1202.300048828125,11.600000381469727,45.400001525878906,4.0370001792907715,1.57,2.48,3.33,53505965.82336426,3.33
2005-02-09,412.8999938964844,6.580999851226807,85.0199966430664,1191.989990234375,12.0,45.459999084472656,3.9769999980926514,1.49,2.51,3.24,143672053.77616882,3.24
2005-02-10,417.20001220703125,6.955999851226807,84.54000091552734,1197.010009765625,11.510000228881836,47.099998474121094,4.072999954223633,1.57,2.5,3.29,324585375.0,3.29
2005-02-11,420.5,7.201000213623047,84.56999969482422,1205.300048828125,11.430000305175781,47.15999984741211,4.09499979019165,1.57,2.53,3.34,79804723.47259521,3.34
2005-02-14,425.79998779296875,7.333000183105469,83.95999908447266,1206.1400146484375,11.520000457763672,47.439998626708984,4.072999954223633,1.54,2.54,3.38,100069088.205719,3.38
2005-02-15,425.8999938964844,7.353000164031982,83.58999633789062,1210.1199951171875,11.270000457763672,47.2599983215332,4.0980000495910645,1.61,2.49,3.37,66420544.85626221,3.37
2005-02-16,425.5,7.248000144958496,83.66999816894531,1210.3399658203125,11.100000381469727,48.33000183105469,4.1579999923706055,1.65,2.51,3.41,77403408.83331299,3.41
2005-02-17,427.29998779296875,7.364999771118164,83.47000122070312,1200.75,11.770000457763672,47.540000915527344,4.184999942779541,1.65,2.54,3.38,130505964.6018982,3.38
2005-02-18,427.1000061035156,7.413000106811523,83.48999786376953,1201.5899658203125,11.180000305175781,48.349998474121094,4.260000228881836,1.67,2.6,3.45,36901800.0,3.45
2005-02-21,427.1000061035156,7.413000106811523,83.55000305175781,1201.5899658203125,11.180000305175781,48.349998474121094,4.260000228881836,1.67,2.6,3.45,36901800.0,3.45
2005-02-22,434.5,7.517000198364258,82.41000366210938,1184.1600341796875,13.140000343322754,51.150001525878906,4.284999847412109,1.67,2.62,3.46,147196886.96899414,3.46
2005-02-23,434.8999938964844,7.440999984741211,82.68000030517578,1190.800048828125,12.390000343322754,51.16999816894531,4.26800012588501,1.64,2.63,3.46,66645355.18951416,3.46
2005-02-24,434.5,7.38100004196167,82.87999725341797,1200.199951171875,11.569999694824219,51.38999938964844,4.281000137329102,1.65,2.64,3.52,52832271.23260498,3.52
2005-02-25,434.8999938964844,7.290999889373779,82.66000366210938,1211.3699951171875,11.489999771118164,51.4900016784668,4.271999835968018,1.64,2.63,3.54,47854350.0,3.54
2005-02-28,436.5,7.359000205993652,82.51000213623047,1203.5999755859375,12.079999923706055,51.75,4.359000205993652,1.7,2.66,3.59,32878208.07800293,3.59
2005-03-01,432.8999938964844,7.229000091552734,82.7699966430664,1210.4100341796875,12.039999961853027,51.68000030517578,4.372000217437744,1.69,2.69,3.59,140274835.96191406,3.59
2005-03-02,432.79998779296875,7.307000160217285,83.08000183105469,1210.0799560546875,12.5,53.04999923706055,4.379000186920166,1.69,2.69,3.57,51381000.0,3.57
2005-03-03,429.8999938964844,7.229000091552734,83.27999877929688,1210.469970703125,12.930000305175781,53.56999969482422,4.382999897003174,1.69,2.7,3.59,82700064.34936523,3.59
2005-03-04,434.20001220703125,7.348999977111816,82.54000091552734,1222.1199951171875,11.9399995803833,53.779998779296875,4.309999942779541,1.65,2.67,3.57,39692700.97732544,3.57
2005-03-07,435.0,7.359000205993652,82.79000091552734,1225.31005859375,12.260000228881836,53.88999938964844,4.303999900817871,1.63,2.68,3.61,56080648.5748291,3.61
2005-03-08,440.29998779296875,7.501999855041504,81.9800033569336,1219.4300537109375,12.399999618530273,54.59000015258789,4.375,1.67,2.71,3.62,117775843.73474121,3.62
2005-03-09,442.1000061035156,7.604000091552734,81.62999725341797,1207.010009765625,12.699999809265137,54.77000045776367,4.513999938964844,1.77,2.75,3.66,133160501.3847351,3.66
2005-03-10,442.79998779296875,7.492000102996826,81.56999969482422,1209.25,12.489999771118164,53.540000915527344,4.459000110626221,1.76,2.72,3.68,91273001.57546997,3.68
2005-03-11,446.20001220703125,7.534999847412109,81.41999816894531,1200.0799560546875,12.800000190734863,54.43000030517578,4.534999847412109,1.82,2.74,3.73,118166028.81164551,3.73
2005-03-14,441.1000061035156,7.380000114440918,81.97000122070312,1206.8299560546875,12.390000343322754,54.95000076293945,4.515999794006348,1.82,2.7,3.75,38156396.94213867,3.75
2005-03-15,440.8999938964844,7.376999855041504,82.12000274658203,1197.75,13.149999618530273,55.04999923706055,4.541999816894531,1.82,2.72,3.75,55290895.723342896,3.75
2005-03-16,443.70001220703125,7.425000190734863,81.62000274658203,1188.0699462890625,13.489999771118164,56.459999084472656,4.51800012588501,1.79,2.73,3.72,98514426.05323792,3.72
2005-03-17,438.70001220703125,7.385000228881836,81.83999633789062,1190.2099609375,13.289999961853027,56.400001525878906,4.46999979019165,1.73,2.74,3.7,66834263.5345459,3.7
2005-03-18,439.29998779296875,7.376999855041504,82.12999725341797,1189.6500244140625,13.140000343322754,56.720001220703125,4.511000156402588,1.77,2.74,3.72,52997174.26300049,3.72
2005-03-21,431.1000061035156,7.0970001220703125,82.87999725341797,1183.780029296875,13.609999656677246,56.619998931884766,4.525000095367432,1.8,2.73,3.72,164362496.58203125,3.72
2005-03-22,431.29998779296875,7.070000171661377,83.36000061035156,1171.7099609375,14.270000457763672,56.029998779296875,4.610000133514404,1.87,2.76,3.86,111290913.98162842,3.86
2005-03-23,425.20001220703125,6.9770002365112305,84.0,1172.530029296875,14.0600004196167,53.810001373291016,4.60699987411499,1.92,2.69,3.84,111081007.2052002,3.84
2005-03-24,424.70001220703125,6.933000087738037,84.12999725341797,1171.4200439453125,13.420000076293945,54.84000015258789,4.591000080108643,1.9,2.7,3.88,62156456.105041504,3.88
2005-03-28,425.8999938964844,6.909999847412109,84.62000274658203,1174.280029296875,13.75,54.04999923706055,4.624000072479248,1.94,2.7,3.9,24719994.53201294,3.9
2005-03-29,426.0,7.01200008392334,84.31999969482422,1165.3599853515625,14.489999771118164,54.22999954223633,4.591000080108643,1.91,2.69,3.87,50978369.64492798,3.87
2005-03-30,426.0,7.01200008392334,84.29000091552734,1181.4100341796875,13.640000343322754,53.9900016784668,4.558000087738037,1.89,2.67,3.86,56428423.808288574,3.86
2005-03-31,428.70001220703125,7.190999984741211,84.05999755859375,1180.5899658203125,14.020000457763672,55.400001525878906,4.495999813079834,1.79,2.71,3.8,58372223.583984375,3.8
2005-04-01,425.8999938964844,6.989999771118164,84.43000030517578,1172.9200439453125,14.09000015258789,57.27000045776367,4.451000213623047,1.77,2.69,3.75,104355067.38471985,3.75
2005-04-04,423.8999938964844,7.019999980926514,84.77999877929688,1176.1199951171875,14.109999656677246,57.0099983215332,4.455999851226807,1.79,2.68,3.74,80267442.88864136,3.74
2005-04-05,424.5,7.039000034332275,84.66000366210938,1181.3900146484375,13.680000305175781,56.040000915527344,4.46999979019165,1.81,2.67,3.75,37695600.677490234,3.75
2005-04-06,427.1000061035156,7.116000175476074,84.68000030517578,1184.0699462890625,13.149999618530273,55.849998474121094,4.435999870300293,1.8,2.64,3.7,69806626.7490387,3.7
2005-04-07,426.5,7.071000099182129,84.87000274658203,1191.1400146484375,12.329999923706055,54.11000061035156,4.4720001220703125,1.85,2.64,3.72,121452209.1293335,3.72
2005-04-08,426.8999938964844,7.160999774932861,84.47000122070312,1181.199951171875,12.619999885559082,53.31999969482422,4.491000175476074,1.84,2.66,3.77,42779647.62382507,3.77
2005-04-11,428.6000061035156,7.250999927520752,84.16000366210938,1181.2099609375,11.979999542236328,53.709999084472656,4.445000171661377,1.82,2.63,3.75,21993197.372436523,3.75
2005-04-12,427.6000061035156,7.151000022888184,84.41999816894531,1187.760009765625,11.300000190734863,51.86000061035156,4.360000133514404,1.73,2.65,3.71,89908308.3202362,3.71
2005-04-13,429.29998779296875,7.2210001945495605,84.41999816894531,1173.7900390625,13.3100004196167,50.220001220703125,4.374000072479248,1.74,2.64,3.66,16473600.5859375,3.66
2005-04-14,424.0,7.056000232696533,85.0,1162.050048828125,14.529999732971191,51.130001068115234,4.357999801635742,1.72,2.65,3.6,155692343.05343628,3.6
2005-04-15,424.8999938964844,7.01800012588501,84.55999755859375,1142.6199951171875,17.739999771118164,50.4900016784668,4.270999908447266,1.67,2.6,3.54,76790642.76351929,3.54
2005-04-18,427.5,7.040999889373779,84.0,1145.97998046875,16.559999465942383,50.369998931884766,4.249000072479248,1.66,2.61,3.55,38839360.750579834,3.55
2005-04-19,432.8999938964844,7.245999813079834,83.76000213623047,1152.780029296875,14.960000038146973,52.290000915527344,4.203000068664551,1.62,2.59,3.5,136132908.1604004,3.5
2005-04-20,435.29998779296875,7.333000183105469,83.5199966430664,1137.5,16.920000076293945,52.439998626708984,4.210999965667725,1.6,2.62,3.52,54167541.90444946,3.52
2005-04-21,433.0,7.2129998207092285,83.69999694824219,1159.949951171875,14.40999984741211,54.20000076293945,4.300000190734863,1.66,2.66,3.65,66970411.87057495,3.65
2005-04-22,434.29998779296875,7.270999908447266,83.5,1152.1199951171875,15.380000114440918,55.38999938964844,4.255000114440918,1.61,2.65,3.62,50722909.28649902,3.62
2005-04-25,434.6000061035156,7.25600004196167,83.81999969482422,1162.0999755859375,14.619999885559082,54.56999969482422,4.250999927520752,1.63,2.63,3.64,39369670.75538635,3.64
2005-04-26,437.8999938964844,7.250999927520752,83.95999908447266,1151.8299560546875,14.90999984741211,54.20000076293945,4.267000198364258,1.66,2.62,3.67,66830295.06530762,3.67
2005-04-27,433.0,7.133999824523926,84.12000274658203,1156.3800048828125,14.869999885559082,51.61000061035156,4.236999988555908,1.65,2.6,3.64,119340002.10762024,3.64
2005-04-28,433.0,7.133999824523926,84.3499984741211,1143.219970703125,16.860000610351562,51.77000045776367,4.172999858856201,1.58,2.61,3.59,97192900.0,3.59
2005-04-29,435.0,6.9019999504089355,84.43000030517578,1156.8499755859375,15.3100004196167,49.720001220703125,4.201000213623047,1.61,2.6,3.66,161985939.2982483,3.66
2005-05-02,429.5,6.840000152587891,84.48999786376953,1162.1600341796875,15.119999885559082,50.91999816894531,4.193999767303467,1.61,2.6,3.64,73213313.82369995,3.64
2005-05-03,426.70001220703125,6.85099983215332,84.51000213623047,1161.1700439453125,14.529999732971191,49.5,4.185999870300293,1.64,2.57,3.68,54249609.870529175,3.68
2005-05-04,429.0,6.98199987411499,84.0,1175.6500244140625,13.850000381469727,50.130001068115234,4.185999870300293,1.63,2.57,3.63,26066040.927124023,3.63
2005-05-05,429.79998779296875,7.050000190734863,83.94000244140625,1172.6300048828125,13.979999542236328,50.83000183105469,4.1620001792907715,1.62,2.57,3.58,13701162.951278687,3.58
2005-05-06,426.1000061035156,6.952000141143799,84.61000061035156,1171.3499755859375,14.050000190734863,50.959999084472656,4.265999794006348,1.69,2.59,3.73,158289205.70411682,3.73
2005-05-09,426.20001220703125,7.066999912261963,84.63999938964844,1178.8399658203125,13.75,52.029998779296875,4.2779998779296875,1.69,2.6,3.76,25529999.542236328,3.76
2005-05-10,427.20001220703125,7.099999904632568,84.44999694824219,1166.219970703125,14.90999984741211,52.06999969482422,4.2220001220703125,1.65,2.58,3.69,19657039.71862793,3.69
2005-05-11,427.20001220703125,7.079999923706055,84.94000244140625,1171.1099853515625,14.449999809265137,50.45000076293945,4.202000141143799,1.64,2.57,3.68,32640772.94998169,3.68
2005-05-12,421.6000061035156,6.947999954223633,85.48999786376953,1159.3599853515625,16.1200008392334,48.540000915527344,4.184000015258789,1.66,2.52,3.66,79205991.71333313,3.66
2005-05-13,420.20001220703125,6.925000190734863,86.0999984741211,1154.050048828125,16.31999969482422,48.66999816894531,4.120999813079834,1.66,2.46,3.61,33669070.612335205,3.61
2005-05-16,418.8999938964844,6.934999942779541,86.12000274658203,1165.68994140625,15.680000305175781,48.61000061035156,4.125,1.66,2.47,3.61,36624060.93406677,3.61
2005-05-17,419.3999938964844,7.025000095367432,86.20999908447266,1173.800048828125,14.569999694824219,48.970001220703125,4.117000102996826,1.64,2.48,3.61,36870288.537597656,3.61
2005-05-18,421.5,7.184999942779541,85.81999969482422,1185.56005859375,13.630000114440918,47.25,4.067999839782715,1.65,2.42,3.56,92808553.31611633,3.56
2005-05-19,420.5,7.119999885559082,86.08999633789062,1191.0799560546875,13.319999694824219,46.91999816894531,4.107999801635742,1.69,2.42,3.64,25616195.720672607,3.64
2005-05-20,417.3999938964844,6.934999942779541,86.62999725341797,1189.280029296875,13.140000343322754,46.79999923706055,4.125,1.67,2.46,3.69,38851121.423339844,3.69
2005-05-23,416.6000061035156,6.949999809265137,86.4000015258789,1193.8599853515625,12.949999809265137,49.15999984741211,4.072000026702881,1.65,2.42,3.65,208179072.6573944,3.65
2005-05-24,417.5,6.98799991607666,86.37000274658203,1194.0699462890625,12.6899995803833,49.66999816894531,4.0370001792907715,1.62,2.42,3.61,70298357.22885132,3.61
2005-05-25,418.79998779296875,7.123000144958496,86.3499984741211,1190.010009765625,12.579999923706055,50.97999954223633,4.072000026702881,1.66,2.42,3.61,64274635.3603363,3.61
2005-05-26,418.0,7.1519999504089355,86.8499984741211,1197.6199951171875,12.239999771118164,51.0099983215332,4.080999851226807,1.69,2.39,3.64,14237134.531021118,3.64
2005-05-27,419.79998779296875,7.302000045776367,86.41999816894531,1198.780029296875,12.149999618530273,51.849998474121094,4.072999954223633,1.67,2.41,3.64,102756770.62072754,3.64
2005-05-31,416.29998779296875,7.443999767303467,87.76000213623047,1191.5,13.289999961853027,51.970001220703125,4.00600004196167,1.63,2.37,3.6,133234189.88113403,3.6
2005-06-01,415.29998779296875,7.507999897003174,88.11000061035156,1202.219970703125,12.359999656677246,54.599998474121094,3.9070000648498535,1.54,2.37,3.5,74251484.81750488,3.5
2005-06-02,422.70001220703125,7.526000022888184,87.75,1204.2900390625,11.84000015258789,53.630001068115234,3.890000104904175,1.55,2.34,3.52,242184451.222229,3.52
2005-06-03,423.70001220703125,7.489999771118164,88.04000091552734,1196.02001953125,12.149999618530273,55.029998779296875,3.9790000915527344,1.61,2.37,3.57,141299012.86468506,3.57
2005-06-06,426.5,7.520999908447266,87.5999984741211,1197.510009765625,12.279999732971191,54.4900016784668,3.9619998931884766,1.6,2.36,3.59,104959582.86895752,3.59
2005-06-07,424.79998779296875,7.428999900817871,87.48999786376953,1197.260009765625,12.390000343322754,53.7599983215332,3.9110000133514404,1.6,2.32,3.57,25894180.65261841,3.57
2005-06-08,424.70001220703125,7.458000183105469,87.87999725341797,1194.6700439453125,12.699999809265137,52.540000915527344,3.940000057220459,1.63,2.32,3.6,29278110.105514526,3.6
2005-06-09,424.20001220703125,7.257999897003174,88.06999969482422,1200.9300537109375,12.079999923706055,54.279998779296875,3.9649999141693115,1.64,2.34,3.64,29364969.318008423,3.64
2005-06-10,427.3999938964844,7.276000022888184,88.69000244140625,1198.1099853515625,11.960000038146973,53.540000915527344,4.046999931335449,1.74,2.31,3.71,71516358.20770264,3.71
2005-06-13,429.29998779296875,7.252999782562256,88.94999694824219,1200.8199462890625,11.649999618530273,55.619998931884766,4.085999965667725,1.76,2.33,3.71,99745845.1538086,3.71
2005-06-14,427.5,7.269000053405762,89.26000213623047,1203.9100341796875,11.789999961853027,55.0,4.126999855041504,1.79,2.34,3.71,35166298.74038696,3.71
2005-06-15,429.1000061035156,7.320000171661377,88.6500015258789,1206.5799560546875,11.460000038146973,55.56999969482422,4.114999771118164,1.79,2.33,3.72,98789239.87960815,3.72
2005-06-16,436.20001220703125,7.360000133514404,88.72000122070312,1210.9599609375,11.149999618530273,56.58000183105469,4.076000213623047,1.75,2.34,3.7,78627830.34362793,3.7
2005-06-17,438.29998779296875,7.329999923706055,87.7300033569336,1216.9599609375,11.479999542236328,58.470001220703125,4.078000068664551,1.72,2.37,3.72,79253896.94023132,3.72
2005-06-20,438.3999938964844,7.296999931335449,88.48999786376953,1216.0999755859375,11.470000267028809,59.369998931884766,4.103000164031982,1.74,2.37,3.72,62595341.78123474,3.72
2005-06-21,438.8999938964844,7.2870001792907715,88.18000030517578,1213.6099853515625,11.079999923706055,58.900001525878906,4.048999786376953,1.72,2.34,3.71,29466606.923675537,3.71
2005-06-22,438.1000061035156,7.252999782562256,88.55999755859375,1213.8800048828125,11.050000190734863,58.09000015258789,3.944999933242798,1.68,2.27,3.62,55021621.53625488,3.62
2005-06-23,441.70001220703125,7.269999980926514,89.12000274658203,1200.72998046875,12.130000114440918,59.41999816894531,3.9590001106262207,1.68,2.28,3.63,69401932.7217102,3.63
2005-06-24,440.5,7.2779998779296875,88.77999877929688,1191.5699462890625,12.180000305175781,59.84000015258789,3.9140000343322754,1.65,2.27,3.59,20786650.722503662,3.59
2005-06-27,440.29998779296875,7.239999771118164,88.44999694824219,1190.68994140625,12.520000457763672,60.540000915527344,3.9019999504089355,1.62,2.28,3.6,44638905.84487915,3.6
2005-06-28,436.3999938964844,7.0960001945495605,88.98999786376953,1201.5699462890625,11.579999923706055,58.20000076293945,3.9760000705718994,1.67,2.3,3.65,56293820.988464355,3.65
2005-06-29,436.3999938964844,7.0960001945495605,89.11000061035156,1199.8499755859375,11.770000457763672,57.2599983215332,3.990000009536743,1.69,2.3,3.65,52347275.28152466,3.65
2005-06-30,435.8999938964844,7.0279998779296875,89.11000061035156,1191.3299560546875,12.039999961853027,56.5,3.944999933242798,1.67,2.27,3.66,47240998.50654602,3.66
2005-07-01,427.79998779296875,6.85099983215332,90.12999725341797,1194.43994140625,11.399999618530273,58.75,4.048999786376953,1.75,2.31,3.76,74942771.33903503,3.76
2005-07-04,427.79998779296875,6.85099983215332,90.43000030517578,1194.43994140625,11.399999618530273,58.75,4.048999786376953,1.75,2.31,3.76,74942771.33903503,3.76
2005-07-05,422.8999938964844,6.829999923706055,90.44000244140625,1204.989990234375,11.680000305175781,59.59000015258789,4.098999977111816,1.8,2.31,3.79,109196552.84729004,3.79
2005-07-06,423.5,6.915999889373779,90.37999725341797,1194.93994140625,12.270000457763672,61.279998779296875,4.074999809265137,1.78,2.3,3.77,53006850.0,3.77
2005-07-07,423.29998779296875,6.948999881744385,90.27999877929688,1197.8699951171875,12.489999771118164,60.72999954223633,4.031000137329102,1.77,2.28,3.71,184062674.6520996,3.71
2005-07-08,422.8999938964844,6.99399995803833,90.25,1211.8599853515625,11.449999809265137,59.630001068115234,4.109000205993652,1.83,2.28,3.78,34830690.616607666,3.78
2005-07-11,425.5,7.068999767303467,89.45999908447266,1219.43994140625,11.279999732971191,58.91999816894531,4.1020002365112305,1.81,2.3,3.81,95838368.06259155,3.81
2005-07-12,426.29998779296875,7.047999858856201,88.41000366210938,1222.2099609375,10.949999809265137,60.619998931884766,4.140999794006348,1.83,2.32,3.82,54331887.22229004,3.82
2005-07-13,423.8999938964844,7.0329999923706055,89.30999755859375,1223.2900390625,10.84000015258789,60.0099983215332,4.163000106811523,1.87,2.3,3.84,41558053.50265503,3.84
2005-07-14,419.6000061035156,6.960999965667725,89.4000015258789,1226.5,10.8100004196167,57.79999923706055,4.179999828338623,1.94,2.25,3.86,68824942.50640869,3.86
2005-07-15,420.70001220703125,6.955999851226807,89.72000122070312,1227.9200439453125,10.329999923706055,58.09000015258789,4.175000190734863,1.95,2.23,3.86,46456839.15710449,3.86
2005-07-18,420.5,6.973999977111816,89.63999938964844,1221.1300048828125,10.770000457763672,57.31999969482422,4.2230000495910645,1.98,2.24,3.89,40178362.394714355,3.89
2005-07-19,419.70001220703125,6.953999996185303,89.8499984741211,1229.3499755859375,10.449999809265137,57.459999084472656,4.189000129699707,1.92,2.28,3.88,47444613.30871582,3.88
2005-07-20,421.70001220703125,7.038000106811523,89.33999633789062,1235.199951171875,10.229999542236328,56.720001220703125,4.177000045776367,1.9,2.27,3.9,95658961.72943115,3.9
2005-07-21,425.3999938964844,7.105999946594238,88.93000030517578,1227.0400390625,10.970000267028809,57.130001068115234,4.2820000648498535,1.95,2.33,3.96,75464156.37283325,3.96
2005-07-22,424.70001220703125,7.085999965667725,89.63999938964844,1233.6800537109375,10.520000457763672,58.650001525878906,4.2230000495910645,1.89,2.34,3.92,26883585.483169556,3.92
2005-07-25,425.70001220703125,7.11299991607666,89.5999984741211,1229.030029296875,11.100000381469727,59.0,4.247000217437744,1.94,2.31,3.95,90210467.43812561,3.95
2005-07-26,423.3999938964844,6.993000030517578,90.0,1231.1600341796875,10.989999771118164,59.20000076293945,4.238999843597412,1.92,2.32,3.95,26913250.0,3.95
2005-07-27,424.70001220703125,7.014999866485596,89.7300033569336,1236.7900390625,10.359999656677246,59.11000061035156,4.261000156402588,1.92,2.35,3.99,66231861.85684204,3.99
2005-07-28,427.29998779296875,7.173999786376953,89.33999633789062,1243.719970703125,10.520000457763672,59.939998626708984,4.196000099182129,1.86,2.34,3.96,157033575.0,3.96
2005-07-29,429.8999938964844,7.23799991607666,89.3499984741211,1234.1800537109375,11.569999694824219,60.56999969482422,4.285999774932861,1.92,2.36,4.02,50745981.63833618,4.02
2005-08-01,431.8999938964844,7.281000137329102,88.80000305175781,1235.3499755859375,12.079999923706055,61.56999969482422,4.318999767303467,1.95,2.37,4.04,64431908.59565735,4.04
2005-08-02,431.8999938964844,7.23799991607666,88.76000213623047,1244.1199951171875,11.75,61.88999938964844,4.335999965667725,1.99,2.35,4.06,30180743.572998047,4.06
2005-08-03,436.8999938964844,7.283999919891357,87.98999786376953,1245.0400390625,11.829999923706055,60.86000061035156,4.300000190734863,1.93,2.37,4.02,67293025.11291504,4.02
2005-08-04,437.8999938964844,7.230000019073486,87.80000305175781,1235.8599853515625,12.520000457763672,61.380001068115234,4.318999767303467,1.94,2.38,4.04,37896768.26477051,4.04
2005-08-05,437.20001220703125,7.13700008392334,88.05999755859375,1226.4200439453125,12.479999542236328,62.310001373291016,4.392000198364258,2.0,2.4,4.11,47986158.320617676,4.11
2005-08-08,434.70001220703125,6.995999813079834,87.91999816894531,1223.1300048828125,13.210000038146973,63.939998626708984,4.419000148773193,2.02,2.4,4.16,48053473.30856323,4.16
2005-08-09,434.20001220703125,7.015999794006348,87.88999938964844,1231.3800048828125,12.399999618530273,63.06999969482422,4.394000053405762,2.02,2.39,4.13,56593372.19924927,4.13
2005-08-10,436.5,7.060999870300293,87.61000061035156,1229.1300048828125,12.380000114440918,64.9000015258789,4.4039998054504395,2.01,2.39,4.13,30358576.06124878,4.13
2005-08-11,445.5,7.169000148773193,87.0999984741211,1237.81005859375,12.420000076293945,65.80000305175781,4.334000110626221,1.97,2.35,4.1,97172146.66786194,4.1
2005-08-12,445.8999938964844,7.076000213623047,86.9800033569336,1230.3900146484375,12.739999771118164,66.86000061035156,4.23799991607666,1.91,2.33,4.05,108043969.07615662,4.05
2005-08-15,442.20001220703125,6.953000068664551,87.31999969482422,1233.8699951171875,12.260000228881836,66.2699966430664,4.269999980926514,1.92,2.35,4.08,67276186.62834167,4.08
2005-08-16,446.1000061035156,7.0329999923706055,87.43000030517578,1219.3399658203125,13.520000457763672,66.08000183105469,4.2270002365112305,1.87,2.36,4.03,83869828.56369019,4.03
2005-08-17,439.8999938964844,6.985000133514404,88.0,1220.239990234375,13.300000190734863,63.25,4.2729997634887695,1.91,2.37,4.07,87394072.69630432,4.07
2005-08-18,439.5,6.989999771118164,88.58999633789062,1219.02001953125,13.420000076293945,63.27000045776367,4.216000080108643,1.86,2.35,4.01,47928107.0022583,4.01
2005-08-19,437.20001220703125,7.0,88.58000183105469,1219.7099609375,13.420000076293945,65.3499984741211,4.210999965667725,1.85,2.36,4.03,35394478.761291504,4.03
2005-08-22,438.1000061035156,7.053999900817871,88.13999938964844,1221.72998046875,13.420000076293945,65.44999694824219,4.218999862670898,1.86,2.36,4.03,38333640.66925049,4.03
2005-08-23,439.3999938964844,6.961999893188477,88.08000183105469,1217.5899658203125,13.34000015258789,65.70999908447266,4.186999797821045,1.85,2.35,4.01,26592950.979995728,4.01
2005-08-24,437.29998779296875,6.918000221252441,87.91000366210938,1209.5899658203125,14.170000076293945,67.31999969482422,4.178999900817871,1.83,2.36,3.99,38982537.13645935,3.99
2005-08-25,438.3999938964844,6.828000068664551,87.63999938964844,1212.3699951171875,13.729999542236328,67.48999786376953,4.159999847412109,1.8,2.38,4.0,72268197.24349976,4.0
2005-08-26,437.3999938964844,6.739999771118164,87.86000061035156,1205.0999755859375,13.720000267028809,66.12999725341797,4.189000129699707,1.81,2.39,4.06,56767137.79449463,4.06
2005-08-29,437.0,6.730000019073486,88.25,1212.280029296875,13.520000457763672,67.19999694824219,4.172999858856201,1.79,2.41,4.06,69080234.5161438,4.06
2005-08-30,431.20001220703125,6.690999984741211,88.3499984741211,1208.4100341796875,13.649999618530273,69.80999755859375,4.090000152587891,1.71,2.45,3.97,94639200.30670166,3.97
2005-08-31,433.79998779296875,6.781000137329102,87.58000183105469,1220.3299560546875,12.600000381469727,68.94000244140625,4.019999980926514,1.65,2.37,3.84,104876103.68728638,3.84
2005-09-01,442.29998779296875,6.966000080108643,86.55000305175781,1221.5899658203125,13.149999618530273,69.47000122070312,4.019000053405762,1.61,2.41,3.72,110678241.05529785,3.72
2005-09-02,444.20001220703125,7.0,86.30000305175781,1218.02001953125,13.569999694824219,67.56999969482422,4.0289998054504395,1.59,2.44,3.75,62609325.0,3.75
2005-09-06,444.3999938964844,7.031000137329102,86.56999969482422,1233.3900146484375,12.930000305175781,65.95999908447266,4.085000038146973,1.65,2.44,3.8,36288119.37522888,3.8
2005-09-07,444.8999938964844,7.051000118255615,86.97000122070312,1236.3599853515625,12.520000457763672,64.37000274658203,4.138000011444092,1.69,2.46,3.87,57660033.38165283,3.87
2005-09-08,446.70001220703125,6.966000080108643,87.04000091552734,1231.6700439453125,12.930000305175781,64.48999786376953,4.138999938964844,1.68,2.47,3.87,47329518.380737305,3.87
2005-09-09,449.0,7.002999782562256,86.88999938964844,1241.47998046875,11.979999542236328,64.08000183105469,4.123000144958496,1.64,2.5,3.88,62502476.21269226,3.88
2005-09-12,449.70001220703125,6.998000144958496,87.70999908447266,1240.56005859375,11.649999618530273,63.33000183105469,4.169000148773193,1.69,2.49,3.92,33779724.54071045,3.92
2005-09-13,446.1000061035156,6.942999839782715,87.75,1231.199951171875,12.390000343322754,63.11000061035156,4.133999824523926,1.67,2.47,3.88,42452313.30833435,3.88
2005-09-14,449.79998779296875,6.986000061035156,87.66999816894531,1227.1600341796875,12.90999984741211,65.08999633789062,4.168000221252441,1.68,2.49,3.9,77951646.41265869,3.9
2005-09-15,455.5,7.019000053405762,88.12999725341797,1227.72998046875,12.489999771118164,64.75,4.214000225067139,1.71,2.51,3.9,97666622.0626831,3.9
2005-09-16,459.5,7.229000091552734,88.05000305175781,1237.9100341796875,11.220000267028809,63.0,4.26200008392334,1.73,2.53,3.97,131911197.12142944,3.97
2005-09-19,466.70001220703125,7.3379998207092285,88.44000244140625,1231.02001953125,12.140000343322754,67.38999938964844,4.247000217437744,1.7,2.55,3.93,280834625.0,3.93
2005-09-20,466.20001220703125,7.315000057220459,88.5999984741211,1221.3399658203125,12.640000343322754,66.2300033569336,4.243000030517578,1.74,2.52,4.0,87786146.13075256,4.0
2005-09-21,468.8999938964844,7.355000019073486,88.13999938964844,1210.199951171875,13.789999961853027,66.80000305175781,4.188000202178955,1.68,2.51,3.96,173270219.0563202,3.96
2005-09-22,466.6000061035156,7.353000164031982,88.55999755859375,1214.6199951171875,13.329999923706055,66.5,4.176000118255615,1.67,2.52,3.95,108820829.43267822,3.95
2005-09-23,463.5,7.2729997634887695,89.20999908447266,1215.2900390625,12.960000038146973,64.19000244140625,4.248000144958496,1.74,2.51,4.02,108887581.12792969,4.02
2005-09-26,465.8999938964844,7.307000160217285,89.11000061035156,1215.6300048828125,13.039999961853027,65.81999969482422,4.294000148773193,1.78,2.52,4.07,63391083.58459473,4.07
2005-09-27,462.6000061035156,7.270999908447266,89.5999984741211,1215.6600341796875,12.760000228881836,65.06999969482422,4.301000118255615,1.77,2.53,4.08,108285125.0,4.08
2005-09-28,469.70001220703125,7.3470001220703125,89.47000122070312,1216.8900146484375,12.630000114440918,66.3499984741211,4.26200008392334,1.73,2.53,4.09,161366397.36938477,4.09
2005-09-29,472.20001220703125,7.493000030517578,89.4000015258789,1227.6800537109375,12.239999771118164,66.79000091552734,4.289000034332275,1.75,2.54,4.13,138813115.5029297,4.13
2005-09-30,469.0,7.458000183105469,89.5199966430664,1228.81005859375,11.920000076293945,66.23999786376953,4.328000068664551,1.78,2.56,4.18,55778480.91125488,4.18
2005-10-03,466.1000061035156,7.4029998779296875,90.12999725341797,1226.699951171875,12.460000038146973,65.47000122070312,4.386000156402588,1.84,2.55,4.21,101887253.98101807,4.21
2005-10-04,466.1000061035156,7.375,90.0999984741211,1214.469970703125,13.199999809265137,63.900001525878906,4.375999927520752,1.87,2.51,4.22,81961026.34620667,4.22
2005-10-05,466.1000061035156,7.427999973297119,89.9800033569336,1196.3900146484375,14.550000190734863,62.790000915527344,4.361000061035156,1.86,2.5,4.21,78455029.03289795,4.21
2005-10-06,471.8999938964844,7.547999858856201,88.66000366210938,1191.489990234375,14.960000038146973,61.36000061035156,4.366000175476074,1.91,2.46,4.2,94868493.1602478,4.2
2005-10-07,474.70001220703125,7.724999904632568,89.16999816894531,1195.9000244140625,14.59000015258789,61.84000015258789,4.361000061035156,1.9,2.45,4.18,86218881.11114502,4.18
2005-10-10,475.1000061035156,7.798999786376953,89.45999908447266,1187.3299560546875,15.550000190734863,61.79999923706055,4.361000061035156,1.9,2.45,4.18,60894133.626937866,4.18
2005-10-11,477.1000061035156,7.824999809265137,89.97000122070312,1184.8699951171875,15.630000114440918,63.529998779296875,4.383999824523926,1.92,2.47,4.22,133966789.27459717,4.22
2005-10-12,473.8999938964844,7.788000106811523,89.62999725341797,1177.6800537109375,16.219999313354492,64.12000274658203,4.440999984741211,1.96,2.49,4.24,184143919.00253296,4.24
2005-10-13,471.1000061035156,7.684999942779541,89.80999755859375,1176.8399658203125,16.469999313354492,63.08000183105469,4.474999904632568,1.96,2.52,4.24,123770747.20497131,4.24
2005-10-14,469.20001220703125,7.814000129699707,89.3499984741211,1186.5699462890625,14.869999885559082,62.630001068115234,4.491000175476074,1.98,2.5,4.27,114299638.13667297,4.27
2005-10-17,474.1000061035156,7.827000141143799,89.80000305175781,1190.0999755859375,14.670000076293945,64.36000061035156,4.488999843597412,1.94,2.56,4.29,84326015.0051117,4.29
2005-10-18,472.1000061035156,7.788000106811523,90.29000091552734,1178.1400146484375,15.329999923706055,63.20000076293945,4.480999946594238,1.92,2.57,4.27,58430400.0,4.27
2005-10-19,463.5,7.59499979019165,89.98999786376953,1195.760009765625,13.5,62.40999984741211,4.4629998207092285,1.92,2.55,4.25,137082988.4513855,4.25
2005-10-20,461.0,7.61299991607666,89.91000366210938,1177.800048828125,16.110000610351562,61.029998779296875,4.459000110626221,1.92,2.54,4.27,77260193.2308197,4.27
2005-10-21,467.0,7.65500020980835,90.30999755859375,1179.5899658203125,16.1299991607666,60.630001068115234,4.389999866485596,1.89,2.5,4.22,65565288.64517212,4.22
2005-10-24,465.0,7.668000221252441,90.11000061035156,1199.3800048828125,14.739999771118164,60.31999969482422,4.446000099182129,1.93,2.52,4.25,95159805.74798584,4.25
2005-10-25,472.79998779296875,7.7870001792907715,89.23999786376953,1196.5400390625,14.529999732971191,62.439998626708984,4.507999897003174,2.05,2.49,4.34,154850934.5188141,4.34
2005-10-26,471.20001220703125,7.824999809265137,89.48999786376953,1191.3800048828125,14.59000015258789,60.65999984741211,4.591000080108643,2.06,2.54,4.38,105517412.68615723,4.38
2005-10-27,473.79998779296875,7.802000045776367,89.0999984741211,1178.9000244140625,16.020000457763672,61.09000015258789,4.558000087738037,2.01,2.56,4.36,116275110.75210571,4.36
2005-10-28,473.0,7.789999961853027,89.58999633789062,1198.4100341796875,14.25,61.220001220703125,4.566999912261963,2.01,2.57,4.4,67760701.75170898,4.4
2005-10-31,465.1000061035156,7.550000190734863,90.06999969482422,1207.010009765625,15.319999694824219,59.7599983215332,4.559000015258789,2.0,2.57,4.4,107996003.55148315,4.4
2005-11-01,458.79998779296875,7.441999912261963,90.08000183105469,1202.760009765625,14.850000381469727,59.849998474121094,4.577000141143799,2.0,2.58,4.42,159295880.40542603,4.42
2005-11-02,462.79998779296875,7.5320000648498535,89.72000122070312,1214.760009765625,13.479999542236328,59.75,4.610000133514404,2.02,2.59,4.43,46526719.077301025,4.43
2005-11-03,460.1000061035156,7.5970001220703125,90.44000244140625,1219.93994140625,13.0,61.779998779296875,4.644000053405762,2.03,2.62,4.47,78283666.44058228,4.47
2005-11-04,456.29998779296875,7.546999931335449,91.26000213623047,1220.1400146484375,13.170000076293945,60.58000183105469,4.6570000648498535,2.06,2.6,4.47,82518728.956604,4.47
2005-11-07,459.0,7.578999996185303,91.29000091552734,1222.81005859375,13.100000381469727,59.470001220703125,4.638999938964844,2.03,2.62,4.47,37375782.373809814,4.47
2005-11-08,460.8999938964844,7.60099983215332,91.37000274658203,1218.5899658203125,13.079999923706055,59.709999084472656,4.565000057220459,2.01,2.56,4.43,26793075.910949707,4.43
2005-11-09,466.29998779296875,7.6539998054504395,91.5,1220.6500244140625,12.800000190734863,58.93000030517578,4.635000228881836,2.08,2.56,4.49,64378513.89884949,4.49
2005-11-10,466.6000061035156,7.684000015258789,92.08000183105469,1230.9599609375,11.899999618530273,57.79999923706055,4.564000129699707,2.07,2.48,4.44,37690631.62879944,4.44
2005-11-11,468.29998779296875,7.738999843597412,91.9800033569336,1234.719970703125,11.630000114440918,57.529998779296875,4.564000129699707,2.07,2.48,4.44,68669638.88053894,4.44
2005-11-14,468.20001220703125,7.763999938964844,92.12999725341797,1233.760009765625,12.180000305175781,57.689998626708984,4.604000091552734,2.14,2.47,4.5,32937029.245376587,4.5
2005-11-15,468.1000061035156,7.769999980926514,92.08999633789062,1229.010009765625,12.229999542236328,56.97999954223633,4.557000160217285,2.12,2.44,4.47,61843163.79776001,4.47
2005-11-16,478.29998779296875,7.986000061035156,92.33000183105469,1231.2099609375,12.260000228881836,57.880001068115234,4.484000205993652,2.07,2.42,4.42,112531453.125,4.42
2005-11-17,486.20001220703125,8.086999893188477,91.87999725341797,1242.800048828125,11.25,56.33000183105469,4.459000110626221,2.04,2.42,4.37,202277950.09002686,4.37
2005-11-18,485.6000061035156,8.053000450134277,91.93000030517578,1248.27001953125,11.119999885559082,56.13999938964844,4.501999855041504,2.09,2.41,4.4,70451146.66900635,4.4
2005-11-21,489.0,8.121000289916992,92.02999877929688,1254.8499755859375,10.819999694824219,57.70000076293945,4.460999965667725,2.08,2.38,4.39,116836255.00297546,4.39
2005-11-22,492.6000061035156,8.164999961853027,91.5,1261.22998046875,10.600000381469727,58.84000015258789,4.427999973297119,2.03,2.4,4.32,138071339.1456604,4.32
2005-11-23,492.1000061035156,8.125,91.51000213623047,1265.6099853515625,10.960000038146973,58.709999084472656,4.473999977111816,2.08,2.39,4.36,85113057.6423645,4.36
2005-11-25,492.1000061035156,8.125,92.04000091552734,1268.25,10.880000114440918,58.709999084472656,4.431000232696533,2.05,2.38,4.33,38300498.58093262,4.33
2005-11-28,498.29998779296875,8.348999977111816,90.9800033569336,1257.4599609375,11.84000015258789,57.36000061035156,4.406000137329102,2.04,2.37,4.33,109030083.67919922,4.33
2005-11-29,499.1000061035156,8.295999526977539,91.62000274658203,1257.47998046875,11.890000343322754,56.5,4.48199987411499,2.11,2.37,4.4,113723278.25775146,4.4
2005-11-30,494.6000061035156,8.279999732971191,91.56999969482422,1249.47998046875,12.0600004196167,57.31999969482422,4.5,2.12,2.37,4.42,90019937.20245361,4.42
2005-12-01,502.5,8.49899959564209,91.81999969482422,1264.6700439453125,11.239999771118164,58.470001220703125,4.520999908447266,2.15,2.37,4.45,128329838.31634521,4.45
2005-12-02,503.29998779296875,8.543999671936035,91.94999694824219,1265.0799560546875,11.010000228881836,59.31999969482422,4.519000053405762,2.16,2.36,4.43,83123607.49588013,4.43
2005-12-05,508.8999938964844,8.631999969482422,91.4800033569336,1262.0899658203125,11.600000381469727,59.90999984741211,4.566999912261963,2.17,2.4,4.47,93816047.74475098,4.47
2005-12-06,510.20001220703125,8.692000389099121,91.44000244140625,1263.699951171875,11.520000457763672,59.939998626708984,4.49399995803833,2.12,2.37,4.42,126899302.47802734,4.42
2005-12-07,514.2999877929688,8.777999877929688,91.88999938964844,1257.3699951171875,12.180000305175781,59.209999084472656,4.517000198364258,2.18,2.34,4.42,116999335.30426025,4.42
2005-12-08,519.2999877929688,8.894000053405762,91.26000213623047,1255.8399658203125,12.210000038146973,60.65999984741211,4.464000225067139,2.14,2.33,4.37,158087404.64782715,4.37
2005-12-09,527.0,9.0,91.25,1259.3699951171875,11.6899995803833,59.38999938964844,4.5370001792907715,2.18,2.36,4.43,308237768.9758301,4.43
2005-12-12,528.4000244140625,8.791999816894531,90.3499984741211,1260.4300537109375,11.470000267028809,61.29999923706055,4.546999931335449,2.17,2.39,4.45,394441786.30599976,4.45
2005-12-13,521.0,8.496999740600586,90.37999725341797,1267.4300537109375,11.109999656677246,61.369998931884766,4.534999847412109,2.16,2.38,4.43,318272474.4026184,4.43
2005-12-14,506.5,8.376999855041504,89.83000183105469,1272.739990234375,10.479999542236328,60.849998474121094,4.449999809265137,2.1,2.35,4.37,352147889.3280029,4.37
2005-12-15,503.8999938964844,8.548999786376953,90.0199966430664,1270.93994140625,10.729999542236328,59.9900016784668,4.4679999351501465,2.12,2.35,4.37,237559847.93663025,4.37
2005-12-16,503.3999938964844,8.520999908447266,89.69999694824219,1267.3199462890625,10.680000305175781,58.060001373291016,4.447999954223633,2.11,2.34,4.37,134641920.41015625,4.37
2005-12-19,503.6000061035156,8.567000389099121,89.87000274658203,1259.9200439453125,11.380000114440918,57.33000183105469,4.441999912261963,2.11,2.34,4.38,104311964.53552246,4.38
2005-12-20,494.6000061035156,8.312000274658203,90.77999877929688,1259.6199951171875,11.1899995803833,57.97999954223633,4.466000080108643,2.12,2.35,4.42,211749819.95315552,4.42
2005-12-21,493.0,8.352999687194824,90.94000244140625,1262.7900390625,10.8100004196167,58.560001373291016,4.486000061035156,2.14,2.35,4.43,195327463.7741089,4.43
2005-12-22,502.70001220703125,8.501999855041504,90.72000122070312,1268.1199951171875,10.289999961853027,58.279998779296875,4.433000087738037,2.11,2.33,4.4,148680140.1901245,4.4
2005-12-23,503.0,8.569000244140625,90.83999633789062,1268.6600341796875,10.270000457763672,58.43000030517578,4.380000114440918,2.07,2.31,4.37,144225308.9263916,4.37
2005-12-27,508.0,8.741999626159668,91.19000244140625,1256.5400390625,11.569999694824219,58.15999984741211,4.341000080108643,2.05,2.29,4.35,223003365.31219482,4.35
2005-12-28,514.2000122070312,8.864999771118164,91.26000213623047,1258.1700439453125,11.350000381469727,59.81999969482422,4.377999782562256,2.1,2.28,4.37,260484529.17785645,4.37
2005-12-29,515.7000122070312,8.812000274658203,91.0999984741211,1254.4200439453125,11.609999656677246,60.31999969482422,4.375999927520752,2.07,2.3,4.38,168831898.0041504,4.38
2005-12-30,517.0999755859375,8.819999694824219,91.16999816894531,1248.2900390625,12.069999694824219,61.040000915527344,4.394999980926514,2.06,2.33,4.41,135959726.82647705,4.41
2006-01-03,530.7000122070312,9.086999893188477,89.83999633789062,1268.800048828125,11.140000343322754,63.13999938964844,4.369999885559082,2.03,2.34,4.34,244697275.07972717,4.34
2006-01-04,533.9000244140625,9.10200023651123,89.13999938964844,1273.4599609375,11.369999885559082,63.41999816894531,4.355999946594238,2.01,2.35,4.31,281845065.96565247,4.31
2006-01-05,526.2999877929688,8.809000015258789,89.33000183105469,1273.47998046875,11.3100004196167,62.790000915527344,4.355999946594238,2.04,2.32,4.32,401018613.1690979,4.32
2006-01-06,539.7000122070312,9.112000465393066,88.8499984741211,1285.449951171875,11.0,64.20999908447266,4.379000186920166,2.05,2.33,4.36,248712861.65161133,4.36
2006-01-09,549.0999755859375,9.222000122070312,89.25,1290.1500244140625,11.130000114440918,63.5,4.379000186920166,2.05,2.33,4.36,294523311.769104,4.36
2006-01-10,544.2999877929688,8.956999778747559,89.33000183105469,1289.68994140625,10.859999656677246,63.369998931884766,4.427999973297119,2.06,2.37,4.41,308174443.82858276,4.41
2006-01-11,548.7999877929688,9.006999969482422,88.98999786376953,1294.1800537109375,10.9399995803833,63.939998626708984,4.458000183105469,2.07,2.39,4.44,229544029.8614502,4.44
2006-01-12,548.2999877929688,9.006999969482422,89.44000244140625,1286.06005859375,11.199999809265137,63.939998626708984,4.409999847412109,2.01,2.41,4.39,196111291.09954834,4.39
2006-01-13,556.0999755859375,9.112000465393066,88.88999938964844,1287.6099853515625,11.229999542236328,63.91999816894531,4.349999904632568,1.97,2.39,4.34,240953322.0314026,4.34
2006-01-17,553.4000244140625,9.020000457763672,89.30000305175781,1282.9300537109375,11.90999984741211,66.30999755859375,4.331999778747559,1.95,2.39,4.33,283505895.38879395,4.33
2006-01-18,543.7000122070312,8.819999694824219,89.26000213623047,1277.9300537109375,12.25,65.7300033569336,4.340000152587891,1.97,2.37,4.33,246840362.60681152,4.33
2006-01-19,558.4000244140625,9.057999610900879,89.38999938964844,1285.0400390625,11.979999542236328,66.83000183105469,4.379000186920166,1.97,2.41,4.37,294110013.80729675,4.37
2006-01-20,553.5,8.880000114440918,88.94999694824219,1261.489990234375,14.5600004196167,68.3499984741211,4.361000061035156,1.94,2.43,4.37,401337125.5470276,4.37
2006-01-23,558.2999877929688,9.026000022888184,87.94999694824219,1263.8199462890625,13.930000305175781,68.0999984741211,4.35699987411499,1.94,2.42,4.35,277093247.2743988,4.35
2006-01-24,557.7000122070312,9.182999610900879,88.05999755859375,1266.8599853515625,13.3100004196167,67.05999755859375,4.389999866485596,1.97,2.43,4.37,190546441.43486023,4.37
2006-01-25,562.2000122070312,9.46500015258789,88.33000183105469,1264.6800537109375,12.869999885559082,65.8499984741211,4.479000091552734,2.03,2.46,4.46,561691921.8933105,4.46
2006-01-26,559.7000122070312,9.564000129699707,88.62000274658203,1273.8299560546875,12.420000076293945,66.26000213623047,4.5229997634887695,2.01,2.52,4.49,240647224.59983826,4.49
2006-01-27,558.7000122070312,9.565999984741211,89.31999969482422,1283.719970703125,11.970000267028809,67.76000213623047,4.502999782562256,2.02,2.5,4.51,238396806.57730103,4.51
2006-01-30,565.7999877929688,9.739999771118164,89.41999816894531,1285.18994140625,12.390000343322754,68.3499984741211,4.534999847412109,2.03,2.51,4.52,224974257.2113037,4.52
2006-01-31,570.7999877929688,9.850000381469727,88.95999908447266,1280.0799560546875,12.949999809265137,67.91999816894531,4.5269999504089355,2.0,2.53,4.54,284163393.82362366,4.54
2006-02-01,569.4000244140625,9.760000228881836,89.51000213623047,1282.4599609375,12.359999656677246,66.55999755859375,4.560999870300293,2.02,2.55,4.59,266541033.58650208,4.59
2006-02-02,572.5,9.843999862670898,89.37000274658203,1270.8399658203125,13.229999542236328,64.68000030517578,4.560999870300293,2.04,2.53,4.59,291412811.65885925,4.59
2006-02-03,567.4000244140625,9.729999542236328,89.88999938964844,1264.030029296875,12.960000038146973,65.37000274658203,4.5329999923706055,2.0,2.54,4.59,285551000.0,4.59
2006-02-06,570.2000122070312,9.727999687194824,90.29000091552734,1265.02001953125,13.039999961853027,65.11000061035156,4.545000076293945,2.0,2.55,4.62,195978948.21777344,4.62
2006-02-07,551.0,9.380000114440918,90.23999786376953,1254.780029296875,13.59000015258789,63.09000015258789,4.566999912261963,2.02,2.55,4.61,556767104.4403076,4.61
2006-02-08,550.0999755859375,9.414999961853027,90.43000030517578,1265.6500244140625,12.829999923706055,62.54999923706055,4.59499979019165,2.07,2.49,4.64,294760606.8435669,4.64
2006-02-09,564.5,9.637999534606934,90.29000091552734,1263.780029296875,13.119999885559082,62.619998931884766,4.540999889373779,2.05,2.49,4.66,297714675.617218,4.66
2006-02-10,550.2000122070312,9.359999656677246,90.55000305175781,1266.989990234375,12.869999885559082,61.84000015258789,4.580999851226807,2.09,2.5,4.69,237163997.96295166,4.69
2006-02-13,539.0,9.100000381469727,90.54000091552734,1262.8599853515625,13.350000381469727,61.2400016784668,4.583000183105469,2.08,2.5,4.68,275202194.25354004,4.68
2006-02-14,545.9000244140625,9.29699993133545,90.54000091552734,1275.530029296875,12.25,59.56999969482422,4.613999843597412,2.14,2.48,4.69,196763396.0609436,4.69
2006-02-15,539.7000122070312,9.199000358581543,90.72000122070312,1280.0,12.3100004196167,57.70000076293945,4.605999946594238,2.13,2.48,4.71,258795255.9200287,4.71
2006-02-16,546.0,9.357999801635742,90.7300033569336,1289.3800048828125,11.479999542236328,58.459999084472656,4.5960001945495605,2.1,2.49,4.69,304728638.5585785,4.69
2006-02-17,551.7999877929688,9.407999992370605,90.63999938964844,1287.239990234375,12.010000228881836,59.880001068115234,4.540999889373779,2.03,2.51,4.66,215838908.40454102,4.66
2006-02-21,553.9000244140625,9.53600025177002,90.55000305175781,1283.030029296875,12.40999984741211,61.099998474121094,4.563000202178955,2.04,2.53,4.71,184795308.41903687,4.71
2006-02-22,553.9000244140625,9.567000389099121,90.66999816894531,1292.6700439453125,11.880000114440918,61.0099983215332,4.531000137329102,2.01,2.52,4.68,212267638.58528137,4.68
2006-02-23,548.4000244140625,9.461999893188477,90.38999938964844,1287.7900390625,11.869999885559082,60.540000915527344,4.566999912261963,2.03,2.53,4.72,132704166.51763916,4.72
2006-02-24,558.7999877929688,9.732999801635742,90.61000061035156,1289.4300537109375,11.460000038146973,62.90999984741211,4.566999912261963,2.02,2.56,4.74,274143840.9927368,4.74
2006-02-27,554.7000122070312,9.60200023651123,90.62999725341797,1294.1199951171875,11.59000015258789,61.0,4.590000152587891,2.04,2.55,4.74,126542154.79736328,4.74
2006-02-28,561.5999755859375,9.720000267028809,90.11000061035156,1280.6600341796875,12.34000015258789,61.40999984741211,4.546999931335449,2.02,2.53,4.69,192090211.9544983,4.69
2006-03-01,563.5,9.710000038146973,90.22000122070312,1291.239990234375,11.539999961853027,61.970001220703125,4.589000225067139,2.02,2.57,4.71,239350643.48983765,4.71
2006-03-02,568.2000122070312,10.128000259399414,89.55999755859375,1289.1400146484375,11.720000267028809,63.36000061035156,4.638000011444092,2.05,2.59,4.72,219129886.48223877,4.72
2006-03-03,566.0,10.16100025177002,89.66000366210938,1287.22998046875,11.960000038146973,63.66999816894531,4.684000015258789,2.07,2.61,4.76,174625580.21240234,4.76
2006-03-06,554.9000244140625,9.95300006866455,89.88999938964844,1278.260009765625,12.739999771118164,62.40999984741211,4.73799991607666,2.14,2.6,4.77,300009357.51342773,4.77
2006-03-07,552.7000122070312,10.03499984741211,90.7699966430664,1275.8800048828125,12.65999984741211,61.58000183105469,4.736000061035156,2.16,2.58,4.77,240977733.34579468,4.77
2006-03-08,542.5,9.777000427246094,90.62000274658203,1278.469970703125,12.319999694824219,60.02000045776367,4.734000205993652,2.2,2.53,4.72,362252045.19348145,4.72
2006-03-09,545.5,9.902999877929688,90.75,1272.22998046875,12.680000305175781,60.470001220703125,4.730000019073486,2.2,2.54,4.72,206068614.37683105,4.72
2006-03-10,539.9000244140625,9.895000457763672,90.8499984741211,1281.4200439453125,11.850000381469727,59.959999084472656,4.755000114440918,2.23,2.53,4.74,349313647.8820801,4.74
2006-03-13,546.0999755859375,10.093000411987305,90.54000091552734,1284.1300048828125,11.369999885559082,61.77000045776367,4.775000095367432,2.24,2.53,4.74,131739770.33119202,4.74
2006-03-14,551.7000122070312,10.182000160217285,90.0,1297.47998046875,10.739999771118164,63.099998474121094,4.696000099182129,2.17,2.54,4.66,146596176.14631653,4.66
2006-03-15,553.0999755859375,10.286999702453613,89.69999694824219,1303.02001953125,11.350000381469727,62.16999816894531,4.730999946594238,2.18,2.55,4.69,259438810.9725952,4.69
2006-03-16,554.4000244140625,10.281000137329102,89.06999969482422,1305.3299560546875,11.979999542236328,63.58000183105469,4.645999908447266,2.12,2.53,4.62,184957348.50997925,4.62
2006-03-17,554.0999755859375,10.305999755859375,88.91999816894531,1307.25,12.119999885559082,62.77000045776367,4.673999786376953,2.16,2.52,4.65,123248317.61169434,4.65
2006-03-20,555.2000122070312,10.307000160217285,89.12999725341797,1305.0799560546875,11.789999961853027,60.41999816894531,4.656000137329102,2.15,2.51,4.65,103940276.55029297,4.65
2006-03-21,552.4000244140625,10.515999794006348,89.62000274658203,1297.22998046875,11.619999885559082,60.56999969482422,4.7170000076293945,2.23,2.48,4.72,247771295.27435303,4.72
2006-03-22,550.9000244140625,10.446000099182129,89.72000122070312,1305.0400390625,11.210000038146973,61.77000045776367,4.703000068664551,2.23,2.47,4.74,58982175.0,4.74
2006-03-23,550.0999755859375,10.642999649047852,90.45999908447266,1301.6700439453125,11.170000076293945,63.90999984741211,4.738999843597412,2.24,2.49,4.77,218843763.05236816,4.77
2006-03-24,560.0,10.687999725341797,90.06999969482422,1302.949951171875,11.1899995803833,64.26000213623047,4.675000190734863,2.2,2.47,4.72,210862346.534729,4.72
2006-03-27,567.0,10.847999572753906,90.06999969482422,1301.6099853515625,11.460000038146973,64.16000366210938,4.701000213623047,2.23,2.47,4.72,230178338.50860596,4.72
2006-03-28,566.5999755859375,10.826000213623047,90.25,1293.22998046875,11.579999923706055,66.06999969482422,4.7779998779296875,2.3,2.49,4.81,191708386.6962433,4.81
2006-03-29,573.0,11.072999954223633,90.25,1302.8900146484375,10.949999809265137,66.44999694824219,4.809999942779541,2.32,2.49,4.82,315979467.31033325,4.82
2006-03-30,586.7000122070312,11.618000030517578,89.38999938964844,1300.25,11.569999694824219,67.1500015258789,4.855000019073486,2.35,2.51,4.84,344292571.03500366,4.84
2006-03-31,581.7999877929688,11.479999542236328,89.7300033569336,1294.8699951171875,11.390000343322754,66.62999725341797,4.853000164031982,2.35,2.51,4.82,294938832.2540283,4.82
2006-04-03,589.4000244140625,11.722999572753906,89.62999725341797,1297.81005859375,11.569999694824219,66.73999786376953,4.874000072479248,2.36,2.52,4.86,286181420.97473145,4.86
2006-04-04,586.0,11.687999725341797,88.83000183105469,1305.9300537109375,11.140000343322754,66.2300033569336,4.872000217437744,2.38,2.49,4.84,297162194.3283081,4.84
2006-04-05,587.9000244140625,11.664999961853027,88.62999725341797,1311.56005859375,11.130000114440918,67.06999969482422,4.839000225067139,2.34,2.5,4.81,390693196.9837189,4.81
2006-04-06,595.2000122070312,12.006999969482422,88.95999908447266,1309.0400390625,11.449999809265137,67.94000244140625,4.89300012588501,2.38,2.52,4.84,334576313.11035156,4.84
2006-04-07,588.4000244140625,12.03499984741211,89.62999725341797,1295.5,12.260000228881836,67.38999938964844,4.9629998207092285,2.43,2.54,4.89,200787930.5229187,4.89
2006-04-10,597.5999755859375,12.529000282287598,89.72000122070312,1296.6199951171875,12.1899995803833,68.73999786376953,4.9629998207092285,2.41,2.56,4.89,219447194.38171387,4.89
2006-04-11,595.2000122070312,12.572999954223633,89.44000244140625,1286.5699462890625,13.0,68.9800033569336,4.932000160217285,2.37,2.56,4.88,296430825.5683899,4.88
2006-04-12,597.5,12.63599967956543,89.62000274658203,1288.1199951171875,12.760000228881836,68.62000274658203,4.97599983215332,2.41,2.57,4.91,220443700.13198853,4.91
2006-04-13,596.5,12.82800006866455,89.62000274658203,1289.1199951171875,12.380000114440918,69.31999969482422,5.035999774932861,2.48,2.57,4.96,167343750.0,4.96
2006-04-17,615.4000244140625,13.34000015258789,88.63999938964844,1285.3299560546875,12.579999923706055,70.4000015258789,5.006999969482422,2.43,2.58,4.91,370975134.9266052,4.91
2006-04-18,620.0,13.760000228881836,88.23999786376953,1307.280029296875,11.399999618530273,71.3499984741211,4.973999977111816,2.38,2.61,4.84,317333787.1711731,4.84
2006-04-19,632.5999755859375,14.49899959564209,87.79000091552734,1309.9300537109375,11.319999694824219,72.16999816894531,5.0279998779296875,2.38,2.66,4.86,719425125.0,4.86
2006-04-20,619.7999877929688,12.510000228881836,88.25,1311.4599609375,11.640000343322754,71.94999694824219,5.039000034332275,2.42,2.62,4.89,791132772.1183777,4.89
2006-04-21,632.2000122070312,12.96500015258789,88.05000305175781,1311.280029296875,11.59000015258789,75.16999816894531,5.01200008392334,2.39,2.62,4.9,475775925.7434845,4.9
2006-04-24,620.5999755859375,11.772000312805176,87.44999694824219,1308.1099853515625,11.75,73.33000183105469,4.985000133514404,2.39,2.6,4.89,455303756.2690735,4.89
2006-04-25,631.0,12.555000305175781,87.31999969482422,1301.739990234375,11.75,72.87999725341797,5.071000099182129,2.47,2.6,4.95,352271129.1503906,4.95
2006-04-26,638.7999877929688,12.8100004196167,87.22000122070312,1305.4100341796875,11.760000228881836,71.93000030517578,5.105000019073486,2.51,2.61,4.99,368864488.84277344,4.99
2006-04-27,633.2999877929688,12.470000267028809,86.62999725341797,1309.719970703125,11.84000015258789,70.97000122070312,5.084000110626221,2.45,2.64,4.91,404278746.1212158,4.91
2006-04-28,651.7999877929688,13.510000228881836,86.11000061035156,1310.6099853515625,11.59000015258789,71.87999725341797,5.068999767303467,2.39,2.68,4.87,545323989.3188477,4.87
2006-05-01,657.5,13.85200023651123,85.97000122070312,1305.18994140625,12.539999961853027,73.69999694824219,5.13100004196167,2.42,2.72,4.94,492362019.67163086,4.94
2006-05-02,664.7000122070312,14.109999656677246,85.79000091552734,1313.2099609375,11.989999771118164,74.61000061035156,5.110000133514404,2.43,2.69,4.92,412263958.9050293,4.92
2006-05-03,665.9000244140625,13.704000473022461,85.83999633789062,1308.1199951171875,11.989999771118164,72.27999877929688,5.144000053405762,2.47,2.68,4.94,767918705.4214478,4.94
2006-05-04,674.2000122070312,13.734999656677246,85.83999633789062,1312.25,11.859999656677246,69.94000244140625,5.150000095367432,2.49,2.67,4.97,953053827.4116516,4.97
2006-05-05,682.2000122070312,13.791999816894531,85.12000274658203,1325.760009765625,11.619999885559082,70.19000244140625,5.107999801635742,2.45,2.67,4.94,630328471.195221,4.94
2006-05-08,677.7999877929688,13.677000045776367,85.2300033569336,1324.6600341796875,12.0,69.7699966430664,5.11899995803833,2.45,2.67,4.97,441078956.060791,4.97
2006-05-09,699.4000244140625,14.37399959564209,84.83000183105469,1325.1400146484375,11.989999771118164,70.69000244140625,5.125,2.43,2.7,4.97,840124795.6794739,4.97
2006-05-10,703.7000122070312,14.190999984741211,84.5,1322.8499755859375,11.779999732971191,72.12999725341797,5.125,2.43,2.7,5.01,725765569.6769714,5.01
2006-05-11,719.7999877929688,14.845999717712402,84.2699966430664,1305.9200439453125,12.489999771118164,73.31999969482422,5.15500020980835,2.43,2.71,4.99,1263012820.2941895,4.99
2006-05-12,710.2999877929688,14.145999908447266,83.95999908447266,1291.239990234375,14.1899995803833,72.04000091552734,5.185999870300293,2.47,2.72,5.01,1467596816.6770935,5.01
2006-05-15,683.5999755859375,13.246000289916992,84.54000091552734,1294.5,13.569999694824219,69.41000366210938,5.1529998779296875,2.47,2.68,4.99,1239252025.3234863,4.99
2006-05-16,691.5,13.45199966430664,84.16999816894531,1292.0799560546875,13.350000381469727,69.52999877929688,5.105000019073486,2.44,2.66,4.96,838544566.4596558,4.96
2006-05-17,690.5,13.156999588012695,84.8499984741211,1270.3199462890625,16.260000228881836,68.69999694824219,5.1529998779296875,2.47,2.69,4.97,1118661830.0468445,4.97
2006-05-18,679.5999755859375,12.437000274658203,84.51000213623047,1261.81005859375,16.989999771118164,69.44999694824219,5.072999954223633,2.41,2.67,4.94,858138410.3538513,4.94
2006-05-19,656.7000122070312,12.277000427246094,84.87999725341797,1267.030029296875,17.18000030517578,68.52999877929688,5.053999900817871,2.43,2.62,4.96,1225526284.2178345,4.96
2006-05-22,657.0,12.354999542236328,84.3499984741211,1262.0699462890625,17.719999313354492,69.2300033569336,5.035999774932861,2.43,2.61,4.94,782143846.5530396,4.94
2006-05-23,673.0,13.100000381469727,84.3499984741211,1256.5799560546875,18.260000228881836,71.76000213623047,5.065999984741211,2.44,2.63,4.97,697633857.1342468,4.97
2006-05-24,637.0,12.449999809265137,84.94999694824219,1258.5699462890625,17.360000610351562,69.86000061035156,5.033999919891357,2.42,2.61,4.94,708862308.984375,4.94
2006-05-25,648.4000244140625,12.539999961853027,84.6500015258789,1272.8800048828125,15.5,71.31999969482422,5.073999881744385,2.46,2.61,4.98,420899360.1470947,4.98
2006-05-26,650.9000244140625,12.675000190734863,85.26000213623047,1280.1600341796875,14.260000228881836,71.37000274658203,5.052000045776367,2.44,2.62,4.96,342810081.96487427,4.96
2006-05-30,653.9000244140625,13.012999534606934,84.27999877929688,1259.8699951171875,18.65999984741211,72.02999877929688,5.085999965667725,2.45,2.64,4.99,536519427.02941895,4.99
2006-05-31,642.5,12.39799976348877,84.72000122070312,1270.0899658203125,16.440000534057617,71.29000091552734,5.11299991607666,2.48,2.64,5.04,486433084.4230652,5.04
2006-06-01,627.5999755859375,11.850000381469727,84.79000091552734,1285.7099609375,14.520000457763672,70.33999633789062,5.107999801635742,2.46,2.65,5.04,735167600.138092,5.04
2006-06-02,635.5,12.03499984741211,84.05000305175781,1288.219970703125,14.319999694824219,72.33000183105469,4.99399995803833,2.37,2.63,4.92,441890150.0,4.92
2006-06-05,643.2000122070312,12.244999885559082,84.13999938964844,1265.2900390625,16.649999618530273,72.5999984741211,5.026000022888184,2.4,2.62,4.99,380917199.5101929,4.99
2006-06-06,629.4000244140625,11.805000305175781,84.7300033569336,1263.8499755859375,17.34000015258789,72.5,5.00600004196167,2.44,2.57,4.99,448802499.52583313,4.99
2006-06-07,627.4000244140625,11.857000350952148,84.98999786376953,1256.1500244140625,17.799999237060547,70.81999969482422,5.026000022888184,2.48,2.54,5.02,633555743.5821533,5.02
2006-06-08,609.0999755859375,11.041999816894531,85.91000366210938,1257.9300537109375,18.350000381469727,70.3499984741211,4.992000102996826,2.47,2.53,5.01,866657932.8289032,5.01
2006-06-09,608.2000122070312,11.177000045776367,85.72000122070312,1252.300048828125,18.1200008392334,71.62999725341797,4.980999946594238,2.45,2.53,5.01,448224665.65704346,5.01
2006-06-12,606.7999877929688,11.03499984741211,85.8499984741211,1237.43994140625,20.959999084472656,70.36000061035156,4.986999988555908,2.45,2.54,5.02,247473669.96765137,5.02
2006-06-13,562.5,9.595000267028809,86.43000030517578,1223.68994140625,23.809999465942383,68.55999755859375,4.960999965667725,2.44,2.53,5.02,1466255903.9886475,5.02
2006-06-14,562.2999877929688,9.706999778747559,86.13999938964844,1230.0400390625,21.459999084472656,69.13999938964844,5.050000190734863,2.5,2.55,5.11,703876648.4828949,5.11
2006-06-15,566.5,9.949999809265137,86.0199966430664,1256.1600341796875,15.899999618530273,69.5,5.0980000495910645,2.52,2.58,5.14,682560824.3659973,5.14
2006-06-16,578.0,10.109999656677246,85.91999816894531,1251.5400390625,17.25,69.87999725341797,5.127999782562256,2.54,2.59,5.16,422182994.2337036,5.16
2006-06-19,568.7999877929688,9.949000358581543,86.30999755859375,1240.1300048828125,17.829999923706055,68.9800033569336,5.144999980926514,2.58,2.56,5.19,323359867.50183105,5.19
2006-06-20,576.9000244140625,10.25,86.18000030517578,1240.1199951171875,16.690000534057617,68.94000244140625,5.1570000648498535,2.58,2.57,5.19,634448511.5524292,5.19
2006-06-21,587.5,10.399999618530273,85.77999877929688,1252.199951171875,15.520000457763672,70.33000183105469,5.15500020980835,2.59,2.57,5.2,359435304.2831421,5.2
2006-06-22,582.2000122070312,10.194999694824219,86.38999938964844,1245.5999755859375,15.880000114440918,70.83999633789062,5.197999954223633,2.61,2.59,5.23,310287201.5396118,5.23
2006-06-23,584.7999877929688,10.270999908447266,86.81999969482422,1244.5,15.890000343322754,70.87000274658203,5.228000164031982,2.64,2.59,5.27,354127543.2498932,5.27
2006-06-26,584.7999877929688,10.229000091552734,86.48999786376953,1250.56005859375,15.619999885559082,71.80000305175781,5.238999843597412,2.67,2.58,5.27,199533231.8206787,5.27
2006-06-27,581.5999755859375,10.1850004196167,86.47000122070312,1239.199951171875,16.399999618530273,71.91999816894531,5.210000038146973,2.63,2.58,5.24,375837113.9884949,5.24
2006-06-28,578.2999877929688,10.14799976348877,86.62999725341797,1246.0,15.789999961853027,72.19000244140625,5.244999885559082,2.68,2.57,5.29,166802708.65402222,5.29
2006-06-29,586.5,10.333000183105469,85.87000274658203,1272.8699951171875,13.029999732971191,73.5199966430664,5.199999809265137,2.61,2.61,5.21,639750724.9202728,5.21
2006-06-30,613.5,10.90999984741211,85.22000122070312,1270.199951171875,13.079999923706055,73.9800033569336,5.138000011444092,2.54,2.61,5.16,475989770.44143677,5.16
2006-07-03,613.5,10.833000183105469,85.18000030517578,1280.18994140625,13.050000190734863,73.9800033569336,5.151000022888184,2.56,2.59,5.17,191421130.93948364,5.17
2006-07-05,627.2999877929688,11.335000038146973,85.5999984741211,1270.9100341796875,14.149999618530273,75.19000244140625,5.2270002365112305,2.63,2.6,5.24,511150000.0,5.24
2006-07-06,634.0999755859375,11.506999969482422,85.3499984741211,1274.0799560546875,13.649999618530273,75.13999938964844,5.184999942779541,2.59,2.6,5.22,358369534.6031189,5.22
2006-07-07,632.7999877929688,11.324999809265137,84.9800033569336,1265.47998046875,13.970000267028809,74.08999633789062,5.131999969482422,2.55,2.59,5.17,333736486.69166565,5.17
2006-07-10,624.0999755859375,11.029999732971191,85.5,1267.3399658203125,14.020000457763672,73.61000061035156,5.130000114440918,2.56,2.57,5.17,217814241.60766602,5.17
2006-07-11,641.2000122070312,11.470000267028809,85.36000061035156,1272.4300537109375,13.140000343322754,74.16000366210938,5.099999904632568,2.53,2.57,5.17,369268477.9472351,5.17
2006-07-12,649.4000244140625,11.475000381469727,85.91000366210938,1258.5999755859375,14.489999771118164,74.94999694824219,5.099999904632568,2.54,2.56,5.17,613513458.6959839,5.17
2006-07-13,652.9000244140625,11.404999732971191,85.79000091552734,1242.280029296875,17.790000915527344,76.69999694824219,5.071000099182129,2.51,2.57,5.12,801466777.3132324,5.12
2006-07-14,666.5999755859375,11.449999809265137,86.08999633789062,1236.199951171875,18.049999237060547,77.02999877929688,5.059000015258789,2.5,2.57,5.08,660857414.6865845,5.08
2006-07-17,650.5999755859375,11.010000228881836,86.95999908447266,1234.489990234375,18.639999389648438,75.30000305175781,5.068999767303467,2.49,2.58,5.12,633424757.5569153,5.12
2006-07-18,628.2999877929688,10.454999923706055,87.01000213623047,1236.8599853515625,17.739999771118164,73.54000091552734,5.130000114440918,2.55,2.58,5.19,480511981.6566467,5.19
2006-07-19,641.5999755859375,11.055000305175781,86.45999908447266,1259.81005859375,15.550000190734863,72.66000366210938,5.059000015258789,2.49,2.57,5.12,464941030.1361084,5.12
2006-07-20,631.7000122070312,11.005000114440918,86.22000122070312,1249.1300048828125,16.209999084472656,73.08000183105469,5.0279998779296875,2.45,2.58,5.06,400424863.8618469,5.06
2006-07-21,619.5999755859375,10.78499984741211,85.93000030517578,1240.2900390625,17.399999618530273,74.43000030517578,5.045000076293945,2.49,2.56,5.08,428841296.63772583,5.08
2006-07-24,612.7000122070312,10.869999885559082,86.33999633789062,1260.9100341796875,14.979999542236328,75.05000305175781,5.044000148773193,2.49,2.56,5.1,445160335.5560303,5.1
2006-07-25,617.5999755859375,10.895000457763672,86.63999938964844,1268.8800048828125,14.850000381469727,73.75,5.065000057220459,2.48,2.59,5.11,291550036.3861084,5.11
2006-07-26,621.5999755859375,11.029999732971191,85.93000030517578,1268.4000244140625,14.619999885559082,73.94000244140625,5.035999774932861,2.44,2.6,5.06,209312000.0,5.06
2006-07-27,632.4000244140625,11.34000015258789,85.87000274658203,1263.199951171875,14.9399995803833,74.54000091552734,5.039999961853027,2.47,2.6,5.07,295460177.167511,5.07
2006-07-28,634.7999877929688,11.319999694824219,85.44000244140625,1278.550048828125,14.329999923706055,73.23999786376953,4.989999771118164,2.41,2.59,4.98,199200405.92651367,4.98
2006-07-31,634.2000122070312,11.324999809265137,85.30000305175781,1276.6600341796875,14.949999809265137,74.4000015258789,4.98799991607666,2.41,2.58,4.97,216019831.4781189,4.97
2006-08-01,646.2999877929688,11.694999694824219,85.05000305175781,1270.9200439453125,15.050000190734863,74.91000366210938,4.982999801635742,2.4,2.59,4.97,300361534.57489014,4.97
2006-08-02,651.5999755859375,12.20300006866455,85.05000305175781,1277.4100341796875,14.34000015258789,75.80999755859375,4.960999965667725,2.36,2.6,4.97,327117000.0,4.97
2006-08-03,644.9000244140625,12.045000076293945,85.0199966430664,1280.27001953125,14.460000038146973,75.45999908447266,4.951000213623047,2.35,2.61,4.98,246259282.54852295,4.98
2006-08-04,644.0,12.4399995803833,84.56999969482422,1279.3599853515625,14.34000015258789,74.76000213623047,4.901000022888184,2.3,2.61,4.91,309257502.1270752,4.91
2006-08-07,647.7999877929688,12.222999572753906,84.75,1275.77001953125,15.229999542236328,76.9800033569336,4.921000003814697,2.29,2.64,4.96,160850100.0,4.96
2006-08-08,645.7000122070312,12.220000267028809,84.66000366210938,1271.47998046875,15.229999542236328,76.30999755859375,4.922999858856201,2.27,2.66,4.91,356581580.80444336,4.91
2006-08-09,650.5,12.529999732971191,84.70999908447266,1265.949951171875,15.199999809265137,76.3499984741211,4.936999797821045,2.28,2.64,4.91,282407235.99853516,4.91
2006-08-10,634.9000244140625,12.069999694824219,85.08000183105469,1271.81005859375,14.460000038146973,74.0,4.927000045776367,2.3,2.63,4.93,434521175.0,4.93
2006-08-11,633.5,11.852999687194824,85.5199966430664,1266.739990234375,14.300000190734863,74.3499984741211,4.9670000076293945,2.33,2.64,4.96,436637181.6253662,4.96
2006-08-14,628.5,12.128000259399414,85.63999938964844,1268.2099609375,14.260000228881836,73.52999877929688,5.000999927520752,2.36,2.64,5.01,219499725.0,5.01
2006-08-15,622.5,12.055999755859375,85.22000122070312,1285.5799560546875,13.420000076293945,73.05000305175781,4.931000232696533,2.32,2.61,4.94,299731527.8869629,4.94
2006-08-16,628.7000122070312,12.258999824523926,84.87999725341797,1295.4300537109375,12.40999984741211,71.88999938964844,4.870999813079834,2.28,2.59,4.87,208272926.594162,4.87
2006-08-17,615.4000244140625,11.972999572753906,85.04000091552734,1297.47998046875,12.239999771118164,70.05999755859375,4.867000102996826,2.28,2.59,4.89,257296371.8536377,4.89
2006-08-18,612.0999755859375,12.010000228881836,85.08999633789062,1302.300048828125,11.640000343322754,71.13999938964844,4.835000038146973,2.26,2.58,4.87,391779141.8762207,4.87
2006-08-21,625.7000122070312,12.324999809265137,84.62999725341797,1297.52001953125,12.220000267028809,72.44999694824219,4.818999767303467,2.23,2.59,4.85,224527991.06178284,4.85
2006-08-22,624.5999755859375,12.244999885559082,85.18000030517578,1298.8199462890625,12.1899995803833,72.62999725341797,4.810999870300293,2.22,2.6,4.87,252400781.8965912,4.87
2006-08-23,623.7000122070312,12.498000144958496,85.12999725341797,1292.989990234375,12.399999618530273,71.76000213623047,4.818999767303467,2.25,2.57,4.87,220961877.54364014,4.87
2006-08-24,619.5,12.29699993133545,85.27999877929688,1296.06005859375,12.399999618530273,72.36000061035156,4.802999973297119,2.28,2.53,4.88,135726500.0,4.88
2006-08-25,622.0,12.359000205993652,85.37999725341797,1295.0899658203125,12.3100004196167,72.51000213623047,4.790999889373779,2.24,2.55,4.86,131384790.97366333,4.86
2006-08-28,615.2999877929688,12.013999938964844,85.2300033569336,1301.780029296875,12.180000305175781,70.61000061035156,4.796999931335449,2.28,2.52,4.88,218660600.0,4.88
2006-08-29,610.7000122070312,12.142000198364258,84.91000366210938,1304.280029296875,12.279999732971191,69.70999908447266,4.7829999923706055,2.29,2.5,4.87,219981207.0426941,4.87
2006-08-30,617.7000122070312,12.498000144958496,84.97000122070312,1305.3699951171875,12.220000267028809,70.02999877929688,4.763000011444092,2.28,2.48,4.83,178216266.68701172,4.83
2006-08-31,625.9000244140625,12.899999618530273,85.05000305175781,1303.8199462890625,12.3100004196167,70.26000213623047,4.73199987411499,2.24,2.5,4.79,301626871.43325806,4.79
2006-09-01,624.4000244140625,12.970000267028809,84.94000244140625,1311.010009765625,11.960000038146973,69.19000244140625,4.72599983215332,2.25,2.48,4.77,199481826.0406494,4.77
2006-09-04,624.4000244140625,12.914999961853027,84.94000244140625,1311.010009765625,11.960000038146973,68.0199966430664,4.72599983215332,2.25,2.48,4.77,199481826.0406494,4.77
2006-09-05,638.5,13.005000114440918,85.0,1313.25,12.630000114440918,68.5999984741211,4.781000137329102,2.31,2.47,4.8,267341186.57531738,4.8
2006-09-06,633.5,13.0649995803833,85.0999984741211,1300.260009765625,13.739999771118164,67.5,4.801000118255615,2.32,2.48,4.82,201837175.95977783,4.82
2006-09-07,617.0,12.562999725341797,85.52999877929688,1294.02001953125,13.880000114440918,67.31999969482422,4.795000076293945,2.34,2.46,4.82,330890875.0,4.82
2006-09-08,609.5999755859375,12.163000106811523,85.94999694824219,1298.9200439453125,13.15999984741211,66.25,4.770999908447266,2.35,2.43,4.8,223967773.74572754,4.8
2006-09-11,590.0,11.107999801635742,85.91999816894531,1299.5400390625,12.989999771118164,65.61000061035156,4.798999786376953,2.38,2.42,4.83,618970950.0,4.83
2006-09-12,586.9000244140625,11.024999618530273,85.91999816894531,1313.0,11.920000076293945,63.7599983215332,4.7729997634887695,2.36,2.42,4.82,340367182.2189331,4.82
2006-09-13,589.0999755859375,11.085000038146973,85.87000274658203,1318.0699462890625,11.180000305175781,63.970001220703125,4.764999866485596,2.35,2.42,4.8,207462038.21983337,4.8
2006-09-14,579.2999877929688,10.835000038146973,85.66000366210938,1316.280029296875,11.550000190734863,63.220001220703125,4.793000221252441,2.35,2.44,4.83,436800052.5112152,4.83
2006-09-15,576.4000244140625,10.760000228881836,85.98999786376953,1319.6600341796875,11.760000228881836,63.33000183105469,4.797999858856201,2.38,2.42,4.87,370505529.84924316,4.87
2006-09-18,586.2000122070312,11.175000190734863,85.80999755859375,1321.1800537109375,11.779999732971191,63.79999923706055,4.809999942779541,2.39,2.42,4.88,258465498.9681244,4.88
2006-09-19,576.7999877929688,10.829999923706055,85.94000244140625,1317.6400146484375,11.979999542236328,61.65999984741211,4.736999988555908,2.35,2.39,4.79,300936030.31921387,4.79
2006-09-20,580.0,11.027000427246094,85.80999755859375,1325.1800537109375,11.390000343322754,60.459999084472656,4.729000091552734,2.39,2.34,4.81,308356542.9611206,4.81
2006-09-21,582.2000122070312,11.13700008392334,85.18000030517578,1318.030029296875,12.25,61.59000015258789,4.6479997634887695,2.31,2.34,4.71,224312862.95318604,4.71
2006-09-22,589.4000244140625,11.20199966430664,85.19999694824219,1314.780029296875,12.59000015258789,60.54999923706055,4.5970001220703125,2.27,2.33,4.67,194237550.0,4.67
2006-09-25,589.9000244140625,11.217000007629395,85.29000091552734,1326.3699951171875,12.119999885559082,61.45000076293945,4.554999828338623,2.24,2.32,4.63,222142050.0,4.63
2006-09-26,591.2000122070312,11.395000457763672,85.62999725341797,1336.3499755859375,11.529999732971191,61.0099983215332,4.585000038146973,2.25,2.34,4.68,162322120.63827515,4.68
2006-09-27,597.2999877929688,11.600000381469727,85.66000366210938,1336.5899658203125,11.579999923706055,62.959999084472656,4.593999862670898,2.26,2.34,4.66,278529195.39527893,4.66
2006-09-28,605.0,11.645000457763672,85.72000122070312,1338.8800048828125,11.720000267028809,62.7599983215332,4.625999927520752,2.27,2.36,4.68,235028514.59884644,4.68
2006-09-29,598.5999755859375,11.449999809265137,85.97000122070312,1335.8499755859375,11.979999542236328,62.90999984741211,4.632999897003174,2.27,2.37,4.71,190363473.9074707,4.71
2006-10-02,597.7000122070312,11.550000190734863,85.58999633789062,1331.3199462890625,12.569999694824219,61.029998779296875,4.618000030517578,2.27,2.35,4.66,119412023.08044434,4.66
2006-10-03,576.2999877929688,10.954999923706055,85.70999908447266,1334.1099853515625,12.239999771118164,58.68000030517578,4.616000175476074,2.29,2.33,4.67,298902321.194458,4.67
2006-10-04,562.0,10.704999923706055,85.83999633789062,1350.199951171875,11.859999656677246,59.40999984741211,4.565000057220459,2.27,2.3,4.6,459635334.2906952,4.6
2006-10-05,571.0,10.979999542236328,85.91999816894531,1353.219970703125,11.979999542236328,60.029998779296875,4.607999801635742,2.31,2.3,4.65,221458636.87591553,4.65
2006-10-06,572.4000244140625,11.085000038146973,86.44000244140625,1349.5899658203125,11.5600004196167,59.7599983215332,4.696000099182129,2.37,2.33,4.74,244071080.18836975,4.74
2006-10-09,578.4000244140625,11.329999923706055,86.5199966430664,1350.6600341796875,11.680000305175781,59.959999084472656,4.696000099182129,2.37,2.33,4.74,153856562.05215454,4.74
2006-10-10,571.9000244140625,11.135000228881836,87.0199966430664,1353.4200439453125,11.520000457763672,58.52000045776367,4.748000144958496,2.42,2.33,4.82,195059700.0,4.82
2006-10-11,572.2999877929688,11.244999885559082,87.12000274658203,1349.949951171875,11.619999885559082,57.59000015258789,4.783999919891357,2.45,2.33,4.85,167466099.14474487,4.85
2006-10-12,576.2999877929688,11.295000076293945,86.91999816894531,1362.8299560546875,11.09000015258789,57.86000061035156,4.7779998779296875,2.44,2.35,4.85,159678479.66194153,4.85
2006-10-13,588.7999877929688,11.597999572753906,87.12000274658203,1365.6199951171875,10.75,58.56999969482422,4.806000232696533,2.47,2.34,4.87,180301887.06054688,4.87
2006-10-16,594.7000122070312,11.82800006866455,87.0,1369.06005859375,11.09000015258789,59.939998626708984,4.788000106811523,2.45,2.34,4.85,117529367.36297607,4.85
2006-10-17,589.7000122070312,11.697999954223633,86.87000274658203,1364.050048828125,11.729999542236328,58.93000030517578,4.7779998779296875,2.46,2.32,4.83,155838919.05441284,4.83
2006-10-18,588.9000244140625,11.743000030517578,86.87999725341797,1365.800048828125,11.34000015258789,57.650001525878906,4.763999938964844,2.46,2.31,4.85,215552610.56137085,4.85
2006-10-19,599.0,12.085000038146973,86.23999786376953,1366.9599609375,10.899999618530273,58.5,4.785999774932861,2.49,2.3,4.85,175431788.54942322,4.85
2006-10-20,593.0,11.890000343322754,86.2699966430664,1368.5999755859375,10.630000114440918,56.81999969482422,4.783999919891357,2.49,2.3,4.87,187537586.10534668,4.87
2006-10-23,579.7000122070312,11.600000381469727,86.70999908447266,1377.02001953125,11.079999923706055,58.810001373291016,4.826000213623047,2.53,2.3,4.9,203419162.08877563,4.9
2006-10-24,584.4000244140625,11.779999732971191,86.62999725341797,1377.3800048828125,10.779999732971191,59.349998474121094,4.823999881744385,2.52,2.31,4.91,206980487.4847412,4.91
2006-10-25,587.5999755859375,11.819999694824219,86.37999725341797,1382.219970703125,10.65999984741211,61.400001525878906,4.7729997634887695,2.44,2.34,4.88,257615584.64126587,4.88
2006-10-26,596.7999877929688,12.170000076293945,85.88999938964844,1389.0799560546875,10.5600004196167,60.36000061035156,4.7210001945495605,2.41,2.32,4.81,310744823.79837036,4.81
2006-10-27,598.2000122070312,12.015000343322754,85.55999755859375,1377.3399658203125,10.800000190734863,60.75,4.675000190734863,2.37,2.31,4.76,182993584.70077515,4.76
2006-10-30,604.7000122070312,12.194999694824219,85.58999633789062,1377.9300537109375,11.199999809265137,58.36000061035156,4.672999858856201,2.39,2.29,4.78,280074437.134552,4.78
2006-10-31,604.0999755859375,12.211999893188477,85.31999969482422,1377.93994140625,11.100000381469727,58.72999954223633,4.605999946594238,2.34,2.27,4.71,277284727.72598267,4.71
2006-11-01,616.5999755859375,12.416999816894531,85.31999969482422,1367.81005859375,11.510000228881836,58.709999084472656,4.560999870300293,2.29,2.28,4.66,501452332.9879761,4.66
2006-11-02,625.4000244140625,12.597999572753906,85.33999633789062,1367.3399658203125,11.420000076293945,57.880001068115234,4.5960001945495605,2.32,2.28,4.67,413656547.76763916,4.67
2006-11-03,626.9000244140625,12.585000038146973,85.70999908447266,1364.300048828125,11.15999984741211,59.13999938964844,4.715000152587891,2.4,2.32,4.82,458478154.385376,4.82
2006-11-06,625.7999877929688,12.713000297546387,85.75,1379.780029296875,11.15999984741211,60.02000045776367,4.709000110626221,2.36,2.35,4.82,252412173.5107422,4.82
2006-11-07,625.7000122070312,12.628000259399414,85.43000030517578,1382.8399658203125,11.09000015258789,58.93000030517578,4.658999919891357,2.32,2.34,4.77,330822100.881958,4.77
2006-11-08,616.4000244140625,12.506999969482422,85.41000366210938,1385.719970703125,10.75,59.83000183105469,4.632999897003174,2.29,2.35,4.75,325062426.24664307,4.75
2006-11-09,635.0,13.010000228881836,85.18000030517578,1378.3299560546875,11.010000228881836,61.15999984741211,4.632999897003174,2.28,2.34,4.75,417660665.0619507,4.75
2006-11-10,628.4000244140625,13.07699966430664,85.05000305175781,1380.9000244140625,10.789999961853027,59.59000015258789,4.585999965667725,2.25,2.34,4.73,277268137.4473572,4.73
2006-11-13,624.2000122070312,12.854999542236328,85.36000061035156,1384.4200439453125,10.859999656677246,58.58000183105469,4.605000019073486,2.29,2.32,4.76,211993267.3187256,4.76
2006-11-14,623.7999877929688,12.861000061035156,85.23999786376953,1393.219970703125,10.5,58.279998779296875,4.567999839782715,2.28,2.29,4.74,351673112.09487915,4.74
2006-11-15,622.5,12.916999816894531,85.33999633789062,1396.5699462890625,10.3100004196167,58.7599983215332,4.614999771118164,2.3,2.31,4.8,232549320.57380676,4.8
2006-11-16,620.5999755859375,12.92199993133545,85.5,1399.760009765625,10.15999984741211,56.2599983215332,4.65500020980835,2.38,2.28,4.85,266545230.9703827,4.85
2006-11-17,621.5,12.779000282287598,85.37000274658203,1401.199951171875,10.050000190734863,55.810001373291016,4.60699987411499,2.33,2.28,4.76,209489797.86071777,4.76
2006-11-20,621.2000122070312,12.720999717712402,85.41999816894531,1400.5,9.970000267028809,58.79999923706055,4.59499979019165,2.33,2.27,4.76,182048545.3491211,4.76
2006-11-21,628.2000122070312,13.071999549865723,85.23999786376953,1402.81005859375,9.899999618530273,60.16999816894531,4.578000068664551,2.31,2.27,4.75,182476009.34143066,4.75
2006-11-22,628.7000122070312,13.029999732971191,84.6500015258789,1406.0899658203125,10.140000343322754,59.2400016784668,4.567999839782715,2.3,2.27,4.74,303975000.0,4.74
2006-11-23,628.7000122070312,13.029999732971191,84.4800033569336,1406.0899658203125,10.140000343322754,59.2400016784668,4.567999839782715,2.3,2.27,4.74,303975000.0,4.74
2006-11-24,628.7000122070312,13.029999732971191,83.70999908447266,1400.949951171875,10.729999542236328,59.2400016784668,4.547999858856201,2.27,2.28,4.73,437267350.0,4.73
2006-11-27,628.7000122070312,13.484999656677246,83.51000213623047,1381.9599609375,12.300000190734863,60.31999969482422,4.538000106811523,2.24,2.3,4.71,334412264.00527954,4.71
2006-11-28,637.2000122070312,13.619999885559082,83.20999908447266,1386.719970703125,11.619999885559082,60.9900016784668,4.508999824523926,2.21,2.3,4.67,385068916.1514282,4.67
2006-11-29,635.5,13.565999984741211,83.44000244140625,1399.47998046875,10.829999923706055,62.459999084472656,4.520999908447266,2.22,2.3,4.69,253050539.38865662,4.69
2006-11-30,646.9000244140625,13.925000190734863,82.91999816894531,1400.6300048828125,10.90999984741211,63.130001068115234,4.458000183105469,2.16,2.3,4.62,409694249.1165161,4.62
2006-12-01,644.7000122070312,14.005999565124512,82.4800033569336,1396.7099609375,11.65999984741211,63.43000030517578,4.425000190734863,2.1,2.33,4.52,408046873.47869873,4.52
2006-12-04,645.2000122070312,14.060999870300293,82.48999786376953,1409.1199951171875,11.229999542236328,62.439998626708984,4.433000087738037,2.11,2.32,4.52,222438701.52816772,4.52
2006-12-05,642.2999877929688,13.845000267028809,82.44999694824219,1414.760009765625,11.270000457763672,62.43000030517578,4.441999912261963,2.11,2.34,4.52,335296033.216095,4.52
2006-12-06,630.5,13.614999771118164,82.7699966430664,1412.9000244140625,11.329999923706055,62.189998626708984,4.480999946594238,2.14,2.34,4.59,400369676.2294769,4.59
2006-12-07,631.9000244140625,13.861000061035156,82.80000305175781,1407.2900390625,12.670000076293945,62.4900016784668,4.482999801635742,2.15,2.34,4.58,337775955.53512573,4.58
2006-12-08,626.0999755859375,13.718999862670898,83.33000183105469,1409.8399658203125,12.069999694824219,62.029998779296875,4.552000045776367,2.21,2.35,4.68,377319840.3606415,4.68
2006-12-11,630.0,13.850000381469727,83.12000274658203,1413.0400390625,10.710000038146973,61.220001220703125,4.519999980926514,2.17,2.35,4.67,197958965.03448486,4.67
2006-12-12,627.0,13.812999725341797,82.97000122070312,1411.56005859375,10.649999618530273,61.02000045776367,4.491000175476074,2.15,2.34,4.61,188679109.381485,4.61
2006-12-13,627.9000244140625,13.746999740600586,82.97000122070312,1413.2099609375,10.180000305175781,61.369998931884766,4.577000141143799,2.22,2.36,4.7,224640590.3541565,4.7
2006-12-14,626.5999755859375,13.78499984741211,83.6500015258789,1425.489990234375,9.970000267028809,62.5099983215332,4.59499979019165,2.23,2.37,4.73,138981073.6103058,4.73
2006-12-15,615.0,12.822999954223633,84.05999755859375,1427.0899658203125,10.050000190734863,63.43000030517578,4.5970001220703125,2.29,2.31,4.73,453095800.0,4.73
2006-12-18,614.0,12.381999969482422,83.9800033569336,1422.47998046875,10.600000381469727,62.209999084472656,4.586999893188477,2.31,2.29,4.71,236884035.55297852,4.71
2006-12-19,621.5999755859375,12.569999694824219,83.45999908447266,1425.550048828125,10.300000190734863,63.150001525878906,4.598999977111816,2.31,2.29,4.71,262952816.75376892,4.71
2006-12-20,620.5999755859375,12.510000228881836,83.5199966430664,1423.530029296875,10.260000228881836,63.720001220703125,4.59499979019165,2.32,2.28,4.71,183584462.81776428,4.71
2006-12-21,618.2000122070312,12.357999801635742,83.56999969482422,1418.300048828125,10.529999732971191,62.65999984741211,4.548999786376953,2.29,2.26,4.66,152424956.65245056,4.66
2006-12-22,619.0999755859375,12.508000373840332,83.94000244140625,1410.760009765625,11.359999656677246,62.40999984741211,4.624000072479248,2.35,2.28,4.71,84300212.08648682,4.71
2006-12-26,623.7000122070312,12.602999687194824,84.06999969482422,1416.9000244140625,11.260000228881836,61.099998474121094,4.603000164031982,2.34,2.27,4.71,122422895.0958252,4.71
2006-12-27,627.2000122070312,12.803000450134277,83.94000244140625,1426.8399658203125,10.640000343322754,60.34000015258789,4.6539998054504395,2.39,2.27,4.77,190610973.73962402,4.77
2006-12-28,634.0999755859375,12.822999954223633,83.81999969482422,1424.72998046875,10.989999771118164,60.529998779296875,4.690000057220459,2.41,2.29,4.82,159696813.87405396,4.82
2006-12-29,635.2000122070312,12.817999839782715,83.72000122070312,1418.300048828125,11.5600004196167,61.04999923706055,4.710000038146973,2.41,2.3,4.82,133828210.06164551,4.82
2007-01-02,635.2000122070312,12.817999839782715,83.19999694824219,1418.300048828125,11.5600004196167,61.04999923706055,4.710000038146973,2.38,2.3,4.8,133828210.06164551,4.8
2007-01-03,627.0999755859375,12.555000305175781,83.91999816894531,1416.5999755859375,12.039999961853027,58.31999969482422,4.664000034332275,2.36,2.31,4.76,502095122.1588135,4.76
2007-01-04,623.9000244140625,12.72700023651123,84.31999969482422,1418.3399658203125,11.510000228881836,55.59000015258789,4.618000030517578,2.36,2.26,4.71,299532697.41363525,4.71
2007-01-05,604.9000244140625,12.130000114440918,84.62999725341797,1409.7099609375,12.140000343322754,56.310001373291016,4.645999908447266,2.38,2.27,4.76,752130994.1116333,4.76
2007-01-08,607.5,12.260000228881836,84.5999984741211,1412.8399658203125,12.0,56.09000015258789,4.659999847412109,2.38,2.28,4.78,210391774.4075775,4.78
2007-01-09,613.0999755859375,12.498000144958496,84.73999786376953,1412.1099853515625,11.90999984741211,55.63999938964844,4.656000137329102,2.39,2.27,4.79,253768833.6364746,4.79
2007-01-10,611.5999755859375,12.350000381469727,85.08000183105469,1414.8499755859375,11.470000267028809,54.02000045776367,4.682000160217285,2.42,2.27,4.81,228181940.574646,4.81
2007-01-11,612.4000244140625,12.375,85.30999755859375,1423.8199462890625,10.869999885559082,51.880001068115234,4.736999988555908,2.43,2.31,4.86,281323204.9560547,4.86
2007-01-12,625.5,12.79800033569336,85.02999877929688,1430.72998046875,10.149999618530273,52.9900016784668,4.770999908447266,2.49,2.28,4.88,363085223.3062744,4.88
2007-01-16,624.5999755859375,12.539999961853027,85.05000305175781,1431.9000244140625,10.739999771118164,51.209999084472656,4.750999927520752,2.48,2.27,4.86,198365973.9074707,4.86
2007-01-17,632.0999755859375,12.812999725341797,84.9800033569336,1430.6199951171875,10.59000015258789,52.2400016784668,4.7870001792907715,2.5,2.29,4.91,282894765.2435303,4.91
2007-01-18,627.0999755859375,12.607999801635742,84.91000366210938,1426.3699951171875,10.850000381469727,50.47999954223633,4.750999927520752,2.47,2.28,4.89,277685818.51387024,4.89
2007-01-19,635.5,12.845000267028809,84.86000061035156,1430.5,10.399999618530273,51.9900016784668,4.7729997634887695,2.47,2.31,4.93,205279200.0,4.93
2007-01-22,633.2999877929688,12.925000190734863,85.0199966430664,1422.949951171875,10.770000457763672,51.130001068115234,4.758999824523926,2.44,2.32,4.91,247192068.81103516,4.91
2007-01-23,645.2000122070312,13.1850004196167,84.66999816894531,1427.989990234375,10.34000015258789,55.040000915527344,4.803999900817871,2.46,2.35,4.94,406062081.2225342,4.94
2007-01-24,647.5999755859375,13.201000213623047,84.94000244140625,1440.1300048828125,9.890000343322754,55.369998931884766,4.809999942779541,2.44,2.37,4.93,337166405.5969238,4.93
2007-01-25,647.7999877929688,13.42199993133545,85.11000061035156,1423.9000244140625,11.220000267028809,54.22999954223633,4.867000102996826,2.48,2.39,4.98,383443927.3864746,4.98
2007-01-26,644.5,13.3100004196167,85.27999877929688,1422.1800537109375,11.130000114440918,55.41999816894531,4.879000186920166,2.48,2.4,4.99,224203556.60247803,4.99
2007-01-29,643.0999755859375,13.1899995803833,85.0999984741211,1420.6199951171875,11.449999809265137,54.0099983215332,4.892000198364258,2.5,2.4,4.99,222385122.59635925,4.99
2007-01-30,644.2000122070312,13.319000244140625,85.02999877929688,1428.8199462890625,10.960000038146973,56.970001220703125,4.875,2.46,2.42,4.98,198709527.7770996,4.98
2007-01-31,652.0,13.513999938964844,84.61000061035156,1438.239990234375,10.420000076293945,58.13999938964844,4.826000213623047,2.4,2.43,4.94,382555357.8048706,4.94
2007-02-01,657.4000244140625,13.67199993133545,84.62999725341797,1445.93994140625,10.3100004196167,57.29999923706055,4.836999893188477,2.42,2.42,4.96,409888141.6717529,4.96
2007-02-02,646.2000122070312,13.32699966430664,84.95999908447266,1448.3900146484375,10.079999923706055,59.02000045776367,4.827000141143799,2.42,2.41,4.94,583565968.9178467,4.94
2007-02-05,650.9000244140625,13.515000343322754,85.08000183105469,1446.989990234375,10.550000190734863,58.7400016784668,4.808000087738037,2.41,2.4,4.92,164215578.76586914,4.92
2007-02-06,653.5999755859375,13.630000114440918,84.77999877929688,1448.0,10.649999618530273,58.880001068115234,4.764999866485596,2.4,2.37,4.9,189756954.68139648,4.9
2007-02-07,652.2999877929688,13.666999816894531,84.75,1450.02001953125,10.319999694824219,57.709999084472656,4.744999885559082,2.4,2.34,4.87,198756630.55343628,4.87
2007-02-08,658.0,13.732000350952148,84.69999694824219,1448.31005859375,10.4399995803833,59.709999084472656,4.730000019073486,2.39,2.34,4.87,312523831.98776245,4.87
2007-02-09,667.5,13.878999710083008,84.87000274658203,1438.06005859375,11.100000381469727,59.88999938964844,4.783999919891357,2.43,2.36,4.92,450706998.7220764,4.92
2007-02-12,662.5999755859375,13.678999900817871,85.1500015258789,1433.3699951171875,11.609999656677246,57.810001373291016,4.803999900817871,2.46,2.34,4.94,270133537.46795654,4.94
2007-02-13,663.9000244140625,13.880999565124512,84.7300033569336,1444.260009765625,10.34000015258789,59.060001373291016,4.814000129699707,2.46,2.36,4.95,272794856.8267822,4.95
2007-02-14,667.4000244140625,13.932999610900879,84.19999694824219,1455.300048828125,10.229999542236328,58.0,4.730000019073486,2.38,2.36,4.87,277068213.46588135,4.87
2007-02-15,667.2999877929688,13.9399995803833,84.01000213623047,1456.81005859375,10.220000267028809,57.9900016784668,4.705999851226807,2.38,2.32,4.83,509590522.1008301,4.83
2007-02-16,668.7999877929688,13.970000267028809,84.08999633789062,1455.5400390625,10.020000457763672,59.38999938964844,4.690000057220459,2.36,2.33,4.83,212378545.95336914,4.83
2007-02-20,657.0999755859375,13.812000274658203,84.19000244140625,1459.6800537109375,10.239999771118164,58.06999969482422,4.679999828338623,2.36,2.32,4.81,314186805.25512695,4.81
2007-02-21,680.2000122070312,14.258000373840332,84.20999908447266,1457.6300048828125,10.199999809265137,60.06999969482422,4.691999912261963,2.33,2.36,4.82,746015728.0982971,4.82
2007-02-22,679.4000244140625,14.241000175476074,84.31999969482422,1456.3800048828125,10.180000305175781,60.95000076293945,4.730000019073486,2.35,2.38,4.87,440692030.0140381,4.87
2007-02-23,683.0999755859375,14.58899974822998,84.06999969482422,1451.18994140625,10.579999923706055,61.13999938964844,4.677999973297119,2.3,2.38,4.82,550306273.9196777,4.82
2007-02-26,686.5,14.6899995803833,83.93000030517578,1449.3699951171875,11.149999618530273,61.38999938964844,4.63100004196167,2.26,2.37,4.77,357811011.98272705,4.77
2007-02-27,683.9000244140625,14.545000076293945,83.4800033569336,1399.0400390625,18.309999465942383,61.459999084472656,4.513000011444092,2.14,2.36,4.59,994794581.6955566,4.59
2007-02-28,669.4000244140625,14.100000381469727,83.56999969482422,1406.8199462890625,15.420000076293945,61.790000915527344,4.550000190734863,2.2,2.36,4.65,593280845.9579468,4.65
2007-03-01,662.2999877929688,13.529999732971191,83.68000030517578,1403.1700439453125,15.819999694824219,62.0,4.556000232696533,2.19,2.37,4.63,467848557.83081055,4.63
2007-03-02,641.5,12.845000267028809,83.73999786376953,1387.1700439453125,18.610000610351562,61.63999938964844,4.514999866485596,2.15,2.37,4.56,874878449.4277954,4.56
2007-03-05,636.7000122070312,12.640000343322754,84.1500015258789,1374.1199951171875,19.6299991607666,60.06999969482422,4.51800012588501,2.17,2.34,4.53,618589316.9998169,4.53
2007-03-06,643.7999877929688,12.876999855041504,84.06999969482422,1395.4100341796875,15.960000038146973,60.689998626708984,4.5279998779296875,2.19,2.34,4.58,448581715.6700134,4.58
2007-03-07,650.5999755859375,13.0,83.77999877929688,1391.969970703125,15.239999771118164,61.81999969482422,4.497000217437744,2.16,2.34,4.54,394274758.71276855,4.54
2007-03-08,653.4000244140625,13.017000198364258,84.0999984741211,1401.8900146484375,14.289999961853027,61.63999938964844,4.508999824523926,2.17,2.34,4.56,276296814.38446045,4.56
2007-03-09,650.0,12.869999885559082,84.23999786376953,1402.8399658203125,14.09000015258789,60.04999923706055,4.589000225067139,2.25,2.34,4.66,579888375.0,4.66
2007-03-12,648.4000244140625,12.984999656677246,83.86000061035156,1406.5999755859375,13.989999771118164,58.90999984741211,4.552999973297119,2.22,2.34,4.62,293449968.52111816,4.62
2007-03-13,647.5999755859375,12.86299991607666,83.7300033569336,1377.949951171875,18.1299991607666,57.93000030517578,4.494999885559082,2.15,2.35,4.52,276041417.288208,4.52
2007-03-14,640.9000244140625,12.739999771118164,83.61000061035156,1387.1700439453125,17.270000457763672,58.15999984741211,4.521999835968018,2.18,2.35,4.54,474242969.81430054,4.54
2007-03-15,645.7000122070312,12.987000465393066,83.68000030517578,1392.280029296875,16.43000030517578,57.54999923706055,4.535999774932861,2.17,2.37,4.57,450272042.7783966,4.57
2007-03-16,652.5999755859375,13.126999855041504,83.2300033569336,1386.949951171875,16.790000915527344,57.11000061035156,4.545000076293945,2.16,2.39,4.58,325691275.8430481,4.58
2007-03-19,653.0999755859375,13.147000312805176,83.38999938964844,1402.06005859375,14.59000015258789,56.59000015258789,4.571000099182129,2.18,2.4,4.61,193604963.61160278,4.61
2007-03-20,657.9000244140625,13.28499984741211,83.11000061035156,1410.93994140625,13.270000457763672,56.72999954223633,4.546999931335449,2.17,2.39,4.6,288251886.17477417,4.6
2007-03-21,659.0,13.237000465393066,82.7699966430664,1435.0400390625,12.1899995803833,59.61000061035156,4.51800012588501,2.14,2.39,4.51,332983378.4561157,4.51
2007-03-22,663.4000244140625,13.402999877929688,83.08999633789062,1434.5400390625,12.930000305175781,61.689998626708984,4.589000225067139,2.17,2.43,4.58,310367482.08236694,4.58
2007-03-23,656.7000122070312,13.152000427246094,83.27999877929688,1436.1099853515625,12.949999809265137,62.279998779296875,4.61299991607666,2.19,2.43,4.6,364383958.5342407,4.6
2007-03-26,663.4000244140625,13.34000015258789,83.08000183105469,1437.5,13.15999984741211,62.90999984741211,4.586999893188477,2.16,2.44,4.56,258672177.6123047,4.56
2007-03-27,662.0999755859375,13.210000038146973,83.01000213623047,1428.6099853515625,13.479999542236328,62.93000030517578,4.611999988555908,2.16,2.46,4.58,214293680.04608154,4.58
2007-03-28,666.5,13.38700008392334,83.02999877929688,1417.22998046875,14.979999542236328,64.08000183105469,4.619999885559082,2.17,2.45,4.53,416775519.2565918,4.53
2007-03-29,661.5,13.277999877929688,83.08999633789062,1422.530029296875,15.140000343322754,66.02999877929688,4.631999969482422,2.18,2.46,4.58,357680903.31344604,4.58
2007-03-30,663.0,13.390000343322754,82.93000030517578,1420.8599853515625,14.640000343322754,65.87000274658203,4.6479997634887695,2.21,2.44,4.58,282037738.83514404,4.58
2007-04-02,665.7000122070312,13.293000221252441,82.87000274658203,1424.550048828125,14.529999732971191,65.94000244140625,4.642000198364258,2.21,2.44,4.6,354147876.79367065,4.6
2007-04-03,664.0,13.375,83.1500015258789,1437.77001953125,13.460000038146973,64.63999938964844,4.664000034332275,2.25,2.42,4.63,272648118.5836792,4.63
2007-04-04,672.0999755859375,13.569999694824219,82.95999908447266,1439.3699951171875,13.239999771118164,64.37999725341797,4.6519999504089355,2.23,2.43,4.61,476094723.6022949,4.61
2007-04-05,674.2000122070312,13.694000244140625,82.68000030517578,1443.760009765625,13.229999542236328,64.27999877929688,4.673999786376953,2.22,2.46,4.63,240207924.19281006,4.63
2007-04-09,671.9000244140625,13.765999794006348,83.0999984741211,1444.6099853515625,13.140000343322754,61.5099983215332,4.744999885559082,2.27,2.48,4.73,219369364.9749756,4.73
2007-04-10,676.5,13.887999534606934,82.69999694824219,1448.3900146484375,12.680000305175781,61.88999938964844,4.723999977111816,2.27,2.46,4.71,184146014.0411377,4.71
2007-04-11,676.7999877929688,13.850000381469727,82.66999816894531,1438.8699951171875,13.489999771118164,62.0099983215332,4.738999843597412,2.28,2.46,4.73,292274275.9780884,4.73
2007-04-12,675.0999755859375,13.819999694824219,82.37000274658203,1447.800048828125,12.710000038146973,63.849998474121094,4.736999988555908,2.28,2.46,4.73,403407068.13583374,4.73
2007-04-13,685.4000244140625,14.057999610900879,82.12999725341797,1452.8499755859375,12.199999809265137,63.630001068115234,4.761000156402588,2.31,2.45,4.76,343453549.45983887,4.76
2007-04-16,690.0999755859375,14.050000190734863,82.06999969482422,1468.3299560546875,11.979999542236328,63.61000061035156,4.735000133514404,2.3,2.44,4.74,541201332.0732117,4.74
2007-04-17,688.2000122070312,13.991999626159668,81.83000183105469,1471.47998046875,12.140000343322754,63.099998474121094,4.688000202178955,2.29,2.4,4.68,282812000.0,4.68
2007-04-18,689.0999755859375,13.949000358581543,81.73999786376953,1472.5,12.420000076293945,63.130001068115234,4.6539998054504395,2.26,2.4,4.64,337352716.44973755,4.64
2007-04-19,684.2999877929688,13.715999603271484,81.63999938964844,1470.72998046875,12.539999961853027,61.83000183105469,4.670000076293945,2.27,2.41,4.64,360920831.4758301,4.64
2007-04-20,692.0,13.937999725341797,81.63999938964844,1484.3499755859375,12.069999694824219,63.380001068115234,4.671999931335449,2.27,2.41,4.64,230701459.7518921,4.64
2007-04-23,690.5999755859375,14.032999992370605,81.73999786376953,1480.9300537109375,13.039999961853027,65.88999938964844,4.650000095367432,2.25,2.41,4.62,169796755.3138733,4.62
2007-04-24,684.2000122070312,13.769000053405762,81.55000305175781,1480.4100341796875,13.119999885559082,64.58000183105469,4.622000217437744,2.21,2.42,4.58,343641718.032074,4.58
2007-04-25,684.0999755859375,13.751999855041504,81.43000030517578,1495.4200439453125,13.210000038146973,65.83999633789062,4.645999908447266,2.22,2.44,4.63,177471247.40447998,4.63
2007-04-26,674.9000244140625,13.319999694824219,81.75,1494.25,12.789999961853027,65.05999755859375,4.684000015258789,2.26,2.43,4.67,312149172.8210449,4.67
2007-04-27,678.7000122070312,13.442999839782715,81.52999877929688,1494.0699462890625,12.449999809265137,66.45999908447266,4.697999954223633,2.25,2.46,4.67,353453639.2272949,4.67
2007-04-30,680.5,13.444999694824219,81.44999694824219,1482.3699951171875,14.220000267028809,65.70999908447266,4.630000114440918,2.2,2.43,4.6,174796276.45874023,4.6
2007-05-01,674.4000244140625,13.244999885559082,81.5999984741211,1486.300048828125,13.510000228881836,64.4000015258789,4.642000198364258,2.19,2.45,4.63,263178756.63452148,4.63
2007-05-02,672.2999877929688,13.21399974822998,81.73999786376953,1495.9200439453125,13.079999923706055,63.68000030517578,4.645999908447266,2.22,2.43,4.65,299923354.4769287,4.65
2007-05-03,681.7999877929688,13.392999649047852,81.94999694824219,1502.3900146484375,13.09000015258789,63.189998626708984,4.673999786376953,2.25,2.43,4.71,265654129.59136963,4.71
2007-05-04,687.2000122070312,13.414999961853027,81.73999786376953,1505.6199951171875,12.90999984741211,61.93000030517578,4.639999866485596,2.24,2.41,4.68,225968030.09033203,4.68
2007-05-07,688.0,13.527000427246094,81.68000030517578,1509.47998046875,13.149999618530273,61.470001220703125,4.636000156402588,2.27,2.37,4.68,136165575.0,4.68
2007-05-08,685.0999755859375,13.48900032043457,81.94000244140625,1507.719970703125,13.210000038146973,62.2599983215332,4.633999824523926,2.27,2.36,4.68,168023357.2013855,4.68
2007-05-09,680.2999877929688,13.361000061035156,82.0199966430664,1512.5799560546875,12.880000114440918,61.54999923706055,4.668000221252441,2.29,2.38,4.73,313473860.81695557,4.73
2007-05-10,665.0999755859375,13.039999961853027,82.29000091552734,1491.469970703125,13.600000381469727,61.810001373291016,4.6479997634887695,2.27,2.38,4.7,365376000.0,4.7
2007-05-11,670.5999755859375,13.210000038146973,82.12000274658203,1505.8499755859375,12.949999809265137,62.369998931884766,4.670000076293945,2.3,2.37,4.71,195183576.03607178,4.71
2007-05-14,668.5,13.142000198364258,82.06999969482422,1503.1500244140625,13.960000038146973,62.459999084472656,4.690000057220459,2.32,2.37,4.73,238448923.60839844,4.73
2007-05-15,673.0,13.22599983215332,81.75,1501.18994140625,14.010000228881836,63.16999816894531,4.711999893188477,2.37,2.34,4.75,170781566.34979248,4.75
2007-05-16,660.2000122070312,12.843000411987305,82.16000366210938,1514.1400146484375,13.5,62.54999923706055,4.708000183105469,2.38,2.33,4.73,476813588.90914917,4.73
2007-05-17,656.2000122070312,12.805999755859375,82.31999969482422,1512.75,13.510000228881836,64.86000061035156,4.75600004196167,2.41,2.35,4.78,566477398.7426758,4.78
2007-05-18,661.0,12.925999641418457,82.19999694824219,1522.75,12.760000228881836,64.94000244140625,4.803999900817871,2.46,2.35,4.82,206925253.39813232,4.82
2007-05-21,662.9000244140625,13.057000160217285,82.36000061035156,1525.0999755859375,13.300000190734863,66.2699966430664,4.788000106811523,2.43,2.36,4.81,719368860.9420776,4.81
2007-05-22,659.0999755859375,12.918999671936035,82.38999938964844,1524.1199951171875,13.0600004196167,64.97000122070312,4.830999851226807,2.48,2.35,4.83,383812822.0352173,4.83
2007-05-23,661.9000244140625,13.03499984741211,82.30999755859375,1522.280029296875,13.239999771118164,65.7699966430664,4.859000205993652,2.5,2.36,4.85,422195577.89764404,4.85
2007-05-24,653.0,12.85200023651123,82.41000366210938,1507.510009765625,14.079999923706055,64.18000030517578,4.85699987411499,2.48,2.38,4.85,403263000.0,4.85
2007-05-25,655.0999755859375,12.9350004196167,82.33000183105469,1515.72998046875,13.34000015258789,65.19999694824219,4.861000061035156,2.49,2.37,4.85,273890954.296875,4.85
2007-05-29,657.0999755859375,13.157999992370605,82.30999755859375,1518.1099853515625,13.529999732971191,63.150001525878906,4.881999969482422,2.54,2.34,4.88,217535515.97976685,4.88
2007-05-30,653.0999755859375,13.154999732971191,82.43000030517578,1530.22998046875,12.829999923706055,63.4900016784668,4.877999782562256,2.52,2.36,4.89,177514019.34814453,4.89
2007-05-31,661.0,13.409000396728516,82.30000305175781,1530.6199951171875,13.050000190734863,64.01000213623047,4.889999866485596,2.54,2.36,4.92,493562084.89456177,4.92
2007-06-01,671.2000122070312,13.680999755859375,82.31999969482422,1536.3399658203125,12.779999732971191,65.08000183105469,4.955999851226807,2.57,2.38,4.97,374376125.75683594,4.97
2007-06-04,670.7000122070312,13.685999870300293,82.05999755859375,1539.1800537109375,13.289999961853027,66.20999908447266,4.928999900817871,2.55,2.38,4.97,174754004.40444946,4.97
2007-06-05,669.5999755859375,13.756999969482422,81.88999938964844,1530.949951171875,13.630000114440918,65.61000061035156,4.97599983215332,2.6,2.38,4.99,247434007.23953247,4.99
2007-06-06,669.2999877929688,13.663999557495117,81.9000015258789,1517.3800048828125,14.869999885559082,65.95999908447266,4.96999979019165,2.58,2.39,4.97,238850219.17114258,4.97
2007-06-07,660.0999755859375,13.4350004196167,82.29000091552734,1490.719970703125,17.059999465942383,66.93000030517578,5.098999977111816,2.7,2.41,5.03,417292031.6596985,5.03
2007-06-08,645.5,12.99899959564209,82.69000244140625,1507.6700439453125,14.84000015258789,64.76000213623047,5.118000030517578,2.69,2.43,5.01,469647290.927124,5.01
2007-06-11,654.2999877929688,13.237000465393066,82.70999908447266,1509.1199951171875,14.710000038146973,65.97000122070312,5.13700008392334,2.72,2.42,5.01,298047005.94177246,5.01
2007-06-12,648.5,13.055000305175781,82.88999938964844,1493.0,16.670000076293945,65.3499984741211,5.248000144958496,2.83,2.43,5.08,261092113.78479004,5.08
2007-06-13,648.2000122070312,13.027000427246094,83.04000091552734,1515.6700439453125,14.729999542236328,66.26000213623047,5.199999809265137,2.75,2.45,5.08,180896945.57800293,5.08
2007-06-14,651.5999755859375,13.135000228881836,83.12999725341797,1522.969970703125,13.640000343322754,67.6500015258789,5.2170000076293945,2.77,2.46,5.1,178644835.78033447,5.1
2007-06-15,654.5,13.234000205993652,82.8499984741211,1532.9100341796875,13.9399995803833,68.0,5.171000003814697,2.73,2.43,5.05,196683560.37216187,5.05
2007-06-18,655.7999877929688,13.211000442504883,82.70999908447266,1531.050048828125,13.420000076293945,69.08999633789062,5.142000198364258,2.73,2.42,5.01,116325444.53430176,5.01
2007-06-19,660.7000122070312,13.303000450134277,82.54000091552734,1533.699951171875,12.850000381469727,69.0999984741211,5.085999965667725,2.67,2.42,4.94,176854941.06674194,4.94
2007-06-20,656.0999755859375,13.227999687194824,82.5199966430664,1512.8399658203125,14.670000076293945,68.19000244140625,5.123000144958496,2.73,2.41,4.97,167702433.62731934,4.97
2007-06-21,650.5999755859375,13.074999809265137,82.7300033569336,1522.18994140625,14.210000038146973,68.6500015258789,5.163000106811523,2.74,2.42,4.98,174905945.3857422,4.98
2007-06-22,653.5,13.008000373840332,82.33999633789062,1502.56005859375,15.75,69.13999938964844,5.138000011444092,2.7,2.44,4.92,122486021.69189453,4.92
2007-06-25,651.2999877929688,12.866000175476074,82.31999969482422,1497.739990234375,16.649999618530273,69.18000030517578,5.078000068664551,2.67,2.42,4.87,220666308.04519653,4.87
2007-06-26,642.0999755859375,12.270000457763672,82.29000091552734,1492.8900146484375,18.889999389648438,67.7699966430664,5.10099983215332,2.7,2.4,4.9,526544559.1598511,4.9
2007-06-27,641.7000122070312,12.210000038146973,82.31999969482422,1506.3399658203125,15.529999732971191,68.97000122070312,5.070000171661377,2.7,2.39,4.91,298574089.41345215,4.91
2007-06-28,647.5,12.378999710083008,82.33000183105469,1505.7099609375,15.539999961853027,69.56999969482422,5.118000030517578,2.73,2.39,4.96,271929051.0398865,4.96
2007-06-29,648.0999755859375,12.352999687194824,81.91999816894531,1503.3499755859375,16.229999542236328,70.68000030517578,5.0329999923706055,2.65,2.38,4.87,177153818.74694824,4.87
2007-07-02,656.5,12.621999740600586,81.38999938964844,1519.4300537109375,15.399999618530273,71.08999633789062,4.998000144958496,2.61,2.39,4.86,175957114.9154663,4.86
2007-07-03,652.9000244140625,12.569000244140625,81.43000030517578,1524.8699951171875,14.920000076293945,71.41000366210938,5.050000190734863,2.68,2.37,4.89,118817318.07937622,4.89
2007-07-05,648.4000244140625,12.468999862670898,81.54000091552734,1525.4000244140625,15.479999542236328,71.80999755859375,5.144000053405762,2.76,2.4,4.99,279144736.0656738,4.99
2007-07-06,652.7000122070312,12.64799976348877,81.45999908447266,1530.43994140625,14.720000267028809,72.80999755859375,5.195000171661377,2.79,2.4,4.99,524922264.6018982,4.99
2007-07-09,660.5,12.71399974822998,81.43000030517578,1531.8499755859375,15.15999984741211,72.19000244140625,5.158999919891357,2.75,2.41,4.97,345258689.4958496,4.97
2007-07-10,662.5,12.866999626159668,80.86000061035156,1510.1199951171875,17.56999969482422,72.80999755859375,5.038000106811523,2.64,2.39,4.85,263502884.45129395,4.85
2007-07-11,660.2999877929688,12.869000434875488,80.7300033569336,1518.760009765625,16.639999389648438,72.55999755859375,5.079999923706055,2.71,2.38,4.89,238659688.9038086,4.89
2007-07-12,666.7000122070312,13.07800006866455,80.63999938964844,1547.699951171875,15.539999961853027,72.5,5.116000175476074,2.74,2.39,4.94,387576992.29278564,4.94
2007-07-13,665.7999877929688,13.01099967956543,80.58000183105469,1552.5,15.149999618530273,73.93000030517578,5.10699987411499,2.73,2.38,4.94,252089329.3395996,4.94
2007-07-16,665.0,12.968000411987305,80.5199966430664,1549.52001953125,15.59000015258789,74.1500015258789,5.040999889373779,2.69,2.36,4.89,301429270.602417,4.89
2007-07-17,664.7000122070312,12.92300033569336,80.54000091552734,1549.3699951171875,15.630000114440918,74.0199966430664,5.078000068664551,2.73,2.35,4.91,123517950.0,4.91
2007-07-18,672.5999755859375,13.197999954223633,80.41999816894531,1546.1700439453125,16.0,75.05000305175781,5.010000228881836,2.64,2.38,4.84,349002208.3885193,4.84
2007-07-19,677.2000122070312,13.28499984741211,80.41999816894531,1553.0799560546875,15.229999542236328,75.91999816894531,5.0279998779296875,2.65,2.39,4.87,308775388.8435364,4.87
2007-07-20,683.9000244140625,13.3149995803833,80.29000091552734,1534.0999755859375,16.950000762939453,75.56999969482422,4.955999851226807,2.6,2.36,4.79,365513197.9034424,4.79
2007-07-23,680.7999877929688,13.244000434875488,80.3499984741211,1541.5699462890625,16.809999465942383,74.88999938964844,4.964000225067139,2.63,2.34,4.8,262620232.75146484,4.8
2007-07-24,684.2000122070312,13.359000205993652,80.08000183105469,1511.0400390625,18.549999237060547,73.55999755859375,4.943999767303467,2.58,2.36,4.77,253889614.59350586,4.77
2007-07-25,673.2999877929688,13.067999839782715,80.6500015258789,1518.0899658203125,18.100000381469727,75.87999725341797,4.9039998054504395,2.56,2.36,4.74,503790461.4906311,4.74
2007-07-26,662.5,12.878000259399414,80.44999694824219,1482.6600341796875,20.739999771118164,74.94999694824219,4.7769999504089355,2.47,2.32,4.56,702724181.3331604,4.56
2007-07-27,660.0,12.642999649047852,80.94999694824219,1458.949951171875,24.170000076293945,77.0199966430664,4.788000106811523,2.48,2.32,4.56,349413698.5626221,4.56
2007-07-30,664.0999755859375,12.833999633789062,80.8499984741211,1473.9100341796875,20.8700008392334,76.83000183105469,4.803999900817871,2.49,2.33,4.59,200388025.77209473,4.59
2007-07-31,666.9000244140625,12.949999809265137,80.7699966430664,1455.27001953125,23.520000457763672,78.20999908447266,4.770999908447266,2.44,2.34,4.56,263587638.6680603,4.56
2007-08-01,663.5999755859375,12.887999534606934,80.87000274658203,1465.81005859375,23.670000076293945,76.52999877929688,4.758999824523926,2.44,2.32,4.56,419604893.94226074,4.56
2007-08-02,664.5999755859375,12.9350004196167,80.70999908447266,1472.199951171875,21.219999313354492,76.86000061035156,4.752999782562256,2.46,2.31,4.59,351292531.74591064,4.59
2007-08-03,672.5,13.100000381469727,80.18000030517578,1433.06005859375,25.15999984741211,75.4800033569336,4.699999809265137,2.44,2.27,4.46,715983866.2109375,4.46
2007-08-06,671.5,12.97700023651123,80.25,1467.6700439453125,22.940000534057617,72.05999755859375,4.730999946594238,2.46,2.26,4.46,197777254.01916504,4.46
2007-08-07,670.5999755859375,13.041000366210938,80.4800033569336,1476.7099609375,21.559999465942383,72.41999816894531,4.743000030517578,2.51,2.26,4.56,275705869.921875,4.56
2007-08-08,674.5,13.118000030517578,80.33999633789062,1497.489990234375,21.450000762939453,72.1500015258789,4.860000133514404,2.58,2.26,4.64,283912702.72598267,4.64
2007-08-09,661.4000244140625,12.654999732971191,80.73999786376953,1453.0899658203125,26.479999542236328,71.58999633789062,4.789999961853027,2.54,2.25,4.49,615795303.3874512,4.49
2007-08-10,670.2999877929688,12.824999809265137,80.68000030517578,1453.6400146484375,28.299999237060547,71.47000122070312,4.776000022888184,2.56,2.25,4.47,587926266.304779,4.47
2007-08-13,669.7000122070312,12.812000274658203,81.05000305175781,1452.9200439453125,26.56999969482422,71.62000274658203,4.7779998779296875,2.52,2.26,4.46,241451447.78442383,4.46
2007-08-14,668.5999755859375,12.706999778747559,81.48999786376953,1426.5400390625,27.68000030517578,72.37999725341797,4.73199987411499,2.49,2.24,4.39,314850988.3483887,4.39
2007-08-15,668.9000244140625,12.517999649047852,81.81999969482422,1406.699951171875,30.670000076293945,73.33000183105469,4.705999851226807,2.46,2.23,4.27,389267615.83251953,4.27
2007-08-16,648.2999877929688,11.46500015258789,81.7300033569336,1411.27001953125,30.829999923706055,71.0,4.599999904632568,2.39,2.21,4.08,1188009905.6053162,4.08
2007-08-17,656.9000244140625,11.772000312805176,81.43000030517578,1445.93994140625,29.989999771118164,71.9800033569336,4.672999858856201,2.45,2.23,4.18,414393256.6169739,4.18
2007-08-20,656.7000122070312,11.708999633789062,81.4000015258789,1445.550048828125,26.329999923706055,71.12000274658203,4.633999824523926,2.44,2.2,4.11,291425036.2915039,4.11
2007-08-21,656.7000122070312,11.48900032043457,81.48999786376953,1447.1199951171875,25.25,69.47000122070312,4.590000152587891,2.38,2.22,4.05,291422500.63323975,4.05
2007-08-22,659.0999755859375,11.545999526977539,81.25,1464.0699462890625,22.889999389648438,69.26000213623047,4.619999885559082,2.42,2.21,4.15,278021946.4866638,4.15
2007-08-23,658.9000244140625,11.623000144958496,81.13999938964844,1462.5,22.6200008392334,69.83000183105469,4.618000030517578,2.39,2.23,4.2,197719486.60888672,4.2
2007-08-24,668.0,11.925000190734863,80.66999816894531,1479.3699951171875,20.719999313354492,71.08999633789062,4.632999897003174,2.4,2.23,4.3,241189115.2267456,4.3
2007-08-27,666.7999877929688,11.751999855041504,80.73999786376953,1466.7900390625,22.719999313354492,71.97000122070312,4.5960001945495605,2.38,2.22,4.28,123098892.263031,4.28
2007-08-28,664.4000244140625,11.753999710083008,80.76000213623047,1432.3599853515625,26.299999237060547,71.7300033569336,4.53000020980835,2.33,2.2,4.13,227800616.28112793,4.13
2007-08-29,666.2999877929688,11.836999893188477,80.69999694824219,1463.760009765625,23.809999465942383,73.51000213623047,4.552999973297119,2.38,2.19,4.14,295319684.6359253,4.14
2007-08-30,665.0,11.791000366210938,80.79000091552734,1457.6400146484375,25.059999465942383,73.36000061035156,4.501999855041504,2.32,2.19,4.08,199222669.23980713,4.08
2007-08-31,673.0,12.062999725341797,80.79000091552734,1473.989990234375,23.3799991607666,74.04000091552734,4.5370001792907715,2.34,2.2,4.15,272060134.2704773,4.15
2007-09-04,682.5,12.281000137329102,80.87999725341797,1489.4200439453125,22.780000686645508,75.08000183105469,4.558000087738037,2.36,2.2,4.13,447821848.2116699,4.13
2007-09-05,681.7000122070312,12.1899995803833,80.62000274658203,1472.2900390625,24.579999923706055,75.7300033569336,4.4730000495910645,2.29,2.19,4.03,423486332.6965332,4.03
2007-09-06,695.5999755859375,12.364999771118164,80.47000122070312,1478.550048828125,23.989999771118164,76.30000305175781,4.5,2.32,2.19,4.08,1093551897.692871,4.08
2007-09-07,700.7999877929688,12.592000007629395,79.95999908447266,1453.550048828125,26.229999542236328,76.69999694824219,4.368000030517578,2.19,2.19,3.9,1038074390.8691406,3.9
2007-09-10,703.2999877929688,12.531999588012695,79.81999969482422,1451.699951171875,27.3799991607666,77.48999786376953,4.323999881744385,2.14,2.2,3.87,529007590.86990356,3.87
2007-09-11,712.2000122070312,12.666999816894531,79.69999694824219,1471.489990234375,25.270000457763672,78.2300033569336,4.363999843597412,2.16,2.21,3.95,788582810.4614258,3.95
2007-09-12,711.9000244140625,12.625,79.36000061035156,1471.56005859375,24.959999084472656,79.91000366210938,4.4079999923706055,2.18,2.23,3.95,565991080.645752,3.95
2007-09-13,709.5,12.513999938964844,79.51000213623047,1483.949951171875,24.760000228881836,80.08999633789062,4.48199987411499,2.24,2.25,4.08,323237000.44555664,4.08
2007-09-14,709.5999755859375,12.543999671936035,79.62000274658203,1484.25,24.920000076293945,79.0999984741211,4.461999893188477,2.2,2.27,4.05,541246651.4801025,4.05
2007-09-17,715.7999877929688,12.73900032043457,79.72000122070312,1476.6500244140625,26.479999542236328,80.56999969482422,4.46999979019165,2.21,2.27,4.08,529280075.10375977,4.08
2007-09-18,715.7999877929688,12.767000198364258,79.20999908447266,1519.780029296875,20.350000381469727,81.51000213623047,4.480000019073486,2.19,2.31,4.0,1021947226.5029907,4.0
2007-09-19,722.0,12.956000328063965,79.30000305175781,1529.030029296875,20.030000686645508,81.93000030517578,4.52400016784668,2.21,2.32,4.0,781287057.3379517,4.0
2007-09-20,732.4000244140625,13.321000099182129,78.58000183105469,1518.75,20.450000762939453,83.31999969482422,4.671999931335449,2.34,2.35,4.1,868640414.5812988,4.1
2007-09-21,731.4000244140625,13.473999977111816,78.5999984741211,1525.75,19.0,81.62000274658203,4.631999969482422,2.31,2.33,4.06,718871479.6081543,4.06
2007-09-24,732.0999755859375,13.496999740600586,78.52999877929688,1517.72998046875,19.3700008392334,80.94999694824219,4.624000072479248,2.33,2.3,4.05,468020220.0958252,4.05
2007-09-25,731.5999755859375,13.482000350952148,78.30999755859375,1517.2099609375,18.600000381469727,79.52999877929688,4.613999843597412,2.34,2.29,4.0,398068165.0772095,4.0
2007-09-26,728.2999877929688,13.416000366210938,78.48999786376953,1525.4200439453125,17.6299991607666,80.30000305175781,4.619999885559082,2.34,2.29,3.97,678117600.0,3.97
2007-09-27,732.7000122070312,13.517000198364258,78.33999633789062,1531.3800048828125,17.0,82.87999725341797,4.572999954223633,2.27,2.31,3.95,416440122.5189209,3.95
2007-09-28,742.7999877929688,13.793999671936035,77.72000122070312,1526.75,18.0,81.66000366210938,4.578999996185303,2.27,2.32,3.97,649651994.8791504,3.97
2007-10-01,747.2000122070312,13.729000091552734,77.9000015258789,1547.0400390625,17.84000015258789,80.23999786376953,4.557000160217285,2.26,2.3,4.02,356471437.3603821,4.02
2007-10-02,729.7999877929688,13.32699966430664,78.30000305175781,1546.6300048828125,18.489999771118164,80.05000305175781,4.5289998054504395,2.23,2.31,3.98,775591983.6425781,3.98
2007-10-03,729.2999877929688,13.348999977111816,78.56999969482422,1539.5899658203125,18.799999237060547,79.94000244140625,4.543000221252441,2.25,2.3,4.02,588573412.4908447,4.02
2007-10-04,737.7999877929688,13.388999938964844,78.4800033569336,1542.8399658203125,18.440000534057617,81.44000244140625,4.5229997634887695,2.24,2.3,4.0,668837320.2095032,4.0
2007-10-05,741.2999877929688,13.378999710083008,78.30999755859375,1557.5899658203125,16.90999984741211,81.22000122070312,4.639999866485596,2.34,2.31,4.08,777834496.170044,4.08
2007-10-08,732.7999877929688,13.25,78.66999816894531,1552.5799560546875,17.459999084472656,79.0199966430664,4.638000011444092,2.34,2.31,4.08,250054423.7915039,4.08
2007-10-09,737.4000244140625,13.475000381469727,78.52999877929688,1565.1500244140625,16.1200008392334,80.26000213623047,4.651000022888184,2.34,2.33,4.15,542042721.8414307,4.15
2007-10-10,740.4000244140625,13.562000274658203,78.37999725341797,1562.469970703125,16.670000076293945,81.30000305175781,4.646999835968018,2.33,2.32,4.15,338556402.81677246,4.15
2007-10-11,751.2999877929688,13.883000373840332,78.08000183105469,1554.4100341796875,18.8799991607666,83.08000183105469,4.658999919891357,2.32,2.34,4.13,760637411.6882324,4.13
2007-10-12,748.7000122070312,13.803000450134277,78.22000122070312,1561.800048828125,17.729999542236328,83.69000244140625,4.686999797821045,2.36,2.34,4.23,268837264.8010254,4.23
2007-10-15,757.0999755859375,13.756999969482422,78.08999633789062,1548.7099609375,19.25,86.12999725341797,4.672999858856201,2.34,2.35,4.22,503836237.90740967,4.22
2007-10-16,757.0,13.562000274658203,78.25,1538.530029296875,20.020000457763672,87.61000061035156,4.65500020980835,2.31,2.35,4.12,497512266.19033813,4.12
2007-10-17,757.5,13.656000137329102,78.12000274658203,1541.239990234375,18.540000915527344,87.4000015258789,4.546000003814697,2.22,2.35,4.0,696969850.0,4.0
2007-10-18,764.0999755859375,13.711000442504883,77.58999633789062,1540.0799560546875,18.5,89.47000122070312,4.502999782562256,2.2,2.32,3.93,429164400.0,3.93
2007-10-19,764.0,13.553000450134277,77.41000366210938,1500.6300048828125,22.959999084472656,88.5999984741211,4.401000022888184,2.09,2.32,3.8,719740430.9844971,3.8
2007-10-22,755.7999877929688,13.475000381469727,78.05999755859375,1506.3299560546875,21.639999389648438,87.55999755859375,4.39300012588501,2.11,2.31,3.85,644282886.8217468,3.85
2007-10-23,759.0,13.571999549865723,77.58999633789062,1519.5899658203125,20.40999984741211,85.2699966430664,4.40500020980835,2.11,2.3,3.81,232942182.39440918,3.81
2007-10-24,761.5999755859375,13.515000343322754,77.55000305175781,1515.8800048828125,20.799999237060547,87.0999984741211,4.330999851226807,2.07,2.29,3.74,427488492.9977417,3.74
2007-10-25,767.2999877929688,13.835000038146973,77.27999877929688,1514.4000244140625,21.170000076293945,90.45999908447266,4.3520002365112305,2.04,2.33,3.74,493267426.08032227,3.74
2007-10-26,783.9000244140625,14.211999893188477,77.02999877929688,1535.280029296875,19.559999465942383,91.86000061035156,4.388999938964844,2.05,2.36,3.77,663798918.8598633,3.77
2007-10-29,789.0999755859375,14.364999771118164,76.83999633789062,1540.97998046875,19.8700008392334,93.52999877929688,4.382999897003174,2.04,2.35,3.79,537543738.899231,3.79
2007-10-30,784.2999877929688,14.267000198364258,76.7699966430664,1531.02001953125,21.06999969482422,90.37999725341797,4.382999897003174,2.06,2.34,3.82,433825201.44195557,3.82
2007-10-31,792.0,14.376999855041504,76.4800033569336,1549.3800048828125,18.530000686645508,94.52999877929688,4.474999904632568,2.14,2.34,3.94,697587422.3701477,3.94
2007-11-01,790.7000122070312,14.270000457763672,76.58999633789062,1508.43994140625,23.209999084472656,93.48999786376953,4.361000061035156,2.0,2.36,3.77,588020817.3027039,3.77
2007-11-02,805.7000122070312,14.545999526977539,76.33999633789062,1509.6500244140625,23.010000228881836,95.93000030517578,4.290999889373779,1.92,2.39,3.66,791227080.1483154,3.66
2007-11-05,808.0999755859375,14.732000350952148,76.43000030517578,1502.1700439453125,24.309999465942383,93.9800033569336,4.317999839782715,1.94,2.41,3.69,400767675.0,3.69
2007-11-06,820.7999877929688,15.32699966430664,76.04000091552734,1520.27001953125,21.389999389648438,96.69999694824219,4.35699987411499,1.93,2.45,3.7,626400277.3475647,3.7
2007-11-07,831.0,15.272000312805176,75.41000366210938,1475.6199951171875,26.489999771118164,96.37000274658203,4.334000110626221,1.91,2.43,3.61,1358020860.72464,3.61
2007-11-08,835.2000122070312,15.467000007629395,75.45999908447266,1474.77001953125,26.15999984741211,95.45999908447266,4.2729997634887695,1.88,2.4,3.47,1427200384.2636108,3.47
2007-11-09,832.5,15.49899959564209,75.4000015258789,1453.699951171875,28.5,96.31999969482422,4.224999904632568,1.82,2.41,3.42,570970206.1203003,3.42
2007-11-12,805.7999877929688,14.718999862670898,75.9000015258789,1439.1800537109375,31.09000015258789,94.62000274658203,4.210999965667725,1.82,2.41,3.42,1354355152.786255,3.42
2007-11-13,797.2000122070312,14.571000099182129,75.87999725341797,1481.050048828125,24.100000381469727,91.16999816894531,4.25600004196167,1.86,2.4,3.54,904990415.4159546,3.54
2007-11-14,813.0,15.029000282287598,75.80999755859375,1470.5799560546875,25.940000534057617,94.08999633789062,4.269000053405762,1.88,2.4,3.57,457893029.0374756,3.57
2007-11-15,785.9000244140625,14.45199966430664,76.06999969482422,1451.1500244140625,28.059999465942383,93.43000030517578,4.158999919891357,1.81,2.36,3.35,850294156.7108154,3.35
2007-11-16,785.7000122070312,14.482999801635742,75.83000183105469,1458.739990234375,25.489999771118164,95.0999984741211,4.150000095367432,1.8,2.35,3.33,628064500.0,3.33
2007-11-19,776.7999877929688,14.13599967956543,75.77999877929688,1433.27001953125,26.010000228881836,94.63999938964844,4.078999996185303,1.7,2.37,3.18,470283450.99334717,3.18
2007-11-20,790.2999877929688,14.477999687194824,75.20999908447266,1439.699951171875,24.8799991607666,98.02999877929688,4.053999900817871,1.68,2.38,3.14,960124766.7480469,3.14
2007-11-21,797.5999755859375,14.399999618530273,75.06999969482422,1416.77001953125,26.84000015258789,97.29000091552734,4.02400016784668,1.62,2.38,2.99,576478980.4336548,2.99
2007-11-23,824.0,14.71500015258789,75.05000305175781,1440.699951171875,25.610000610351562,98.18000030517578,4.01200008392334,1.63,2.38,3.07,427350625.0,3.07
2007-11-26,826.0,14.817000389099121,74.86000061035156,1407.219970703125,28.90999984741211,97.69999694824219,3.8469998836517334,1.45,2.38,2.92,604888282.7056885,2.92
2007-11-27,813.7000122070312,14.473999977111816,75.0999984741211,1428.22998046875,26.280000686645508,94.41999816894531,3.944000005722046,1.58,2.37,3.05,579114978.9680481,3.05
2007-11-28,800.0999755859375,14.329000473022461,75.08000183105469,1469.02001953125,24.110000610351562,90.62000274658203,4.025000095367432,1.71,2.32,3.17,772362116.0377502,3.17
2007-11-29,795.2999877929688,14.237000465393066,75.58999633789062,1469.719970703125,23.969999313354492,91.01000213623047,3.940000057220459,1.61,2.33,3.06,728528464.6392822,3.06
2007-11-30,782.2000122070312,13.963000297546387,76.1500015258789,1481.1400146484375,22.8700008392334,88.70999908447266,3.9719998836517334,1.63,2.34,3.04,735243609.098053,3.04
2007-12-03,788.2999877929688,14.01099967956543,75.93000030517578,1472.4200439453125,23.610000610351562,89.30999755859375,3.8949999809265137,1.57,2.32,2.9,490478988.3514404,2.9
2007-12-04,801.2999877929688,14.270999908447266,75.69000244140625,1462.7900390625,23.790000915527344,88.31999969482422,3.8889999389648438,1.59,2.3,2.9,613118871.7826843,2.9
2007-12-05,797.5,14.270000457763672,76.41000366210938,1485.010009765625,22.530000686645508,87.48999786376953,3.9110000133514404,1.66,2.26,2.9,604295117.8916931,2.9
2007-12-06,801.2000122070312,14.4399995803833,76.37999725341797,1507.3399658203125,20.959999084472656,90.2300033569336,3.997999906539917,1.77,2.25,3.03,542906692.7871704,3.03
2007-12-07,794.4000244140625,14.324999809265137,76.29000091552734,1504.6600341796875,20.850000381469727,88.27999877929688,4.119999885559082,1.86,2.26,3.12,654620087.2917175,3.12
2007-12-10,807.7000122070312,14.673999786376953,76.05999755859375,1515.9599609375,20.739999771118164,87.86000061035156,4.14900016784668,1.89,2.26,3.17,388072000.0,3.17
2007-12-11,811.4000244140625,14.694999694824219,76.22000122070312,1477.6500244140625,23.59000015258789,90.0199966430664,3.990000009536743,1.73,2.25,2.94,755224092.9199219,2.94
2007-12-12,813.5,14.654999732971191,76.13999938964844,1486.5899658203125,22.469999313354492,94.38999938964844,4.076000213623047,1.78,2.27,3.07,780954204.2732239,3.07
2007-12-13,799.0,14.071999549865723,76.55999755859375,1488.4100341796875,22.559999465942383,92.25,4.170000076293945,1.87,2.31,3.21,749847700.0,3.21
2007-12-14,793.2999877929688,13.826000213623047,77.44000244140625,1467.949951171875,23.270000457763672,91.2699966430664,4.23199987411499,1.9,2.34,3.31,536056017.08221436,3.31
2007-12-17,794.7999877929688,13.826000213623047,77.4000015258789,1445.9000244140625,24.520000457763672,90.62999725341797,4.192999839782715,1.86,2.34,3.24,507524649.1584778,3.24
2007-12-18,803.0,14.013999938964844,77.41000366210938,1454.97998046875,22.639999389648438,90.48999786376953,4.119999885559082,1.8,2.34,3.19,535547725.0,3.19
2007-12-19,801.0999755859375,14.072999954223633,77.58999633789062,1453.0,21.68000030517578,91.23999786376953,4.070000171661377,1.73,2.33,3.12,446794727.9548645,3.12
2007-12-20,799.2000122070312,14.196000099182129,77.79000091552734,1460.1199951171875,20.579999923706055,91.05999755859375,4.026000022888184,1.74,2.3,3.09,499208340.3808594,3.09
2007-12-21,811.5999755859375,14.345999717712402,77.72000122070312,1484.4599609375,18.469999313354492,93.30999755859375,4.168000221252441,1.84,2.34,3.19,368724322.97592163,3.19
2007-12-24,812.7999877929688,14.520000457763672,77.56999969482422,1496.449951171875,18.600000381469727,94.12999725341797,4.211999893188477,1.88,2.35,3.24,229480888.2522583,3.24
2007-12-26,826.0,14.694999694824219,77.1500015258789,1497.6600341796875,18.65999984741211,95.97000122070312,4.281000137329102,1.95,2.35,3.31,480698964.2051697,3.31
2007-12-27,828.5999755859375,14.678000450134277,76.61000061035156,1476.27001953125,20.260000228881836,96.62000274658203,4.198999881744385,1.85,2.36,3.24,411902455.670166,3.24
2007-12-28,839.5999755859375,14.770000457763672,76.22000122070312,1478.489990234375,20.739999771118164,96.0,4.0960001945495605,1.78,2.33,3.12,426180100.0,3.12
2007-12-31,834.9000244140625,14.79699993133545,76.69999694824219,1468.3599853515625,22.5,95.9800033569336,4.034999847412109,1.73,2.31,3.05,314634372.50671387,3.05
2008-01-02,857.0,15.166999816894531,75.97000122070312,1447.1600341796875,23.170000076293945,99.62000274658203,3.9010000228881836,1.59,2.32,2.88,1043022753.5018921,2.88
2008-01-03,866.4000244140625,15.381999969482422,75.88999938964844,1447.1600341796875,22.489999771118164,99.18000030517578,3.9010000228881836,1.58,2.33,2.83,817527220.0843811,2.83
2008-01-04,863.0999755859375,15.345999717712402,75.79000091552734,1411.6300048828125,23.940000534057617,97.91000366210938,3.8540000915527344,1.56,2.32,2.74,715279262.9226685,2.74
2008-01-07,859.5999755859375,15.180000305175781,76.16999816894531,1416.1800537109375,23.790000915527344,95.08999633789062,3.8389999866485596,1.57,2.29,2.76,588668287.688446,2.76
2008-01-08,878.0,15.706999778747559,76.11000061035156,1390.18994140625,25.43000030517578,96.33000183105469,3.8399999141693115,1.57,2.29,2.76,830302350.3204346,2.76
2008-01-09,879.5,15.734000205993652,76.41999816894531,1409.1300048828125,24.1200008392334,95.66999816894531,3.7909998893737793,1.56,2.26,2.69,872441340.7623291,2.69
2008-01-10,891.7000122070312,16.17300033569336,75.93000030517578,1420.3299560546875,23.450000762939453,93.70999908447266,3.88700008392334,1.68,2.23,2.71,1139863475.0,2.71
2008-01-11,896.0999755859375,16.273000717163086,75.9800033569336,1401.02001953125,23.68000030517578,92.69000244140625,3.809999942779541,1.56,2.26,2.59,618182116.7785645,2.59
2008-01-14,901.5999755859375,16.325000762939453,75.61000061035156,1416.25,22.899999618530273,94.19999694824219,3.7929999828338623,1.53,2.28,2.58,903010909.2330933,2.58
2008-01-15,901.0,16.204999923706055,75.56999969482422,1380.949951171875,23.34000015258789,91.9000015258789,3.7009999752044678,1.45,2.27,2.53,2098904610.042572,2.53
2008-01-16,880.5999755859375,15.807000160217285,76.26000213623047,1373.199951171875,24.3799991607666,90.83999633789062,3.7119998931884766,1.5,2.24,2.51,2333877217.8497314,2.51
2008-01-17,879.5,15.930000305175781,76.16999816894531,1333.25,28.459999084472656,90.12999725341797,3.640000104904175,1.43,2.23,2.44,1175733950.0,2.44
2008-01-18,880.7999877929688,16.13800048828125,76.37999725341797,1325.18994140625,27.18000030517578,90.56999969482422,3.6480000019073486,1.42,2.24,2.36,795041173.3474731,2.36
2008-01-22,889.5999755859375,16.030000686645508,76.3499984741211,1310.5,31.010000228881836,89.8499984741211,3.4839999675750732,1.28,2.24,2.08,1823320294.1345215,2.08
2008-01-23,882.5,15.902000427246094,76.4000015258789,1338.5999755859375,29.020000457763672,86.98999786376953,3.4260001182556152,1.31,2.2,2.09,1255244971.282959,2.09
2008-01-24,905.5,16.273000717163086,75.69000244140625,1352.0699462890625,27.780000686645508,89.41000366210938,3.640000104904175,1.44,2.24,2.25,957298195.4589844,2.25
2008-01-25,910.5,16.42799949645996,75.97000122070312,1330.6099853515625,29.079999923706055,90.70999908447266,3.5840001106262207,1.34,2.27,2.23,876262199.6139526,2.23
2008-01-28,927.0999755859375,16.690000534057617,75.58000183105469,1353.9599609375,27.780000686645508,90.98999786376953,3.5859999656677246,1.33,2.28,2.2,782921100.0,2.2
2008-01-29,925.0999755859375,16.7450008392334,75.54000091552734,1362.300048828125,27.31999969482422,91.63999938964844,3.6579999923706055,1.37,2.32,2.29,828699353.8726807,2.29
2008-01-30,920.5999755859375,16.711000442504883,75.02999877929688,1355.81005859375,27.6200008392334,92.33000183105469,3.7330000400543213,1.45,2.33,2.3,1323647850.8972168,2.3
2008-01-31,922.7000122070312,16.947999954223633,75.18000030517578,1378.550048828125,26.200000762939453,91.75,3.6389999389648438,1.33,2.34,2.17,712143111.8888855,2.17
2008-02-01,908.7000122070312,16.823999404907227,75.44999694824219,1395.4200439453125,24.020000457763672,88.95999908447266,3.5999999046325684,1.31,2.31,2.09,1754440830.0384521,2.09
2008-02-04,904.9000244140625,16.739999771118164,75.37000274658203,1380.8199462890625,25.989999771118164,90.0199966430664,3.6429998874664307,1.38,2.3,2.08,916393484.3063354,2.08
2008-02-05,885.9000244140625,16.30299949645996,76.12000274658203,1336.6400146484375,28.239999771118164,88.41000366210938,3.5869998931884766,1.34,2.27,1.93,979394371.408844,1.93
2008-02-06,900.7000122070312,16.507999420166016,76.13999938964844,1326.449951171875,28.969999313354492,87.13999938964844,3.614000082015991,1.36,2.25,1.96,781621413.1835938,1.96
2008-02-07,906.0999755859375,16.735000610351562,76.94000244140625,1336.9100341796875,27.65999984741211,88.11000061035156,3.7360000610351562,1.47,2.27,1.99,806071291.3108826,1.99
2008-02-08,918.4000244140625,17.075000762939453,76.66999816894531,1331.2900390625,28.010000228881836,91.7699966430664,3.6540000438690186,1.36,2.28,1.93,830666200.0,1.93
2008-02-11,922.9000244140625,17.433000564575195,76.58000183105469,1339.1300048828125,27.600000381469727,93.58999633789062,3.618000030517578,1.32,2.3,1.93,623984838.5101318,1.93
2008-02-12,907.4000244140625,17.218000411987305,76.31999969482422,1348.8599853515625,26.329999923706055,92.77999877929688,3.678999900817871,1.36,2.3,1.94,913479665.7241821,1.94
2008-02-13,906.5,17.326000213623047,76.4000015258789,1367.2099609375,24.8799991607666,93.2699966430664,3.694000005722046,1.42,2.28,1.91,897870296.5087891,1.91
2008-02-14,907.4000244140625,17.229999542236328,76.1500015258789,1348.8599853515625,25.540000915527344,95.45999908447266,3.818000078201294,1.57,2.28,1.93,617429068.698883,1.93
2008-02-15,902.7999877929688,17.097999572753906,76.0999984741211,1349.989990234375,25.020000457763672,95.5,3.7799999713897705,1.48,2.28,1.91,498000823.52371216,1.91
2008-02-19,926.5999755859375,17.489999771118164,76.0,1348.780029296875,25.59000015258789,100.01000213623047,3.875,1.56,2.33,2.06,766671143.3288574,2.06
2008-02-20,934.5999755859375,17.7450008392334,76.12000274658203,1360.030029296875,24.399999618530273,100.73999786376953,3.9170000553131104,1.55,2.38,2.14,991364953.2867432,2.14
2008-02-21,946.0999755859375,17.940000534057617,75.5999984741211,1342.530029296875,25.1200008392334,98.2300033569336,3.7839999198913574,1.43,2.34,1.98,1207792650.0,1.98
2008-02-22,944.7000122070312,18.024999618530273,75.5199966430664,1353.1099853515625,24.059999465942383,98.80999755859375,3.7899999618530273,1.44,2.35,1.98,707606686.3754272,1.98
2008-02-25,937.5999755859375,18.079999923706055,75.52999877929688,1371.800048828125,23.030000686645508,99.2300033569336,3.9019999504089355,1.53,2.38,2.13,1108660304.4624329,2.13
2008-02-26,946.0999755859375,18.711999893188477,74.76000213623047,1381.2900390625,21.899999618530273,100.87999725341797,3.859999895095825,1.44,2.44,2.04,792055654.2617798,2.04
2008-02-27,958.2000122070312,19.20199966430664,74.20999908447266,1380.02001953125,22.690000534057617,99.63999938964844,3.8499999046325684,1.42,2.43,2.01,940833657.8826904,2.01
2008-02-28,964.5,19.6299991607666,73.72000122070312,1367.6800537109375,23.530000686645508,102.58999633789062,3.7149999141693115,1.26,2.45,1.87,1076163064.050293,1.87
2008-02-29,972.0999755859375,19.808000564575195,73.70999908447266,1330.6300048828125,26.540000915527344,101.83999633789062,3.5339999198913574,1.1,2.43,1.65,899071406.8527222,1.65
2008-03-03,981.5,20.072999954223633,73.69999694824219,1331.3399658203125,26.280000686645508,102.44999694824219,3.5339999198913574,1.08,2.46,1.61,1116217935.4782104,1.61
2008-03-04,963.9000244140625,19.738000869750977,73.66000366210938,1326.75,25.520000457763672,99.5199966430664,3.5789999961853027,1.15,2.48,1.65,2032711676.5174866,1.65
2008-03-05,986.2000122070312,20.684999465942383,73.4800033569336,1333.699951171875,24.600000381469727,104.5199966430664,3.693000078201294,1.16,2.54,1.66,1500422214.743042,1.66
2008-03-06,975.0,20.131000518798828,73.0,1304.3399658203125,27.549999237060547,105.47000122070312,3.621999979019165,1.07,2.55,1.53,1789447750.0,1.53
2008-03-07,972.2000122070312,20.158000946044922,73.02999877929688,1293.3699951171875,27.489999771118164,105.1500015258789,3.5409998893737793,1.01,2.55,1.53,967328384.1339111,1.53
2008-03-10,969.9000244140625,19.697999954223633,72.98999786376953,1273.3699951171875,29.3799991607666,107.9000015258789,3.437999963760376,0.9,2.56,1.47,1041953537.8509521,1.47
2008-03-11,974.2000122070312,19.676000595092773,73.27999877929688,1320.6500244140625,26.360000610351562,108.75,3.5959999561309814,1.05,2.55,1.74,1376813336.3594055,1.74
2008-03-12,978.7999877929688,19.910999298095703,72.4000015258789,1308.77001953125,27.219999313354492,109.91999816894531,3.4830000400543213,0.95,2.54,1.63,793367199.47052,1.63
2008-03-13,992.2999877929688,20.339000701904297,72.06999969482422,1315.47998046875,27.290000915527344,110.33000183105469,3.5339999198913574,1.05,2.51,1.63,1443778656.2347412,1.63
2008-03-14,998.2000122070312,20.573999404907227,71.66000366210938,1288.1400146484375,31.15999984741211,110.20999908447266,3.4210000038146973,1.01,2.43,1.47,1733851004.9186707,1.47
2008-03-17,1001.4000244140625,20.222000122070312,71.45999908447266,1276.5999755859375,32.2400016784668,105.68000030517578,3.313999891281128,1.05,2.29,1.35,2628590054.4662476,1.35
2008-03-18,1003.2000122070312,19.889999389648438,71.56999969482422,1330.739990234375,25.790000915527344,109.41999816894531,3.4509999752044678,1.08,2.4,1.58,2023228650.0,1.58
2008-03-19,944.7000122070312,18.395000457763672,72.13999938964844,1298.4200439453125,29.84000015258789,104.4800033569336,3.361999988555908,1.04,2.34,1.54,3497773706.4186096,1.54
2008-03-20,919.5999755859375,16.80500030517578,72.75,1329.510009765625,26.6200008392334,101.83999633789062,3.328000068664551,1.02,2.32,1.59,2592105405.5786133,1.59
2008-03-24,918.2999877929688,17.066999435424805,72.94999694824219,1349.8800048828125,25.729999542236328,100.86000061035156,3.5220000743865967,1.24,2.32,1.84,1290745548.1407166,1.84
2008-03-25,934.5999755859375,17.761999130249023,72.27999877929688,1352.989990234375,25.719999313354492,101.22000122070312,3.492000102996826,1.25,2.26,1.79,1468833980.1734924,1.79
2008-03-26,949.0,18.34600067138672,71.51000213623047,1341.1300048828125,26.079999923706055,105.9000015258789,3.49399995803833,1.24,2.27,1.71,1162088237.8082275,1.71
2008-03-27,948.7999877929688,18.51300048828125,71.66000366210938,1325.760009765625,25.8799991607666,107.58000183105469,3.5339999198913574,1.23,2.33,1.73,706604323.0781555,1.73
2008-03-28,930.5999755859375,17.899999618530273,71.68000030517578,1315.219970703125,25.709999084472656,105.62000274658203,3.4660000801086426,1.13,2.34,1.67,807312783.8668823,1.67
2008-03-31,916.2000122070312,17.274999618530273,71.80000305175781,1322.699951171875,25.610000610351562,101.58000183105469,3.431999921798706,1.11,2.34,1.62,1009427690.8874512,1.62
2008-04-01,882.9000244140625,16.854999542236328,72.55999755859375,1370.1800537109375,22.68000030517578,100.9800033569336,3.5450000762939453,1.22,2.35,1.8,2056254166.4489746,1.8
2008-04-02,895.2000122070312,17.14699935913086,72.26000213623047,1367.530029296875,23.43000030517578,104.83000183105469,3.5829999446868896,1.26,2.34,1.88,1208492579.5555115,1.88
2008-04-03,905.0,17.44700050354004,72.22000122070312,1369.31005859375,23.209999084472656,103.83000183105469,3.5910000801086426,1.28,2.33,1.91,833823598.9257812,1.91
2008-04-04,909.0,17.722000122070312,72.0199966430664,1370.4000244140625,22.450000762939453,106.2300033569336,3.4809999465942383,1.18,2.32,1.83,652345050.0,1.83
2008-04-07,922.7000122070312,18.086999893188477,72.19999694824219,1372.5400390625,22.420000076293945,109.08999633789062,3.555999994277954,1.23,2.34,1.95,747247538.9923096,1.95
2008-04-08,914.0,17.674999237060547,72.2300033569336,1365.5400390625,22.360000610351562,108.5,3.558000087738037,1.26,2.32,1.87,521590541.1911011,1.87
2008-04-09,933.5999755859375,18.170000076293945,71.83000183105469,1354.489990234375,22.809999465942383,110.87000274658203,3.4660000801086426,1.19,2.3,1.77,975726805.6793213,1.77
2008-04-10,928.2999877929688,18.01300048828125,72.12000274658203,1360.550048828125,21.979999542236328,110.11000061035156,3.5320000648498535,1.26,2.29,1.84,711997518.9552307,1.84
2008-04-11,923.5999755859375,17.667999267578125,71.80999755859375,1332.8299560546875,23.459999084472656,110.13999938964844,3.4709999561309814,1.19,2.3,1.76,597622429.9758911,1.76
2008-04-14,925.4000244140625,17.76799964904785,71.87999725341797,1328.3199462890625,23.81999969482422,111.76000213623047,3.503000020980835,1.23,2.3,1.78,427943672.8668213,1.78
2008-04-15,928.7000122070312,17.829999923706055,72.0199966430664,1334.4300537109375,22.780000686645508,113.79000091552734,3.569999933242798,1.28,2.32,1.84,608200788.2995605,1.84
2008-04-16,945.0999755859375,18.30500030517578,71.41000366210938,1364.7099609375,20.530000686645508,114.93000030517578,3.696000099182129,1.41,2.31,1.98,789922255.569458,1.98
2008-04-17,939.7999877929688,18.28700065612793,71.68000030517578,1365.56005859375,20.3700008392334,114.86000061035156,3.7290000915527344,1.44,2.31,2.13,636377751.2145996,2.13
2008-04-18,912.2000122070312,17.802000045776367,72.01000213623047,1390.3299560546875,20.1299991607666,116.69000244140625,3.743000030517578,1.45,2.32,2.19,1032225265.285492,2.19
2008-04-21,914.7000122070312,17.341999053955078,71.6500015258789,1388.1700439453125,20.5,117.4800033569336,3.7119998931884766,1.44,2.31,2.2,1076456875.0,2.2
2008-04-22,922.2999877929688,17.697999954223633,71.33000183105469,1375.93994140625,20.8700008392334,119.37000274658203,3.7200000286102295,1.43,2.31,2.24,1267715724.8565674,2.24
2008-04-23,906.2000122070312,17.155000686645508,71.81999969482422,1379.9300537109375,20.260000228881836,118.30000305175781,3.7300000190734863,1.44,2.33,2.22,1621172032.1807861,2.22
2008-04-24,886.7999877929688,16.652000427246094,72.54000091552734,1388.8199462890625,20.059999465942383,116.05999755859375,3.8269999027252197,1.56,2.31,2.41,1992680479.888916,2.41
2008-04-25,887.2000122070312,16.84600067138672,72.79000091552734,1397.8399658203125,19.59000015258789,118.5199966430664,3.865999937057495,1.6,2.31,2.44,975669835.4698181,2.44
2008-04-28,892.9000244140625,17.01099967956543,72.79000091552734,1396.3699951171875,19.639999389648438,118.75,3.8350000381469727,1.56,2.3,2.36,707807392.7062988,2.36
2008-04-29,874.2000122070312,16.540000915527344,72.88999938964844,1390.93994140625,20.239999771118164,115.62999725341797,3.825000047683716,1.56,2.29,2.35,1260463054.1381836,2.35
2008-04-30,862.7999877929688,16.50200080871582,72.51000213623047,1385.5899658203125,20.790000915527344,113.45999908447266,3.759000062942505,1.5,2.27,2.29,1533835002.0103455,2.29
2008-05-01,848.9000244140625,16.121000289916992,73.27999877929688,1409.3399658203125,18.8799991607666,112.5199966430664,3.749000072479248,1.52,2.26,2.37,1483641317.264557,2.37
2008-05-02,856.0999755859375,16.381000518798828,73.5,1413.9000244140625,18.18000030517578,116.31999969482422,3.8450000286102295,1.53,2.36,2.47,739601368.0114746,2.47
2008-05-05,872.2999877929688,16.746000289916992,73.19000244140625,1407.489990234375,18.899999618530273,119.97000122070312,3.8450000286102295,1.53,2.35,2.42,636784726.2214661,2.42
2008-05-06,876.0,16.780000686645508,73.0,1418.260009765625,18.209999084472656,121.83999633789062,3.8929998874664307,1.55,2.38,2.38,932173422.4456787,2.38
2008-05-07,869.5999755859375,16.617000579833984,73.51000213623047,1392.5699462890625,19.729999542236328,123.52999877929688,3.867000102996826,1.51,2.36,2.31,619483085.7971191,2.31
2008-05-08,880.5999755859375,16.79400062561035,73.4800033569336,1397.6800537109375,19.399999618530273,123.69000244140625,3.805000066757202,1.43,2.36,2.25,752759045.5673218,2.25
2008-05-09,884.5,16.843000411987305,73.05000305175781,1388.280029296875,19.40999984741211,125.95999908447266,3.7669999599456787,1.39,2.38,2.25,867783353.8238525,2.25
2008-05-12,883.7000122070312,17.158000946044922,72.94999694824219,1403.5799560546875,17.790000915527344,124.2300033569336,3.7750000953674316,1.41,2.37,2.3,435819889.29748535,2.3
2008-05-13,868.5,16.76300048828125,73.2699966430664,1403.0400390625,17.979999542236328,125.80000305175781,3.9089999198913574,1.51,2.39,2.47,628453317.5079346,2.47
2008-05-14,865.4000244140625,16.549999237060547,73.4000015258789,1408.6600341796875,17.65999984741211,124.22000122070312,3.937999963760376,1.49,2.43,2.53,737031093.6004639,2.53
2008-05-15,879.0,16.62700080871582,73.3499984741211,1423.5699462890625,16.299999237060547,124.12000274658203,3.8429999351501465,1.4,2.43,2.45,821097300.0,2.45
2008-05-16,899.0,16.90399932861328,72.83999633789062,1425.3499755859375,16.469999313354492,126.29000091552734,3.8499999046325684,1.41,2.44,2.47,1075909211.5745544,2.47
2008-05-19,905.0,16.974000930786133,73.04000091552734,1426.6300048828125,17.010000228881836,127.05000305175781,3.8389999866485596,1.36,2.47,2.42,530189964.3798828,2.42
2008-05-20,919.5,17.67099952697754,72.4000015258789,1413.4000244140625,17.579999923706055,129.07000732421875,3.7760000228881836,1.31,2.47,2.34,971084716.3009644,2.34
2008-05-21,928.0,17.99799919128418,71.94000244140625,1390.7099609375,18.59000015258789,133.1699981689453,3.822000026702881,1.3,2.51,2.41,1043396541.6122437,2.41
2008-05-22,917.9000244140625,17.975000381469727,72.27999877929688,1394.3499755859375,18.049999237060547,130.80999755859375,3.9210000038146973,1.41,2.51,2.56,806483141.7572021,2.56
2008-05-23,925.5999755859375,18.240999221801758,71.88999938964844,1375.9300537109375,19.549999237060547,132.19000244140625,3.8310000896453857,1.36,2.49,2.46,553109264.352417,2.46
2008-05-27,907.7000122070312,17.424999237060547,72.33999633789062,1385.3499755859375,19.639999389648438,128.85000610351562,3.9210000038146973,1.46,2.47,2.55,679287916.6397095,2.55
2008-05-28,900.5,17.3799991607666,72.55000305175781,1390.8399658203125,19.06999969482422,131.02999877929688,4.008999824523926,1.58,2.45,2.62,722399469.0536499,2.62
2008-05-29,877.2000122070312,16.476999282836914,73.0199966430664,1398.260009765625,18.139999389648438,126.62000274658203,4.078999996185303,1.62,2.46,2.67,1098391544.1230774,2.67
2008-05-30,887.2999877929688,16.82699966430664,72.87999725341797,1400.3800048828125,17.829999923706055,127.3499984741211,4.046000003814697,1.58,2.48,2.66,432370274.911499,2.66
2008-06-02,892.9000244140625,16.874000549316406,72.93000030517578,1385.6700439453125,19.829999923706055,127.76000213623047,3.9709999561309814,1.51,2.47,2.51,464173711.16867065,2.51
2008-06-03,881.5999755859375,16.798999786376953,73.23999786376953,1377.6500244140625,20.239999771118164,124.30999755859375,3.8980000019073486,1.51,2.41,2.45,729444456.9396973,2.45
2008-06-04,879.9000244140625,16.9060001373291,73.41999816894531,1377.199951171875,20.799999237060547,122.30000305175781,3.940000057220459,1.59,2.39,2.47,620197385.9214783,2.47
2008-06-05,871.7999877929688,17.136999130249023,73.04000091552734,1404.050048828125,18.6299991607666,127.79000091552734,4.025000095367432,1.63,2.43,2.52,1221616261.8759155,2.52
2008-06-06,895.4000244140625,17.39699935913086,72.38999938964844,1360.6800537109375,23.559999465942383,138.5399932861328,3.937999963760376,1.47,2.47,2.4,1552467159.4421387,2.4
2008-06-09,894.7000122070312,17.18000030517578,72.8499984741211,1361.760009765625,23.1200008392334,134.35000610351562,3.992000102996826,1.54,2.48,2.73,807053059.4062805,2.73
2008-06-10,867.9000244140625,16.60700035095215,73.69999694824219,1358.43994140625,23.18000030517578,131.30999755859375,4.098999977111816,1.62,2.49,2.91,1189470132.4310303,2.91
2008-06-11,879.7000122070312,16.82900047302246,73.20999908447266,1335.489990234375,24.1200008392334,136.3800048828125,4.072999954223633,1.62,2.48,2.83,883566237.9150391,2.83
2008-06-12,869.2000122070312,16.46299934387207,73.86000061035156,1339.8699951171875,23.329999923706055,136.74000549316406,4.204999923706055,1.73,2.5,3.03,841122705.0064087,3.03
2008-06-13,870.2999877929688,16.540000915527344,74.1500015258789,1360.030029296875,21.219999313354492,134.86000061035156,4.261000156402588,1.77,2.5,3.05,723461085.43396,3.05
2008-06-16,883.5999755859375,17.214000701904297,73.61000061035156,1360.1400146484375,20.950000762939453,134.61000061035156,4.244999885559082,1.76,2.49,3.02,608521851.940155,3.02
2008-06-17,884.2999877929688,17.05900001525879,73.51000213623047,1350.9300537109375,21.1299991607666,134.00999450683594,4.224999904632568,1.75,2.48,2.94,461186050.0,2.94
2008-06-18,890.9000244140625,17.325000762939453,73.44000244140625,1337.81005859375,22.239999771118164,136.67999267578125,4.1539998054504395,1.68,2.48,2.89,690243654.4555664,2.89
2008-06-19,901.7000122070312,17.457000732421875,73.4800033569336,1342.8299560546875,21.579999923706055,131.92999267578125,4.198999881744385,1.75,2.47,2.99,930222590.7363892,2.99
2008-06-20,901.2999877929688,17.386999130249023,73.02999877929688,1317.9300537109375,22.8700008392334,134.6199951171875,4.13700008392334,1.72,2.44,2.88,894641279.3060303,2.88
2008-06-23,884.7999877929688,16.781999588012695,73.43000030517578,1318.0,22.639999389648438,136.74000549316406,4.168000221252441,1.75,2.44,2.98,1113384640.182495,2.98
2008-06-24,889.2000122070312,16.62700080871582,73.23999786376953,1314.2900390625,22.420000076293945,137.0,4.105000019073486,1.64,2.46,2.87,647146804.0313721,2.87
2008-06-25,880.0,16.499000549316406,72.93000030517578,1321.969970703125,21.139999389648438,134.5500030517578,4.114999771118164,1.65,2.47,2.82,952676914.0457153,2.82
2008-06-26,913.0999755859375,17.12299919128418,72.48999786376953,1283.1500244140625,23.93000030517578,139.63999938964844,4.0329999923706055,1.55,2.52,2.68,1667912647.2351074,2.68
2008-06-27,929.2999877929688,17.6200008392334,72.36000061035156,1278.3800048828125,23.440000534057617,140.2100067138672,3.990000009536743,1.48,2.51,2.65,1325427758.6883545,2.65
2008-06-30,926.2000122070312,17.420000076293945,72.45999908447266,1280.0,23.950000762939453,140.0,3.9790000915527344,1.48,2.51,2.63,666214611.1221313,2.63
2008-07-01,942.5,18.200000762939453,72.37000274658203,1284.9100341796875,23.649999618530273,140.97000122070312,3.992000102996826,1.49,2.52,2.63,1434358324.6887207,2.63
2008-07-02,944.7999877929688,18.336999893188477,72.02999877929688,1261.52001953125,25.920000076293945,143.57000732421875,3.9590001106262207,1.43,2.56,2.6,1067765447.0153809,2.6
2008-07-03,931.9000244140625,18.28499984741211,72.73999786376953,1262.9000244140625,24.780000686645508,145.2899932861328,3.9730000495910645,1.42,2.57,2.54,884650546.5393066,2.54
2008-07-07,927.2999877929688,17.83799934387207,72.66999816894531,1252.31005859375,25.780000686645508,141.3699951171875,3.930000066757202,1.43,2.52,2.47,1122147287.2909546,2.47
2008-07-08,921.9000244140625,17.8799991607666,73.01000213623047,1273.699951171875,23.149999618530273,136.0399932861328,3.880000114440918,1.45,2.46,2.47,1019049422.845459,2.47
2008-07-09,927.2999877929688,18.100000381469727,72.58000183105469,1244.68994140625,25.229999542236328,136.0500030517578,3.8340001106262207,1.39,2.46,2.41,1039696200.0,2.41
2008-07-10,940.9000244140625,18.2450008392334,72.48999786376953,1253.3900146484375,25.59000015258789,141.64999389648438,3.811000108718872,1.4,2.43,2.44,1572893989.4714355,2.44
2008-07-11,959.5,18.7450008392334,72.0999984741211,1239.489990234375,27.489999771118164,145.0800018310547,3.940000057220459,1.48,2.48,2.59,2473646231.1950684,2.59
2008-07-14,972.7000122070312,19.174999237060547,71.91999816894531,1228.300048828125,28.479999542236328,145.17999267578125,3.880000114440918,1.43,2.47,2.47,2037406616.7938232,2.47
2008-07-15,977.7000122070312,18.94099998474121,71.87000274658203,1214.9100341796875,28.540000915527344,138.74000549316406,3.8440001010894775,1.4,2.47,2.39,2918480551.4328003,2.39
2008-07-16,961.7999877929688,18.735000610351562,72.05999755859375,1245.3599853515625,25.100000381469727,134.60000610351562,3.934000015258789,1.48,2.49,2.44,1879110504.5776367,2.44
2008-07-17,970.0,18.66699981689453,72.23999786376953,1260.3199462890625,25.010000228881836,129.2899932861328,4.038000106811523,1.6,2.47,2.58,2372940152.7435303,2.58
2008-07-18,957.2999877929688,18.135000228881836,72.19000244140625,1260.6800537109375,24.049999237060547,128.8800048828125,4.080999851226807,1.65,2.46,2.66,808458851.2802124,2.66
2008-07-21,963.0999755859375,18.36199951171875,71.98999786376953,1260.0,23.049999237060547,131.0399932861328,4.066999912261963,1.66,2.43,2.66,696639876.1154175,2.66
2008-07-22,948.0,17.94499969482422,72.44999694824219,1277.0,21.18000030517578,127.94999694824219,4.0970001220703125,1.71,2.43,2.74,1633547279.144287,2.74
2008-07-23,922.4000244140625,17.399999618530273,72.80999755859375,1282.18994140625,21.309999465942383,124.44000244140625,4.1479997634887695,1.8,2.36,2.81,2335963318.1289673,2.81
2008-07-24,922.0,17.246000289916992,72.93000030517578,1252.5400390625,23.440000534057617,125.48999786376953,4.015999794006348,1.69,2.34,2.61,1193874916.93573,2.61
2008-07-25,926.5999755859375,17.325000762939453,72.86000061035156,1257.760009765625,22.90999984741211,123.26000213623047,4.111000061035156,1.79,2.34,2.7,696798173.5534668,2.7
2008-07-28,927.5999755859375,17.41699981689453,72.6500015258789,1234.3699951171875,24.229999542236328,124.7300033569336,4.01800012588501,1.7,2.36,2.59,808104637.5732422,2.59
2008-07-29,916.4000244140625,17.329999923706055,73.30999755859375,1263.199951171875,22.030000686645508,122.19000244140625,4.044000148773193,1.76,2.33,2.65,1176963350.4211426,2.65
2008-07-30,902.9000244140625,17.422000885009766,73.31999969482422,1284.260009765625,21.209999084472656,126.7699966430664,4.047999858856201,1.71,2.36,2.64,1555848589.6568298,2.64
2008-07-31,913.9000244140625,17.75,73.2300033569336,1267.3800048828125,22.940000534057617,124.08000183105469,3.9790000915527344,1.65,2.34,2.52,988754132.0983887,2.52
2008-08-01,909.0,17.481000900268555,73.41999816894531,1260.31005859375,22.56999969482422,125.0999984741211,3.947999954223633,1.63,2.34,2.51,975730791.6755676,2.51
2008-08-04,900.0999755859375,17.10300064086914,73.45999908447266,1249.010009765625,23.489999771118164,121.41000366210938,3.9719998836517334,1.64,2.34,2.53,1320319562.8570557,2.53
2008-08-05,878.5999755859375,16.53700065612793,73.87999725341797,1284.8800048828125,21.139999389648438,119.16999816894531,4.006999969482422,1.74,2.3,2.54,1737559268.9605713,2.54
2008-08-06,875.5999755859375,16.472000122070312,74.23999786376953,1289.18994140625,20.229999542236328,118.58000183105469,4.047999858856201,1.79,2.27,2.56,1074699880.4290771,2.56
2008-08-07,870.7000122070312,16.226999282836914,74.55000305175781,1266.0699462890625,21.149999618530273,120.0199966430664,3.934999942779541,1.68,2.24,2.43,857602716.519165,2.43
2008-08-08,857.7999877929688,15.303000450134277,75.8499984741211,1296.3199462890625,20.65999984741211,115.19999694824219,3.950000047683716,1.72,2.22,2.51,1140978581.124115,2.51
2008-08-11,821.5,14.595000267028809,76.12999725341797,1305.3199462890625,20.1200008392334,114.44999694824219,4.001999855041504,1.8,2.19,2.56,1911990645.2713013,2.56
2008-08-12,808.2000122070312,14.461999893188477,76.1500015258789,1289.5899658203125,21.170000076293945,113.01000213623047,3.9179999828338623,1.72,2.19,2.45,1621012468.4188843,2.45
2008-08-13,825.0,14.824000358581543,76.20999908447266,1285.8299560546875,21.549999237060547,116.0,3.947000026702881,1.75,2.19,2.5,1387131658.4777832,2.5
2008-08-14,808.2000122070312,14.21399974822998,76.66999816894531,1292.9300537109375,20.34000015258789,115.01000213623047,3.8919999599456787,1.67,2.22,2.45,1233305286.2838745,2.45
2008-08-15,786.0,12.800999641418457,77.18000030517578,1298.199951171875,19.579999923706055,113.7699966430664,3.8519999980926514,1.66,2.18,2.4,2309802938.2781982,2.4
2008-08-18,799.7000122070312,13.086999893188477,77.12000274658203,1278.5999755859375,20.979999542236328,112.87000274658203,3.815999984741211,1.67,2.15,2.35,1108865762.9440308,2.35
2008-08-19,811.0999755859375,13.093000411987305,76.83999633789062,1266.68994140625,21.280000686645508,114.52999877929688,3.8420000076293945,1.68,2.15,2.32,1347773558.113861,2.32
2008-08-20,810.2999877929688,13.029000282287598,76.95999908447266,1274.5400390625,20.420000076293945,114.9800033569336,3.7990000247955322,1.6,2.19,2.25,1178002804.0771484,2.25
2008-08-21,833.0,13.718999862670898,76.19999694824219,1277.719970703125,19.81999969482422,121.18000030517578,3.8380000591278076,1.61,2.23,2.33,1401659581.9747925,2.33
2008-08-22,827.4000244140625,13.470000267028809,76.80999755859375,1292.199951171875,18.809999465942383,114.58999633789062,3.867000102996826,1.69,2.18,2.42,636859090.3823853,2.42
2008-08-25,819.7999877929688,13.364999771118164,76.79000091552734,1266.8399658203125,20.969999313354492,115.11000061035156,3.7909998893737793,1.64,2.15,2.33,527080905.9875488,2.33
2008-08-26,822.2000122070312,13.571999549865723,77.25,1271.510009765625,20.489999771118164,116.2699966430664,3.7839999198913574,1.63,2.16,2.35,696847829.7981262,2.35
2008-08-27,828.0999755859375,13.468000411987305,77.05000305175781,1281.6600341796875,19.760000228881836,118.1500015258789,3.7720000743865967,1.58,2.19,2.31,577452604.3319702,2.31
2008-08-28,830.9000244140625,13.604000091552734,77.1500015258789,1300.6800537109375,19.43000030517578,115.58999633789062,3.7950000762939453,1.62,2.17,2.37,768514490.8538818,2.37
2008-08-29,829.2999877929688,13.607000350952148,77.37999725341797,1282.8299560546875,20.649999618530273,115.45999908447266,3.812999963760376,1.68,2.15,2.36,418747403.30810547,2.36
2008-09-02,805.0,13.050000190734863,78.05999755859375,1277.5799560546875,21.989999771118164,109.70999908447266,3.746000051498413,1.69,2.05,2.26,1004327241.3009644,2.26
2008-09-03,802.7000122070312,12.859999656677246,78.08999633789062,1274.97998046875,21.43000030517578,109.3499984741211,3.697000026702881,1.71,2.0,2.26,844730446.4645386,2.26
2008-09-04,797.9000244140625,12.855999946594238,78.61000061035156,1236.8299560546875,24.030000686645508,107.88999938964844,3.6429998874664307,1.7,1.94,2.2,852091454.3655396,2.2
2008-09-05,797.5999755859375,12.244999885559082,78.93000030517578,1242.31005859375,23.059999465942383,106.2300033569336,3.6600000858306885,1.71,1.95,2.23,848142562.0491028,2.23
2008-09-08,797.5,11.989999771118164,79.58999633789062,1267.7900390625,22.639999389648438,106.33999633789062,3.6649999618530273,1.68,1.98,2.3,789932740.1138306,2.3
2008-09-09,787.0999755859375,11.640000343322754,79.25,1224.510009765625,25.469999313354492,103.26000213623047,3.5959999561309814,1.69,1.93,2.23,1544906731.853485,2.23
2008-09-10,757.9000244140625,10.817000389099121,79.8499984741211,1232.0400390625,24.520000457763672,102.58000183105469,3.6410000324249268,1.7,1.95,2.22,2179507445.8465576,2.22
2008-09-11,741.2999877929688,10.489999771118164,80.1500015258789,1249.050048828125,24.389999389648438,100.87000274658203,3.621999979019165,1.67,1.97,2.18,1737455119.5327759,2.18
2008-09-12,760.2999877929688,10.734999656677246,78.97000122070312,1251.699951171875,25.65999984741211,101.18000030517578,3.7300000190734863,1.79,1.95,2.23,1329332523.6968994,2.23
2008-09-15,783.0999755859375,11.074999809265137,78.91000366210938,1192.699951171875,31.700000762939453,95.70999908447266,3.4830000400543213,1.7,1.77,1.78,1318837954.486084,1.78
2008-09-16,776.5,10.461999893188477,79.06999969482422,1213.5999755859375,30.299999237060547,91.1500015258789,3.490999937057495,1.85,1.63,1.89,1320181374.7398376,1.89
2008-09-17,846.5999755859375,11.619999885559082,78.0999984741211,1156.3900146484375,36.220001220703125,97.16000366210938,3.4100000858306885,1.81,1.6,1.64,5621105801.781464,1.64
2008-09-18,892.7000122070312,12.64799976348877,78.0199966430664,1206.510009765625,33.099998474121094,97.87999725341797,3.437000036239624,1.94,1.6,1.78,5016785944.903564,1.78
2008-09-19,860.5999755859375,12.425000190734863,77.68000030517578,1255.0799560546875,32.06999969482422,104.55000305175781,3.7690000534057617,1.85,1.93,2.16,2191174591.5504456,2.16
2008-09-22,903.9000244140625,13.399999618530273,76.1500015258789,1207.0899658203125,33.849998474121094,120.91999816894531,3.8259999752044678,1.85,1.98,2.13,3150230002.7801514,2.13
2008-09-23,885.5,13.119999885559082,76.47000122070312,1188.219970703125,35.720001220703125,106.61000061035156,3.8410000801086426,1.99,1.86,2.11,1973324921.181488,2.11
2008-09-24,889.0,13.383999824523926,76.79000091552734,1185.8699951171875,35.189998626708984,105.7300033569336,3.7709999084472656,2.05,1.75,2.03,1494758990.2175903,2.03
2008-09-25,877.7000122070312,13.222000122070312,76.98999786376953,1209.1800537109375,32.81999969482422,108.0199966430664,3.861999988555908,2.09,1.79,2.16,1788823336.8530273,2.16
2008-09-26,882.9000244140625,13.458000183105469,76.94999694824219,1213.27001953125,34.7400016784668,106.88999938964844,3.8269999027252197,2.1,1.75,2.11,1904355850.5844116,2.11
2008-09-29,888.2000122070312,12.980999946594238,77.47000122070312,1106.4200439453125,46.720001220703125,96.37000274658203,3.631999969482422,2.03,1.58,1.7,3633828016.61911,1.7
2008-09-30,874.2000122070312,12.230999946594238,79.44999694824219,1166.3599853515625,39.38999938964844,100.63999938964844,3.8269999027252197,2.25,1.6,2.0,1738652146.762848,2.0
2008-10-01,880.7000122070312,12.720000267028809,79.45999908447266,1161.06005859375,39.810001373291016,98.52999877929688,3.7679998874664307,2.26,1.51,1.82,1443040858.4899902,1.82
2008-10-02,839.0,11.0649995803833,80.44000244140625,1114.280029296875,45.2599983215332,93.97000122070312,3.6459999084472656,2.17,1.49,1.62,1864856871.4752197,1.62
2008-10-03,828.9000244140625,11.270000457763672,80.30999755859375,1099.22998046875,45.13999938964844,93.87999725341797,3.6440000534057617,2.18,1.45,1.6,1986735397.9064941,1.6
2008-10-06,862.7000122070312,11.229999542236328,81.68000030517578,1056.8900146484375,52.04999923706055,87.80999755859375,3.4260001182556152,2.21,1.27,1.43,1826827969.5404053,1.43
2008-10-07,878.4000244140625,11.324999809265137,80.97000122070312,996.22998046875,53.68000030517578,90.05999755859375,3.50600004196167,2.32,1.18,1.47,1770018798.9143372,1.47
2008-10-08,903.0999755859375,11.717000007629395,80.91000366210938,984.9400024414062,57.529998779296875,88.94999694824219,3.7149999141693115,2.69,1.03,1.65,2790342100.8621216,1.65
2008-10-09,883.0999755859375,11.819999694824219,81.16000366210938,909.9199829101562,63.91999816894531,86.58999633789062,3.8340001106262207,2.79,1.05,1.65,1796363850.4898071,1.65
2008-10-10,855.4000244140625,10.545000076293945,83.0,899.219970703125,69.94999694824219,77.69999694824219,3.8610000610351562,2.97,0.92,1.62,3750500761.013794,1.62
2008-10-13,838.9000244140625,10.737000465393066,81.87999725341797,1003.3499755859375,54.9900016784668,81.19000244140625,3.8610000610351562,2.97,0.92,1.62,1396183076.6227722,1.62
2008-10-14,836.2999877929688,11.017999649047852,81.36000061035156,998.010009765625,55.130001068115234,78.62999725341797,4.0229997634887695,3.05,1.03,1.82,1017899002.2094727,1.82
2008-10-15,835.5,10.142000198364258,82.05000305175781,907.8400268554688,69.25,74.54000091552734,4.011000156402588,3.02,1.02,1.64,1408447149.7253418,1.64
2008-10-16,801.5,9.607000350952148,82.45999908447266,946.4299926757812,67.61000061035156,69.8499984741211,3.936000108718872,3.02,0.97,1.61,2429889652.056885,1.61
2008-10-17,785.0999755859375,9.3100004196167,82.41000366210938,940.5499877929688,70.33000183105469,71.8499984741211,3.937999963760376,2.87,1.11,1.64,1184146592.9588318,1.64
2008-10-20,787.5999755859375,9.664999961853027,83.0999984741211,985.4000244140625,52.970001220703125,74.25,3.885999917984009,2.76,1.15,1.71,732554150.0,1.71
2008-10-21,766.0999755859375,10.050000190734863,83.98999786376953,955.0499877929688,53.11000061035156,70.88999938964844,3.703000068664551,2.63,1.13,1.58,825655374.7436523,1.58
2008-10-22,733.2999877929688,9.45199966430664,85.37000274658203,896.780029296875,69.6500015258789,66.75,3.618000030517578,2.59,1.06,1.53,1669674105.683136,1.53
2008-10-23,713.2999877929688,9.5,85.36000061035156,908.1099853515625,67.80000305175781,67.83999633789062,3.5339999198913574,2.67,0.96,1.54,1176435565.4083252,1.54
2008-10-24,729.0999755859375,9.295000076293945,86.44000244140625,876.77001953125,79.12999725341797,64.1500015258789,3.697000026702881,3.02,0.74,1.57,1622688657.4264526,1.57
2008-10-27,741.7000122070312,9.194999694824219,86.93000030517578,848.9199829101562,80.05999755859375,63.220001220703125,3.7290000915527344,3.02,0.77,1.59,877030311.7080688,1.59
2008-10-28,739.2999877929688,8.789999961853027,87.02999877929688,940.510009765625,66.95999908447266,62.72999954223633,3.819999933242798,3.06,0.83,1.65,624861106.7527771,1.65
2008-10-29,752.7999877929688,9.805000305175781,85.06999969482422,930.0900268554688,69.95999908447266,67.5,3.874000072479248,3.05,0.88,1.58,1192983600.0,1.58
2008-10-30,737.2000122070312,9.78499984741211,84.55999755859375,954.0900268554688,62.900001525878906,65.95999908447266,3.938999891281128,3.06,0.94,1.59,791950039.0281677,1.59
2008-10-31,716.7999877929688,9.729999542236328,85.62999725341797,968.75,59.88999938964844,67.80999755859375,3.9700000286102295,3.14,0.87,1.56,678999817.1447754,1.56
2008-11-03,725.4000244140625,9.75,86.3499984741211,966.2999877929688,53.68000030517578,63.90999984741211,3.9040000438690186,3.09,0.87,1.45,483437329.62493896,1.45
2008-11-04,756.0,10.130000114440918,84.77999877929688,1005.75,47.72999954223633,70.52999877929688,3.765000104904175,2.88,0.93,1.39,863083646.3851929,1.39
2008-11-05,741.2999877929688,10.454999923706055,84.61000061035156,952.77001953125,54.560001373291016,65.30000305175781,3.694000005722046,2.76,0.97,1.36,751041231.4834595,1.36
2008-11-06,731.2000122070312,10.055000305175781,85.88999938964844,904.8800048828125,63.68000030517578,60.77000045776367,3.7070000171661377,2.81,0.94,1.28,771851263.0462646,1.28
2008-11-07,733.2000122070312,9.963000297546387,85.91000366210938,930.989990234375,56.099998474121094,61.040000915527344,3.7799999713897705,2.86,0.97,1.33,438820750.0,1.33
2008-11-10,745.5999755859375,10.220000267028809,85.91000366210938,919.2100219726562,59.97999954223633,62.40999984741211,3.759999990463257,2.84,0.98,1.27,448300877.1560669,1.27
2008-11-11,732.0,9.805000305175781,87.06999969482422,898.9500122070312,61.439998626708984,59.33000183105469,3.755000114440918,2.84,0.98,1.27,601963365.4968262,1.27
2008-11-12,717.7000122070312,9.479999542236328,87.47000122070312,852.2999877929688,66.45999908447266,56.15999984741211,3.6649999618530273,2.79,0.96,1.19,702338000.0,1.19
2008-11-13,704.9000244140625,8.800000190734863,86.94000244140625,911.2899780273438,59.83000183105469,58.2400016784668,3.818000078201294,2.95,0.89,1.24,1214039215.675354,1.24
2008-11-14,742.4000244140625,9.489999771118164,86.36000061035156,873.2899780273438,66.30999755859375,57.040000915527344,3.75,2.87,0.85,1.22,938870419.0887451,1.22
2008-11-17,741.9000244140625,9.329999923706055,86.80999755859375,850.75,69.1500015258789,54.95000076293945,3.684000015258789,2.85,0.83,1.22,560029801.7623901,1.22
2008-11-18,732.5999755859375,9.550000190734863,87.37000274658203,859.1199951171875,67.63999938964844,54.38999938964844,3.5350000858306885,2.92,0.61,1.15,589861616.3780212,1.15
2008-11-19,735.9000244140625,9.3100004196167,87.30999755859375,806.5800170898438,74.26000213623047,53.619998931884766,3.3910000324249268,2.98,0.4,1.09,1008973635.8283997,1.09
2008-11-20,748.5999755859375,9.024999618530273,87.97000122070312,752.4400024414062,80.86000061035156,49.619998931884766,3.1440000534057617,3.06,0.04,1.0,997759448.5443115,1.0
2008-11-21,791.7000122070312,9.479999542236328,88.19000244140625,800.030029296875,72.66999816894531,49.93000030517578,3.1670000553131104,3.15,0.05,1.09,2402354443.510437,1.09
2008-11-24,819.4000244140625,10.354999542236328,86.08000183105469,851.8099975585938,64.69999694824219,54.5,3.3399999141693115,3.11,0.24,1.31,1608911604.8217773,1.31
2008-11-25,818.4000244140625,10.270000457763672,85.0,857.3900146484375,60.900001525878906,50.77000045776367,3.0920000076293945,2.79,0.32,1.15,1417012275.125885,1.15
2008-11-26,808.5,10.220000267028809,85.66999816894531,887.6799926757812,54.91999816894531,54.439998626708984,3.000999927520752,2.68,0.31,1.09,734801782.8918457,1.09
2008-11-28,816.2000122070312,10.1850004196167,86.5199966430664,896.239990234375,55.279998779296875,54.43000030517578,2.9570000171661377,2.6,0.33,1.0,293830188.06762695,1.0
2008-12-01,774.5999755859375,9.350000381469727,86.72000122070312,816.2100219726562,68.51000213623047,49.279998779296875,2.7190001010894775,2.38,0.34,0.9,993640075.0419617,0.9
2008-12-02,781.2999877929688,9.59000015258789,86.69999694824219,848.8099975585938,62.97999954223633,46.959999084472656,2.693000078201294,2.26,0.42,0.9,534340778.80859375,0.9
2008-12-03,768.7999877929688,9.564000129699707,87.02999877929688,870.739990234375,60.720001220703125,46.790000915527344,2.6760001182556152,2.14,0.53,0.87,813983303.2608032,0.87
2008-12-04,763.7999877929688,9.491000175476074,86.44000244140625,845.219970703125,63.63999938964844,43.66999816894531,2.569999933242798,1.98,0.57,0.82,892976250.0,0.82
2008-12-05,750.5,9.401000022888184,87.12000274658203,876.0700073242188,59.93000030517578,40.810001373291016,2.6570000648498535,2.23,0.44,0.93,997994151.0429382,0.93
2008-12-08,767.4000244140625,9.9399995803833,85.55999755859375,909.7000122070312,58.4900016784668,43.709999084472656,2.7339999675750732,2.47,0.3,0.97,553798717.8207397,0.97
2008-12-09,772.4000244140625,9.8149995803833,85.83999633789062,888.6699829101562,58.90999984741211,42.06999969482422,2.6689999103546143,2.41,0.26,0.84,734164856.6116333,0.84
2008-12-10,807.0999755859375,10.164999961853027,85.4800033569336,899.239990234375,55.72999954223633,43.52000045776367,2.684000015258789,2.44,0.25,0.86,1280035350.0,0.86
2008-12-11,824.9000244140625,10.390000343322754,83.83000183105469,873.5900268554688,55.779998779296875,47.97999954223633,2.6480000019073486,2.35,0.29,0.79,1127503151.3320923,0.79
2008-12-12,818.9000244140625,10.199000358581543,83.63999938964844,879.72998046875,54.279998779296875,46.279998779296875,2.5889999866485596,2.43,0.17,0.78,1013236154.3884277,0.78
2008-12-15,835.4000244140625,10.58899974822998,82.2699966430664,868.5700073242188,56.7599983215332,44.5099983215332,2.5329999923706055,2.43,0.1,0.75,1239726857.0983887,0.75
2008-12-16,841.7000122070312,10.673999786376953,80.68000030517578,913.1799926757812,52.369998931884766,43.599998474121094,2.36299991607666,2.21,0.16,0.65,1576564126.9104004,0.65
2008-12-17,867.5,11.388999938964844,78.91000366210938,904.4199829101562,49.84000015258789,40.060001373291016,2.190000057220459,1.86,0.34,0.73,1878477561.7103577,0.73
2008-12-18,859.5999755859375,11.08899974822998,79.47000122070312,885.280029296875,47.34000015258789,36.220001220703125,2.0739998817443848,1.85,0.23,0.68,1445457562.335968,0.68
2008-12-19,836.4000244140625,10.819000244140625,81.30000305175781,887.8800048828125,44.93000030517578,33.869998931884766,2.13100004196167,1.98,0.15,0.74,755196859.8976135,0.74
2008-12-22,846.2000122070312,10.829000473022461,81.08999633789062,871.6300048828125,44.560001373291016,39.90999984741211,2.1410000324249268,2.01,0.15,0.87,558389123.8746643,0.87
2008-12-23,837.2000122070312,10.232999801635742,81.23999786376953,863.1599731445312,45.02000045776367,38.97999954223633,2.1630001068115234,2.03,0.15,0.9,522403368.6355591,0.9
2008-12-24,847.0999755859375,10.322999954223633,81.20999908447266,868.1500244140625,44.209999084472656,35.349998474121094,2.178999900817871,2.07,0.13,0.9,172728814.1052246,0.9
2008-12-26,870.4000244140625,10.503000259399414,80.88999938964844,872.7999877929688,43.380001068115234,37.709999084472656,2.13700008392334,2.03,0.13,0.89,434916472.24731445,0.89
2008-12-29,874.5999755859375,10.782999992370605,80.68000030517578,869.4199829101562,43.900001525878906,40.02000045776367,2.0959999561309814,2.02,0.11,0.78,783462171.1555481,0.78
2008-12-30,869.2999877929688,10.954999923706055,80.9000015258789,890.6400146484375,41.630001068115234,39.029998779296875,2.0869998931884766,2.02,0.09,0.75,611865710.8688354,0.75
2008-12-31,883.5999755859375,11.270000457763672,81.30999755859375,903.25,40.0,44.599998474121094,2.24399995803833,2.14,0.11,0.76,678065865.6913757,0.76
2009-01-02,878.7999877929688,11.46500015258789,81.83999633789062,931.7999877929688,39.189998626708984,46.34000015258789,2.4159998893737793,2.29,0.17,0.88,552872289.5233154,0.88
2009-01-05,857.2000122070312,11.244999885559082,82.63999938964844,927.4500122070312,39.08000183105469,48.810001373291016,2.48799991607666,2.34,0.15,0.78,805491488.0073547,0.78
2009-01-06,865.4000244140625,11.420000076293945,82.8499984741211,934.7000122070312,38.560001373291016,48.58000183105469,2.505000114440918,2.09,0.42,0.8,1095163362.6663208,0.8
2009-01-07,841.0999755859375,11.079999923706055,82.27999877929688,906.6500244140625,43.38999938964844,42.630001068115234,2.49399995803833,2.05,0.47,0.82,1105540000.0,0.82
2009-01-08,853.9000244140625,11.071999549865723,81.54000091552734,909.72998046875,42.560001373291016,41.70000076293945,2.444999933242798,1.97,0.5,0.83,905048012.1894836,0.83
2009-01-09,854.2999877929688,11.295000076293945,82.66000366210938,890.3499755859375,42.81999969482422,40.83000183105469,2.4070000648498535,1.87,0.56,0.75,743690631.7733765,0.75
2009-01-12,820.2999877929688,10.725000381469727,83.0199966430664,870.260009765625,45.84000015258789,37.59000015258789,2.309000015258789,1.75,0.59,0.74,1191654211.5211487,0.74
2009-01-13,820.0999755859375,10.654999732971191,84.2699966430664,871.7899780273438,43.27000045776367,37.779998779296875,2.296999931335449,1.74,0.59,0.76,810344780.48172,0.76
2009-01-14,808.2000122070312,10.45199966430664,84.41999816894531,842.6199951171875,49.13999938964844,37.279998779296875,2.2130000591278076,1.79,0.45,0.73,1244724014.2822266,0.73
2009-01-15,806.7000122070312,10.420000076293945,84.44000244140625,843.739990234375,51.0,35.400001525878906,2.2009999752044678,1.78,0.45,0.73,1343694722.7981567,0.73
2009-01-16,839.2999877929688,11.194999694824219,84.20999908447266,850.1199951171875,46.11000061035156,36.5099983215332,2.303999900817871,1.81,0.55,0.73,1362258497.92099,0.73
2009-01-20,854.5999755859375,11.157999992370605,86.22000122070312,805.219970703125,56.650001525878906,38.7400016784668,2.3450000286102295,1.82,0.58,0.73,1415118303.7948608,0.73
2009-01-21,849.5999755859375,11.3149995803833,85.81999969482422,840.239990234375,46.41999816894531,43.54999923706055,2.5260000228881836,1.98,0.58,0.78,1032697233.7257385,0.78
2009-01-22,858.2000122070312,11.357000350952148,85.5199966430664,827.5,47.290000915527344,43.66999816894531,2.5940001010894775,1.97,0.65,0.75,1570616802.0019531,0.75
2009-01-23,895.2999877929688,11.932000160217285,85.61000061035156,831.9500122070312,47.27000045776367,46.470001220703125,2.621999979019165,1.93,0.72,0.83,3010967229.483032,0.83
2009-01-26,908.5,12.10200023651123,84.7300033569336,836.5700073242188,45.689998626708984,45.72999954223633,2.6429998874664307,1.92,0.78,0.85,1701568966.621399,0.85
2009-01-27,899.2000122070312,12.166999816894531,84.43000030517578,845.7100219726562,42.25,41.58000183105469,2.5190000534057617,1.77,0.82,0.87,1041770379.624939,0.87
2009-01-28,888.0999755859375,11.963000297546387,84.66999816894531,874.0900268554688,39.65999984741211,42.15999984741211,2.6559998989105225,1.81,0.9,0.89,1612863998.2177734,0.89
2009-01-29,905.0999755859375,12.140000343322754,85.27999877929688,845.1400146484375,42.630001068115234,41.439998626708984,2.815000057220459,1.83,1.04,0.95,1895216200.0,0.95
2009-01-30,927.2999877929688,12.5600004196167,86.0,825.8800048828125,44.84000015258789,41.68000030517578,2.8440001010894775,1.73,1.14,0.94,1943012831.048584,0.94
2009-02-02,906.7000122070312,12.40999984741211,86.06999969482422,825.4400024414062,45.52000045776367,40.08000183105469,2.7190001010894775,1.69,1.07,0.89,1508796309.8052979,0.89
2009-02-03,892.0,12.295000076293945,85.05000305175781,838.510009765625,43.060001373291016,40.779998779296875,2.8420000076293945,1.76,1.13,0.96,1550118279.3884277,0.96
2009-02-04,901.5999755859375,12.46500015258789,85.69999694824219,832.22998046875,43.849998474121094,40.31999969482422,2.9140000343322754,1.78,1.17,0.98,1272696702.355194,0.98
2009-02-05,913.5999755859375,12.744999885559082,86.05999755859375,845.8499755859375,43.72999954223633,41.16999816894531,2.9000000953674316,1.84,1.11,0.98,1549730603.2310486,0.98
2009-02-06,913.9000244140625,13.154999732971191,85.3499984741211,868.5999755859375,43.369998931884766,40.16999816894531,2.9790000915527344,1.82,1.23,0.99,1124739691.0247803,0.99
2009-02-09,892.4000244140625,12.824999809265137,84.79000091552734,869.8900146484375,43.63999938964844,39.560001373291016,3.0269999504089355,1.66,1.41,1.05,1878018809.5108032,1.05
2009-02-10,913.7000122070312,13.125,85.80999755859375,827.1599731445312,46.66999816894531,37.54999923706055,2.8469998836517334,1.65,1.25,0.92,2295402447.704315,0.92
2009-02-11,943.7999877929688,13.515000343322754,85.77999877929688,833.739990234375,44.529998779296875,35.939998626708984,2.76200008392334,1.66,1.12,0.93,5129699746.887207,0.93
2009-02-12,948.5,13.505000114440918,86.55000305175781,835.1900024414062,41.25,33.97999954223633,2.7269999980926514,1.61,1.14,0.89,3613766084.979248,0.89
2009-02-13,941.5,13.619999885559082,86.04000091552734,826.8400268554688,42.93000030517578,37.5099983215332,2.881999969482422,1.68,1.21,0.97,1361919569.908142,0.97
2009-02-17,967.0,14.008000373840332,87.58000183105469,789.1699829101562,48.65999984741211,34.93000030517578,2.6619999408721924,1.53,1.11,0.87,2585282257.3425293,0.87
2009-02-18,977.7000122070312,14.288000106811523,88.01000213623047,788.4199829101562,48.459999084472656,34.619998931884766,2.7279999256134033,1.63,1.11,0.97,2843950040.4693604,0.97
2009-02-19,976.0999755859375,13.932999610900879,87.44000244140625,778.9400024414062,47.08000183105469,39.47999954223633,2.8570001125335693,1.73,1.12,1.01,2040418086.479187,1.01
2009-02-20,1001.7999877929688,14.48799991607666,86.48999786376953,770.0499877929688,49.29999923706055,38.939998626708984,2.7720000743865967,1.67,1.11,0.96,4288999573.8342285,0.96
2009-02-23,994.5999755859375,14.447999954223633,87.23999786376953,743.3300170898438,52.619998931884766,38.439998626708984,2.7769999504089355,1.7,1.08,0.96,2398558153.388214,0.96
2009-02-24,969.0999755859375,13.993000030517578,86.88999938964844,773.1400146484375,45.4900016784668,39.959999084472656,2.7990000247955322,1.82,0.98,1.03,3548633290.752411,1.03
2009-02-25,965.7000122070312,13.873000144958496,87.91000366210938,764.9000244140625,44.66999816894531,42.5,2.944999933242798,1.98,0.97,1.09,2435201859.890747,1.09
2009-02-26,941.7999877929688,12.949999809265137,87.7300033569336,752.8300170898438,44.65999984741211,45.220001220703125,2.9779999256134033,2.02,0.96,1.08,2679178717.7124023,1.08
2009-02-27,941.5,13.085000038146973,88.01000213623047,735.0900268554688,46.349998474121094,44.7599983215332,3.0409998893737793,2.06,0.96,1.0,2833431196.985626,1.0
2009-03-02,939.0,13.050000190734863,88.94000244140625,700.8200073242188,52.650001525878906,40.150001525878906,2.9189999103546143,2.0,0.91,0.89,2206807456.4064026,0.89
2009-03-03,912.9000244140625,12.694999694824219,88.91000366210938,696.3300170898438,50.93000030517578,41.650001525878906,2.937999963760376,2.02,0.91,0.91,2528584341.710663,0.91
2009-03-04,906.0,12.899999618530273,88.58000183105469,712.8699951171875,47.560001373291016,45.380001068115234,3.010999917984009,2.09,0.92,0.97,1768685106.5422058,0.97
2009-03-05,927.0,13.104999542236328,89.11000061035156,682.5499877929688,50.16999816894531,43.61000061035156,2.819000005722046,1.98,0.85,0.9,2207345993.740082,0.9
2009-03-06,942.0999755859375,13.322999954223633,88.51000213623047,683.3800048828125,49.33000183105469,45.52000045776367,2.828000068664551,2.02,0.81,0.91,2066862257.5035095,0.91
2009-03-09,917.7000122070312,12.949999809265137,89.01000213623047,676.530029296875,49.68000030517578,47.06999969482422,2.885999917984009,2.06,0.83,0.96,1658436321.4118958,0.96
2009-03-10,895.5999755859375,12.5600004196167,88.93000030517578,719.5999755859375,44.369998931884766,45.709999084472656,2.9820001125335693,2.15,0.84,1.01,2285020670.176697,1.01
2009-03-11,910.4000244140625,12.8149995803833,87.87000274658203,721.3599853515625,43.61000061035156,42.33000183105469,2.9159998893737793,2.03,0.92,1.03,1488234230.3619385,1.03
2009-03-12,923.7000122070312,12.958000183105469,87.66000366210938,750.739990234375,41.18000030517578,47.029998779296875,2.8919999599456787,1.88,1.01,1.03,1833715429.2861938,1.03
2009-03-13,929.7999877929688,13.229999542236328,87.43000030517578,756.5499877929688,42.36000061035156,46.25,2.884999990463257,1.87,1.02,0.98,1067580065.6845093,0.98
2009-03-16,921.5999755859375,12.904999732971191,86.94999694824219,753.8900146484375,43.7400016784668,47.349998474121094,2.9509999752044678,1.88,1.09,1.0,1069851035.9573364,1.0
2009-03-17,916.4000244140625,12.6850004196167,86.93000030517578,778.1199951171875,40.79999923706055,49.15999984741211,3.003000020980835,1.9,1.12,1.05,905118105.2032471,1.05
2009-03-18,888.7000122070312,11.949999809265137,84.5999984741211,794.3499755859375,40.060001373291016,48.13999938964844,2.5329999923706055,1.28,1.23,0.82,5531845105.380249,0.82
2009-03-19,958.2999877929688,13.5,83.12999725341797,784.0399780273438,43.68000030517578,51.61000061035156,2.5969998836517334,1.31,1.3,0.87,3302872656.5841675,0.87
2009-03-20,955.7999877929688,13.82699966430664,83.83999633789062,768.5399780273438,45.88999938964844,51.060001373291016,2.625,1.43,1.22,0.89,1691386490.8172607,0.89
2009-03-23,952.0999755859375,13.862000465393066,83.43000030517578,822.9199829101562,43.22999954223633,53.79999923706055,2.6600000858306885,1.4,1.28,0.93,1625451440.322876,0.93
2009-03-24,923.2999877929688,13.343999862670898,83.86000061035156,806.1199951171875,42.93000030517578,53.97999954223633,2.6540000438690186,1.36,1.32,0.93,1544312758.1817627,0.93
2009-03-25,935.4000244140625,13.423999786376953,83.80999755859375,813.8800048828125,42.25,52.77000045776367,2.7720000743865967,1.44,1.37,0.96,2280064709.21402,0.96
2009-03-26,939.5999755859375,13.607000350952148,84.16999816894531,832.8599853515625,40.36000061035156,54.34000015258789,2.7330000400543213,1.3,1.46,0.9,1136742032.77359,0.9
2009-03-27,923.0,13.25100040435791,85.11000061035156,815.9400024414062,41.040000915527344,52.380001068115234,2.760999917984009,1.38,1.4,0.9,1051641268.3105469,0.9
2009-03-30,915.5,13.02299976348877,85.87000274658203,787.530029296875,45.540000915527344,48.40999984741211,2.7139999866485596,1.39,1.34,0.84,1478002537.1406555,0.84
2009-03-31,922.5999755859375,12.975000381469727,85.43000030517578,797.8699951171875,44.13999938964844,49.65999984741211,2.684999942779541,1.43,1.28,0.81,1300077122.4212646,0.81
2009-04-01,926.0999755859375,12.96500015258789,85.5,811.0800170898438,42.279998779296875,48.38999938964844,2.6579999923706055,1.37,1.31,0.83,1119550645.9869385,0.83
2009-04-02,907.4000244140625,13.015000343322754,84.44999694824219,834.3800048828125,42.040000915527344,52.63999938964844,2.752000093460083,1.44,1.33,0.88,2204815275.7720947,0.88
2009-04-03,895.5999755859375,12.725000381469727,84.16999816894531,842.5,39.70000076293945,52.5099983215332,2.9070000648498535,1.53,1.38,0.96,1431535864.1479492,0.96
2009-04-06,871.5,12.104999542236328,84.56999969482422,835.47998046875,40.93000030517578,51.04999923706055,2.938999891281128,1.52,1.43,0.94,1953501515.0939941,0.94
2009-04-07,882.2000122070312,12.204999923706055,85.29000091552734,815.5499877929688,40.38999938964844,49.150001525878906,2.9089999198913574,1.61,1.32,0.91,954538980.4916382,0.91
2009-04-08,884.7999877929688,12.335000038146973,85.36000061035156,825.1599731445312,38.849998474121094,49.380001068115234,2.8469998836517334,1.57,1.29,0.93,1058911189.4622803,0.93
2009-04-09,882.2000122070312,12.324999809265137,85.79000091552734,856.5599975585938,36.529998779296875,52.2400016784668,2.9260001182556152,1.62,1.34,0.96,829188777.545166,0.96
2009-04-13,894.7000122070312,12.762999534606934,84.63999938964844,858.72998046875,37.810001373291016,50.04999923706055,2.8450000286102295,1.55,1.33,0.89,640091535.9947205,0.89
2009-04-14,890.9000244140625,12.760000228881836,84.63999938964844,841.5,37.66999816894531,49.40999984741211,2.7860000133514404,1.52,1.28,0.86,626215757.685852,0.86
2009-04-15,892.7999877929688,12.795000076293945,85.08000183105469,852.0599975585938,36.16999816894531,49.25,2.759000062942505,1.55,1.27,0.86,599987500.0,0.86
2009-04-16,879.2999877929688,12.25,85.2300033569336,865.2999877929688,35.790000915527344,49.97999954223633,2.8299999237060547,1.59,1.27,0.91,1804893164.6484375,0.91
2009-04-17,867.4000244140625,11.78499984741211,85.9800033569336,869.5999755859375,33.939998626708984,50.33000183105469,2.930000066757202,1.7,1.28,0.99,1903192721.2615967,0.99
2009-04-20,887.0,12.100000381469727,86.63999938964844,832.3900146484375,39.18000030517578,45.880001068115234,2.8429999351501465,1.66,1.22,0.93,1102039041.3208008,0.93
2009-04-21,882.0999755859375,12.055000305175781,86.58000183105469,850.0800170898438,37.13999938964844,46.5099983215332,2.9019999504089355,1.69,1.25,0.96,925891144.4961548,0.96
2009-04-22,891.7999877929688,12.300000190734863,86.19000244140625,843.5499877929688,38.099998474121094,48.849998474121094,2.9639999866485596,1.65,1.33,1.0,881305914.2982483,1.0
2009-04-23,905.9000244140625,12.75,85.5199966430664,851.9199829101562,37.150001525878906,49.619998931884766,2.927000045776367,1.52,1.44,0.97,1475944850.7232666,0.97
2009-04-24,913.5999755859375,12.914999961853027,84.70999908447266,866.22998046875,36.81999969482422,51.54999923706055,2.996000051498413,1.53,1.5,0.99,1025122789.9475098,0.99
2009-04-27,907.4000244140625,12.949999809265137,85.69999694824219,857.510009765625,38.31999969482422,50.13999938964844,2.9210000038146973,1.48,1.47,0.9,636207891.2689209,0.9
2009-04-28,892.7999877929688,12.395000457763672,85.16000366210938,855.1599731445312,37.95000076293945,49.91999816894531,3.002000093460083,1.54,1.51,0.95,752026275.0,0.95
2009-04-29,899.7999877929688,12.753999710083008,84.47000122070312,873.6400146484375,36.08000183105469,50.970001220703125,3.0959999561309814,1.59,1.53,0.94,715322853.8284302,0.94
2009-04-30,890.7000122070312,12.305000305175781,84.61000061035156,872.8099975585938,36.5,51.119998931884766,3.124000072479248,1.69,1.47,0.91,847723293.3914185,0.91
2009-05-01,887.5999755859375,12.479999542236328,84.55000305175781,877.52001953125,35.29999923706055,53.20000076293945,3.1740000247955322,1.8,1.41,0.92,532342661.31591797,0.92
2009-05-04,901.5999755859375,13.093000411987305,83.97000122070312,907.239990234375,34.529998779296875,54.470001220703125,3.1570000648498535,1.77,1.42,0.94,958473177.4002075,0.94
2009-05-05,903.7000122070312,13.402000427246094,84.16000366210938,903.7999877929688,33.36000061035156,53.84000015258789,3.1570000648498535,1.77,1.43,0.98,878422850.0,0.98
2009-05-06,910.5,13.692000389099121,83.80000305175781,919.530029296875,32.45000076293945,56.34000015258789,3.1519999504089355,1.74,1.44,0.96,1014926956.3774109,0.96
2009-05-07,915.0,14.01200008392334,83.94000244140625,907.3900146484375,33.439998626708984,56.709999084472656,3.2950000762939453,1.74,1.55,1.0,1324508052.154541,1.0
2009-05-08,914.4000244140625,13.9350004196167,82.52999877929688,929.22998046875,32.04999923706055,58.630001068115234,3.2929999828338623,1.77,1.52,1.0,984363240.7241821,1.0
2009-05-11,913.0,13.890000343322754,82.68000030517578,909.239990234375,32.869998931884766,58.5,3.180000066757202,1.7,1.47,0.92,1095258433.8134766,0.92
2009-05-12,923.5,14.194999694824219,82.30999755859375,908.3499755859375,31.799999237060547,58.849998474121094,3.174999952316284,1.69,1.48,0.9,1429876381.8893433,0.9
2009-05-13,925.5,14.0,82.5,883.9199829101562,33.650001525878906,58.02000045776367,3.1050000190734863,1.67,1.44,0.89,1589146967.111206,0.89
2009-05-14,928.0,14.020000457763672,82.27999877929688,893.0700073242188,31.3700008392334,58.619998931884766,3.1070001125335693,1.68,1.42,0.87,730370092.2058105,0.87
2009-05-15,930.9000244140625,13.989999771118164,83.0199966430664,882.8800048828125,33.119998931884766,56.34000015258789,3.122999906539917,1.66,1.48,0.88,1071666025.7232666,0.88
2009-05-18,921.2999877929688,13.8100004196167,82.66999816894531,909.7100219726562,30.239999771118164,59.029998779296875,3.2109999656677246,1.66,1.56,0.93,1568098414.59198,0.93
2009-05-19,926.2999877929688,14.109999656677246,81.9800033569336,908.1300048828125,28.799999237060547,59.650001525878906,3.243000030517578,1.65,1.6,0.91,875972079.183197,0.91
2009-05-20,937.0,14.270000457763672,80.98999786376953,903.469970703125,29.030000686645508,62.040000915527344,3.2019999027252197,1.56,1.63,0.87,1685638125.0,0.87
2009-05-21,950.7999877929688,14.4350004196167,80.55999755859375,888.3300170898438,31.350000381469727,61.04999923706055,3.3529999256134033,1.67,1.68,0.89,2048764236.6897583,0.89
2009-05-22,958.5,14.682999610900879,79.95999908447266,887.0,32.630001068115234,61.66999816894531,3.447999954223633,1.72,1.73,0.92,1450587903.5095215,0.92
2009-05-26,953.0999755859375,14.588000297546387,80.12999725341797,910.3300170898438,30.6200008392334,62.45000076293945,3.493000030517578,1.72,1.78,0.96,1158507962.3954773,0.96
2009-05-27,953.2000122070312,14.852999687194824,80.33000183105469,893.0599975585938,32.36000061035156,63.45000076293945,3.694999933242798,1.83,1.88,0.96,1279152903.227234,0.96
2009-05-28,961.5,15.149999618530273,80.43000030517578,906.8300170898438,31.670000076293945,65.08000183105469,3.671999931335449,1.87,1.8,0.97,1411074336.013794,0.97
2009-05-29,978.7999877929688,15.600000381469727,80.43000030517578,919.1400146484375,28.920000076293945,66.30999755859375,3.4649999141693115,1.67,1.8,0.92,1744856304.6478271,0.92
2009-06-01,978.5999755859375,15.725000381469727,79.16999816894531,942.8699951171875,30.040000915527344,68.58000183105469,3.7149999141693115,1.8,1.91,0.97,1715596536.1602783,0.97
2009-06-02,983.2000122070312,15.944999694824219,78.4000015258789,944.739990234375,29.6299991607666,68.55000305175781,3.6440000534057617,1.69,1.96,0.96,1400370980.8700562,0.96
2009-06-03,964.5,15.300000190734863,79.5,931.760009765625,31.020000457763672,66.12000274658203,3.5510001182556152,1.68,1.88,0.91,1718705793.6676025,0.91
2009-06-04,981.2000122070312,15.883000373840332,79.41000366210938,942.4600219726562,30.18000030517578,68.80999755859375,3.7160000801086426,1.83,1.89,0.96,1311566830.7533264,0.96
2009-06-05,961.7000122070312,15.37600040435791,80.66999816894531,940.0900268554688,29.6200008392334,68.44000244140625,3.861999988555908,1.88,1.96,1.32,1743080950.970459,1.32
2009-06-08,951.7000122070312,14.942999839782715,80.91000366210938,939.1400146484375,29.770000457763672,68.08999633789062,3.8889999389648438,1.94,1.97,1.42,1080720887.7990723,1.42
2009-06-09,954.0,15.128000259399414,79.79000091552734,942.4299926757812,28.270000457763672,70.01000213623047,3.8580000400543213,1.88,1.98,1.33,889292608.354187,1.33
2009-06-10,954.0,15.213000297546387,80.33000183105469,939.1500244140625,28.459999084472656,71.33000183105469,3.936000108718872,1.91,2.07,1.38,1355507356.8145752,1.38
2009-06-11,961.2999877929688,15.480999946594238,79.41000366210938,944.8900146484375,28.110000610351562,72.68000030517578,3.861999988555908,1.89,1.99,1.35,1384661074.9023438,1.35
2009-06-12,940.0999755859375,14.864999771118164,80.13999938964844,946.2100219726562,28.149999618530273,72.04000091552734,3.7880001068115234,1.91,1.9,1.3,1272812372.7142334,1.3
2009-06-15,926.9000244140625,14.020000457763672,81.13999938964844,923.719970703125,30.809999465942383,70.62000274658203,3.7130000591278076,1.9,1.86,1.26,1194931349.9855042,1.26
2009-06-16,931.5999755859375,14.119999885559082,80.70999908447266,911.969970703125,32.68000030517578,70.47000122070312,3.6740000247955322,1.88,1.79,1.23,904058009.0011597,1.23
2009-06-17,935.4000244140625,14.269000053405762,80.16999816894531,910.7100219726562,31.540000915527344,71.02999877929688,3.6470000743865967,1.95,1.73,1.19,1120214716.4909363,1.19
2009-06-18,934.0,14.229000091552734,80.61000061035156,918.3699951171875,30.030000686645508,71.37000274658203,3.8340001106262207,1.98,1.88,1.28,1487673121.911621,1.28
2009-06-19,935.5999755859375,14.189000129699707,80.26000213623047,921.22998046875,27.989999771118164,69.55000305175781,3.7890000343322754,1.91,1.88,1.25,1085550388.0241394,1.25
2009-06-22,920.5999755859375,13.694000244140625,80.77999877929688,893.0399780273438,31.170000076293945,66.93000030517578,3.693000078201294,1.89,1.83,1.17,1173063413.861847,1.17
2009-06-23,923.9000244140625,13.833999633789062,79.83999633789062,895.0999755859375,30.579999923706055,69.23999786376953,3.640000104904175,1.84,1.81,1.14,1087266798.1033325,1.14
2009-06-24,934.0999755859375,13.89900016784668,80.55999755859375,900.9400024414062,29.049999237060547,68.66999816894531,3.684999942779541,1.93,1.79,1.19,1107806973.0316162,1.19
2009-06-25,939.0999755859375,13.994000434875488,80.4000015258789,920.260009765625,26.360000610351562,70.2300033569336,3.5460000038146973,1.82,1.73,1.12,1056469460.0585938,1.12
2009-06-26,940.7000122070312,14.116999626159668,79.87999725341797,918.9000244140625,25.93000030517578,69.16000366210938,3.50600004196167,1.85,1.67,1.1,961523374.5384216,1.1
2009-06-29,940.4000244140625,13.946999549865723,79.83999633789062,927.22998046875,25.350000381469727,71.48999786376953,3.492000102996826,1.83,1.68,1.11,600901553.9772034,1.11
2009-06-30,927.0999755859375,13.574000358581543,80.12999725341797,919.3200073242188,26.350000381469727,69.88999938964844,3.5230000019073486,1.78,1.75,1.11,2205598617.3820496,1.11
2009-07-01,941.0,13.739999771118164,79.62999725341797,923.3300170898438,26.219999313354492,69.30999755859375,3.5439999103546143,1.83,1.72,1.05,992564241.4428711,1.05
2009-07-02,930.7000122070312,13.392999649047852,80.1500015258789,896.4199829101562,27.950000762939453,66.7300033569336,3.494999885559082,1.87,1.64,0.98,672074500.0,0.98
2009-07-06,924.0,13.22700023651123,80.44999694824219,898.719970703125,29.0,64.05000305175781,3.50600004196167,2.03,1.49,0.96,570535525.428772,0.96
2009-07-07,928.7999877929688,13.208999633789062,80.62000274658203,881.030029296875,30.850000381469727,62.93000030517578,3.4600000381469727,1.87,1.6,0.98,697578034.9594116,0.98
2009-07-08,909.0,12.840999603271484,80.7699966430664,879.5599975585938,31.299999237060547,60.13999938964844,3.2890000343322754,1.79,1.54,0.91,1960208440.2877808,0.91
2009-07-09,915.9000244140625,12.923999786376953,79.86000061035156,882.6799926757812,29.780000686645508,60.40999984741211,3.4130001068115234,1.87,1.57,0.94,1225221860.2409363,0.94
2009-07-10,912.2000122070312,12.63700008392334,80.2300033569336,879.1300048828125,29.020000457763672,59.88999938964844,3.2950000762939453,1.8,1.52,0.91,451492167.22869873,0.91
2009-07-13,922.2000122070312,12.78499984741211,80.12999725341797,901.0499877929688,26.309999465942383,59.689998626708984,3.3459999561309814,1.84,1.54,0.92,794528826.5075684,0.92
2009-07-14,922.5,12.854999542236328,80.18000030517578,905.8400268554688,25.020000457763672,59.52000045776367,3.447000026702881,1.86,1.64,0.97,519514915.032959,0.97
2009-07-15,939.0999755859375,13.20300006866455,79.31999969482422,932.6799926757812,25.889999389648438,61.540000915527344,3.5959999561309814,1.87,1.76,1.03,909836890.9286499,1.03
2009-07-16,935.0999755859375,13.229999542236328,79.22000122070312,940.739990234375,25.420000076293945,62.02000045776367,3.556999921798706,1.82,1.77,1.0,423531123.4573364,1.0
2009-07-17,937.2000122070312,13.39799976348877,79.3499984741211,940.3800048828125,24.34000015258789,63.560001373291016,3.6510000228881836,1.81,1.86,1.02,804240414.6697998,1.02
2009-07-20,948.5,13.619999885559082,78.91000366210938,951.1300048828125,24.399999618530273,63.97999954223633,3.5850000381469727,1.73,1.88,0.99,1228693471.9207764,0.99
2009-07-21,946.5999755859375,13.472999572753906,78.93000030517578,954.5800170898438,23.8700008392334,64.72000122070312,3.4769999980926514,1.71,1.79,0.96,870188068.3364868,0.96
2009-07-22,953.0,13.694999694824219,78.70999908447266,954.0700073242188,23.469999313354492,65.4000015258789,3.553999900817871,1.75,1.83,0.98,956947097.0031738,0.98
2009-07-23,954.5,13.765000343322754,78.80000305175781,976.2899780273438,23.43000030517578,67.16000366210938,3.7090001106262207,1.8,1.92,1.08,910581334.8579407,1.08
2009-07-24,952.7999877929688,13.869999885559082,78.75,979.260009765625,23.09000015258789,68.05000305175781,3.6700000762939453,1.81,1.89,1.05,442202957.3364258,1.05
2009-07-27,953.2999877929688,13.984999656677246,78.62999725341797,982.1799926757812,24.280000686645508,68.37999725341797,3.7130000591278076,1.85,1.9,1.08,484227678.26919556,1.08
2009-07-28,939.0,13.734999656677246,78.8499984741211,979.6199951171875,25.010000228881836,67.2300033569336,3.687999963760376,1.86,1.86,1.12,1002267338.6413574,1.12
2009-07-29,927.2000122070312,13.253000259399414,79.62999725341797,975.1500244140625,25.610000610351562,63.349998474121094,3.6640000343322754,1.84,1.85,1.17,882460290.4708862,1.17
2009-07-30,934.9000244140625,13.477999687194824,79.29000091552734,986.75,25.399999618530273,66.94000244140625,3.6410000324249268,1.78,1.89,1.19,572322671.157074,1.19
2009-07-31,953.7000122070312,13.932999610900879,78.3499984741211,987.47998046875,25.920000076293945,69.44999694824219,3.500999927520752,1.71,1.81,1.13,1342923743.0488586,1.13
2009-08-03,956.5999755859375,14.244999885559082,77.63999938964844,1002.6300048828125,25.559999465942383,71.58000183105469,3.6389999389648438,1.78,1.88,1.18,939413439.4866943,1.18
2009-08-04,967.5,14.687999725341797,77.7699966430664,1005.6500244140625,24.889999389648438,71.41999816894531,3.678999900817871,1.81,1.89,1.2,1093421451.524353,1.2
2009-08-05,964.2000122070312,14.753000259399414,77.5199966430664,1002.719970703125,24.899999618530273,71.97000122070312,3.7639999389648438,1.85,1.95,1.23,851787849.029541,1.23
2009-08-06,960.7000122070312,14.637999534606934,78.06999969482422,997.0800170898438,25.670000076293945,71.94000244140625,3.746000051498413,1.87,1.92,1.22,1292330579.1549683,1.22
2009-08-07,957.2999877929688,14.66100025177002,78.97000122070312,1010.47998046875,24.760000228881836,70.93000030517578,3.8540000915527344,1.88,2.01,1.32,753937500.0,1.32
2009-08-10,945.0,14.347999572753906,79.26000213623047,1007.0999755859375,24.989999771118164,70.5999984741211,3.7709999084472656,1.83,1.97,1.24,596657066.9593811,1.24
2009-08-11,945.7999877929688,14.338000297546387,79.18000030517578,994.3499755859375,25.989999771118164,69.44999694824219,3.693000078201294,1.8,1.91,1.21,466724425.605011,1.21
2009-08-12,950.7000122070312,14.57800006866455,78.79000091552734,1005.8099975585938,25.450000762939453,70.16000366210938,3.7009999752044678,1.84,1.88,1.18,734899855.871582,1.18
2009-08-13,954.7000122070312,14.979999542236328,78.48999786376953,1012.72998046875,24.709999084472656,70.5199966430664,3.5910000801086426,1.8,1.79,1.12,633172328.2470703,1.12
2009-08-14,947.0,14.71500015258789,78.88999938964844,1004.0900268554688,24.270000457763672,67.51000213623047,3.558000087738037,1.85,1.7,1.07,575614200.0,1.07
2009-08-17,934.2999877929688,13.970999717712402,79.29000091552734,979.72998046875,27.889999389648438,66.75,3.490999937057495,1.79,1.69,1.04,625769592.1691895,1.04
2009-08-18,937.7000122070312,13.956000328063965,78.94000244140625,989.6699829101562,26.18000030517578,69.19000244140625,3.5260000228881836,1.78,1.73,1.06,400884465.36865234,1.06
2009-08-19,943.2999877929688,13.871000289916992,78.47000122070312,996.4600219726562,26.260000228881836,72.41999816894531,3.4630000591278076,1.7,1.75,1.01,658795085.3088379,1.01
2009-08-20,940.2999877929688,13.87600040435791,78.37999725341797,1007.3699951171875,25.09000015258789,72.54000091552734,3.434999942779541,1.6,1.82,1.03,366588696.66290283,1.03
2009-08-21,953.2000122070312,14.15999984741211,78.04000091552734,1026.1300048828125,25.010000228881836,73.88999938964844,3.555999994277954,1.69,1.87,1.13,682268356.1164856,1.13
2009-08-24,942.2999877929688,14.190999984741211,78.2699966430664,1025.5699462890625,25.139999389648438,74.37000274658203,3.49399995803833,1.67,1.81,1.05,789322288.6962891,1.05
2009-08-25,944.5,14.305999755859375,78.23999786376953,1028.0,24.920000076293945,72.05000305175781,3.450000047683716,1.72,1.73,1.05,768099197.6890564,1.05
2009-08-26,944.2999877929688,14.25100040435791,78.66000366210938,1028.1199951171875,24.950000762939453,71.43000030517578,3.437999963760376,1.72,1.72,1.06,484762801.7829895,1.06
2009-08-27,945.5,14.215999603271484,78.01000213623047,1030.97998046875,24.68000030517578,72.48999786376953,3.4619998931884766,1.75,1.72,1.04,640243273.7731934,1.04
2009-08-28,957.0,14.784000396728516,78.37000274658203,1028.9300537109375,24.760000228881836,72.73999786376953,3.4509999752044678,1.76,1.7,1.01,634345317.5605774,1.01
2009-08-31,951.7000122070312,14.89799976348877,78.16999816894531,1020.6199951171875,26.010000228881836,69.95999908447266,3.4010000228881836,1.76,1.64,0.97,462600867.55752563,0.97
2009-09-01,954.7000122070312,15.03499984741211,78.76000213623047,998.0399780273438,29.149999618530273,68.05000305175781,3.375,1.74,1.64,0.92,751425372.2106934,0.92
2009-09-02,976.5999755859375,15.34000015258789,78.37999725341797,994.75,28.899999618530273,68.05000305175781,3.2950000762939453,1.71,1.58,0.89,2661933270.562744,0.89
2009-09-03,995.7999877929688,16.26799964904785,78.45999908447266,1003.239990234375,27.100000381469727,67.95999908447266,3.328000068664551,1.69,1.64,0.91,2577193231.790161,0.91
2009-09-04,994.9000244140625,16.26300048828125,78.13999938964844,1016.4000244140625,25.260000228881836,68.0199966430664,3.441999912261963,1.7,1.75,0.94,1454269811.7980957,0.94
2009-09-08,997.9000244140625,16.488000869750977,77.31999969482422,1025.3900146484375,25.6200008392334,71.0999984741211,3.4690001010894775,1.66,1.81,0.93,2234927291.000366,0.93
2009-09-09,995.2999877929688,16.44300079345703,77.08999633789062,1033.3699951171875,24.31999969482422,71.30999755859375,3.4790000915527344,1.66,1.82,0.93,1984305529.4265747,0.93
2009-09-10,995.4000244140625,16.649999618530273,76.81999969482422,1044.1400146484375,23.549999237060547,71.94000244140625,3.3420000076293945,1.59,1.77,0.9,1196727262.6190186,0.9
2009-09-11,1004.9000244140625,16.676000595092773,76.61000061035156,1042.72998046875,24.149999618530273,69.29000091552734,3.3429999351501465,1.59,1.75,0.9,1926150708.1970215,0.9
2009-09-14,999.9000244140625,16.60099983215332,76.69999694824219,1049.3399658203125,23.860000610351562,68.86000061035156,3.4059998989105225,1.65,1.77,0.94,943501731.1820984,0.94
2009-09-15,1005.0,16.97800064086914,76.54000091552734,1052.6300048828125,23.420000076293945,70.93000030517578,3.4519999027252197,1.64,1.83,0.96,1606828324.7909546,0.96
2009-09-16,1018.9000244140625,17.408000946044922,76.23999786376953,1068.760009765625,23.690000534057617,72.51000213623047,3.4709999561309814,1.62,1.86,1.01,1657327122.7478027,1.01
2009-09-17,1012.2999877929688,17.243000030517578,76.19000244140625,1065.489990234375,23.649999618530273,72.47000122070312,3.3980000019073486,1.62,1.8,0.98,1241114178.2470703,0.98
2009-09-18,1009.2000122070312,17.042999267578125,76.43000030517578,1068.300048828125,23.920000076293945,72.04000091552734,3.4739999771118164,1.68,1.81,1.03,1375242700.479126,1.03
2009-09-21,1003.7000122070312,16.857999801635742,76.77999877929688,1064.6600341796875,24.059999465942383,69.70999908447266,3.486999988555908,1.69,1.8,1.02,1093094358.782959,1.02
2009-09-22,1014.2000122070312,17.093000411987305,76.12000274658203,1071.6600341796875,23.079999923706055,71.55000305175781,3.4560000896453857,1.65,1.81,1.02,1084359745.0790405,1.02
2009-09-23,1013.0,16.88800048828125,76.05000305175781,1060.8699951171875,23.489999771118164,68.97000122070312,3.4179999828338623,1.63,1.81,0.96,1451615066.8945312,0.96
2009-09-24,997.5,16.273000717163086,76.9000015258789,1050.780029296875,24.950000762939453,65.88999938964844,3.38100004196167,1.64,1.76,0.93,2277812081.2591553,0.93
2009-09-25,990.2000122070312,16.038000106811523,76.80999755859375,1044.3800048828125,25.610000610351562,66.0199966430664,3.3289999961853027,1.6,1.74,0.98,1040276500.0,0.98
2009-09-28,992.5,16.17300033569336,77.05000305175781,1062.97998046875,24.8799991607666,66.83999633789062,3.302000045776367,1.57,1.74,0.98,756135983.7768555,0.98
2009-09-29,993.0999755859375,16.1560001373291,77.12000274658203,1060.6099853515625,25.190000534057617,66.70999908447266,3.2920000553131104,1.59,1.72,1.0,902406405.8265686,1.0
2009-09-30,1008.0,16.63599967956543,76.6500015258789,1057.0799560546875,25.610000610351562,70.61000061035156,3.306999921798706,1.56,1.75,0.95,1844956141.520691,0.95
2009-10-01,999.5,16.417999267578125,77.19000244140625,1029.8499755859375,28.270000457763672,70.81999969482422,3.194000005722046,1.5,1.71,0.87,1081625759.2559814,0.87
2009-10-02,1003.2000122070312,16.20800018310547,77.0,1025.2099609375,28.68000030517578,69.94999694824219,3.2209999561309814,1.54,1.7,0.88,1030504474.772644,0.88
2009-10-05,1016.7000122070312,16.51300048828125,76.63999938964844,1040.4599609375,26.84000015258789,70.41000366210938,3.2239999771118164,1.51,1.73,0.88,1168832304.4265747,0.88
2009-10-06,1038.5999755859375,17.273000717163086,76.33999633789062,1054.719970703125,25.700000762939453,70.87999725341797,3.247999906539917,1.53,1.74,0.91,3430215459.060669,0.91
2009-10-07,1043.300048828125,17.47800064086914,76.48999786376953,1057.5799560546875,24.68000030517578,69.56999969482422,3.174999952316284,1.45,1.76,0.87,1657638321.8841553,0.87
2009-10-08,1055.4000244140625,17.799999237060547,75.97000122070312,1065.47998046875,24.18000030517578,71.69000244140625,3.255000114440918,1.49,1.78,0.9,2513290713.1988525,0.9
2009-10-09,1047.800048828125,17.674999237060547,76.43000030517578,1071.489990234375,23.1200008392334,71.7699966430664,3.384000062942505,1.56,1.84,0.98,1560854044.418335,0.98
2009-10-12,1056.699951171875,17.80500030517578,76.12999725341797,1076.18994140625,23.010000228881836,73.2699966430664,3.380000114440918,1.56,1.84,0.98,950577217.590332,0.98
2009-10-13,1064.199951171875,17.825000762939453,75.9800033569336,1073.18994140625,22.989999771118164,74.1500015258789,3.312000036239624,1.46,1.88,0.91,1809828525.0823975,0.91
2009-10-14,1063.9000244140625,17.89299964904785,75.55000305175781,1092.02001953125,22.860000610351562,75.18000030517578,3.4230000972747803,1.51,1.94,0.96,1861811203.453827,0.96
2009-10-15,1049.800048828125,17.399999618530273,75.4800033569336,1096.56005859375,21.719999313354492,77.58000183105469,3.4700000286102295,1.5,1.99,0.97,1623264527.632141,0.97
2009-10-16,1050.699951171875,17.405000686645508,75.5999984741211,1087.6800537109375,21.43000030517578,78.52999877929688,3.4170000553131104,1.45,1.98,0.97,1477599512.3703003,0.97
2009-10-19,1057.300048828125,17.610000610351562,75.51000213623047,1097.9100341796875,21.489999771118164,79.61000061035156,3.3949999809265137,1.38,2.03,0.99,1452611864.7842407,0.99
2009-10-20,1057.800048828125,17.542999267578125,75.56999969482422,1091.06005859375,20.899999618530273,79.08999633789062,3.3369998931884766,1.37,1.98,0.95,1887414966.583252,0.95
2009-10-21,1063.699951171875,17.809999465942383,74.97000122070312,1081.4000244140625,22.219999313354492,81.37000274658203,3.4110000133514404,1.43,1.99,1.0,1660498000.0,1.0
2009-10-22,1057.800048828125,17.530000686645508,75.08999633789062,1092.9100341796875,20.690000534057617,81.19000244140625,3.4210000038146973,1.49,1.95,0.97,1202936330.8044434,0.97
2009-10-23,1055.5999755859375,17.711000442504883,75.47000122070312,1079.5999755859375,22.270000457763672,80.5,3.4749999046325684,1.51,2.0,1.04,1182166245.5978394,1.04
2009-10-26,1042.0999755859375,17.083999633789062,76.05999755859375,1066.949951171875,24.309999465942383,78.68000030517578,3.553999900817871,1.59,2.0,1.06,2191966097.1343994,1.06
2009-10-27,1034.699951171875,16.5310001373291,76.13999938964844,1063.4100341796875,24.829999923706055,79.55000305175781,3.4619998931884766,1.49,2.0,0.99,1873877011.9262695,0.99
2009-10-28,1029.9000244140625,16.231000900268555,76.43000030517578,1042.6300048828125,27.90999984741211,77.45999908447266,3.4110000133514404,1.48,1.96,0.95,1948611841.9395447,0.95
2009-10-29,1046.4000244140625,16.645999908447266,75.91999816894531,1066.1099853515625,24.760000228881836,79.87000274658203,3.500999927520752,1.5,2.03,0.98,1573477831.4086914,0.98
2009-10-30,1039.699951171875,16.246000289916992,76.30000305175781,1036.18994140625,30.690000534057617,77.0,3.3919999599456787,1.41,2.0,0.9,1563018566.3909912,0.9
2009-11-02,1053.4000244140625,16.430999755859375,76.29000091552734,1042.8800048828125,29.780000686645508,78.12999725341797,3.421999931335449,1.41,2.04,0.92,1605081507.8781128,0.92
2009-11-03,1084.300048828125,17.17099952697754,76.38999938964844,1045.4100341796875,28.809999465942383,79.5999984741211,3.4730000495910645,1.45,2.05,0.92,3578163153.22876,0.92
2009-11-04,1086.699951171875,17.395000457763672,75.63999938964844,1046.5,27.719999313354492,80.4000015258789,3.5460000038146973,1.45,2.12,0.91,2912852208.4999084,0.91
2009-11-05,1088.699951171875,17.399999618530273,75.73999786376953,1066.6300048828125,25.43000030517578,79.62000274658203,3.5329999923706055,1.41,2.16,0.9,1090019254.2037964,0.9
2009-11-06,1095.0999755859375,17.364999771118164,75.81999969482422,1069.300048828125,24.190000534057617,77.43000030517578,3.503000020980835,1.37,2.17,0.86,1588782274.5132446,0.86
2009-11-09,1100.800048828125,17.469999313354492,75.02999877929688,1093.0799560546875,23.149999618530273,79.43000030517578,3.4860000610351562,1.3,2.22,0.87,1995542957.03125,0.87
2009-11-10,1101.9000244140625,17.211999893188477,75.0199966430664,1093.010009765625,22.84000015258789,79.05000305175781,3.4820001125335693,1.31,2.19,0.85,1731345977.2506714,0.85
2009-11-11,1114.0,17.527000427246094,75.16000366210938,1098.510009765625,23.040000915527344,79.27999877929688,3.4739999771118164,1.31,2.19,0.85,1936719653.036499,0.85
2009-11-12,1106.0,17.2549991607666,75.5999984741211,1087.239990234375,24.239999771118164,76.94000244140625,3.446000099182129,1.33,2.12,0.82,1932619762.6487732,0.82
2009-11-13,1116.0999755859375,17.3700008392334,75.33000183105469,1093.47998046875,23.360000610351562,76.3499984741211,3.428999900817871,1.31,2.12,0.82,1892576003.1585693,0.82
2009-11-16,1138.5999755859375,18.389999389648438,74.91000366210938,1109.300048828125,22.889999389648438,78.9000015258789,3.3310000896453857,1.21,2.12,0.78,2791006680.329132,0.78
2009-11-17,1138.800048828125,18.37700080871582,75.37000274658203,1110.3199462890625,22.40999984741211,79.13999938964844,3.319000005722046,1.2,2.13,0.78,2220488291.2078857,0.78
2009-11-18,1140.699951171875,18.406999588012695,75.18000030517578,1109.800048828125,21.6299991607666,79.58000183105469,3.365999937057495,1.21,2.15,0.77,2507317025.0,0.77
2009-11-19,1141.4000244140625,18.44700050354004,75.29000091552734,1094.9000244140625,22.6299991607666,77.45999908447266,3.3489999771118164,1.21,2.14,0.73,2386363834.8495483,0.73
2009-11-20,1146.4000244140625,18.433000564575195,75.66000366210938,1091.3800048828125,22.190000534057617,76.72000122070312,3.3559999465942383,1.21,2.15,0.75,1954144392.2424316,0.75
2009-11-23,1164.300048828125,18.60300064086914,75.08999633789062,1106.239990234375,21.15999984741211,77.55999755859375,3.364000082015991,1.2,2.17,0.77,2795270555.391693,0.77
2009-11-24,1165.5,18.447999954223633,75.06999969482422,1105.6500244140625,20.469999313354492,76.0199966430664,3.316999912261963,1.21,2.11,0.73,2594963215.927124,0.73
2009-11-25,1186.9000244140625,18.766000747680664,74.2699966430664,1110.6300048828125,20.479999542236328,77.95999908447266,3.2790000438690186,1.16,2.12,0.73,2865341805.483246,0.73
2009-11-27,1174.199951171875,18.302000045776367,75.0,1091.489990234375,24.739999771118164,76.05000305175781,3.2309999465942383,1.15,2.06,0.68,2443230012.158203,0.68
2009-11-30,1181.0999755859375,18.4950008392334,74.87999725341797,1095.6300048828125,24.510000228881836,77.27999877929688,3.2009999752044678,1.13,2.08,0.67,1898924429.977417,0.67
2009-12-01,1199.0999755859375,19.18000030517578,74.36000061035156,1108.8599853515625,21.920000076293945,78.37000274658203,3.2750000953674316,1.14,2.14,0.67,3253926117.8611755,0.67
2009-12-02,1212.0,19.295000076293945,74.66999816894531,1109.239990234375,21.1200008392334,76.5999984741211,3.322999954223633,1.18,2.14,0.72,3707606383.493805,0.72
2009-12-03,1217.4000244140625,19.101999282836914,74.62999725341797,1099.9200439453125,22.459999084472656,76.45999908447266,3.380000114440918,1.24,2.15,0.74,3426156711.9140625,0.74
2009-12-04,1168.800048828125,18.496000289916992,75.91000366210938,1105.97998046875,21.25,75.47000122070312,3.4830000400543213,1.34,2.14,0.84,9007020750.0,0.84
2009-12-07,1163.4000244140625,18.336000442504883,75.7699966430664,1103.25,22.100000381469727,73.93000030517578,3.447999954223633,1.31,2.13,0.78,4811552382.963562,0.78
2009-12-08,1142.800048828125,17.78499984741211,76.30999755859375,1091.93994140625,23.690000534057617,72.62000274658203,3.3919999599456787,1.31,2.09,0.73,4177822135.0860596,0.73
2009-12-09,1120.4000244140625,17.158000946044922,76.04000091552734,1095.949951171875,22.65999984741211,70.66999816894531,3.4230000972747803,1.36,2.09,0.76,4115034620.0408936,0.76
2009-12-10,1125.699951171875,17.17300033569336,76.04000091552734,1102.3499755859375,22.31999969482422,70.54000091552734,3.4820001125335693,1.4,2.09,0.78,2275334069.734192,0.78
2009-12-11,1119.4000244140625,17.083999633789062,76.56999969482422,1106.4100341796875,21.59000015258789,69.87000274658203,3.5399999618530273,1.41,2.14,0.83,3168432483.15506,0.83
2009-12-14,1123.300048828125,17.326000213623047,76.3499984741211,1114.1099853515625,21.149999618530273,69.51000213623047,3.5460000038146973,1.37,2.19,0.87,1801222349.0959167,0.87
2009-12-15,1122.4000244140625,17.44099998474121,76.95999908447266,1107.9300537109375,21.489999771118164,70.69000244140625,3.6029999256134033,1.37,2.23,0.88,2210757476.6349792,0.88
2009-12-16,1135.5,17.679000854492188,77.0,1109.1800537109375,20.540000915527344,72.66000366210938,3.5959999561309814,1.34,2.27,0.85,2549864893.319702,0.85
2009-12-17,1106.800048828125,17.18000030517578,77.69000244140625,1096.0799560546875,22.510000228881836,72.6500015258789,3.486999988555908,1.28,2.22,0.77,3758703183.7646484,0.77
2009-12-18,1110.800048828125,17.30500030517578,77.81999969482422,1102.469970703125,21.68000030517578,73.36000061035156,3.5460000038146973,1.31,2.24,0.82,2788215636.9003296,0.82
2009-12-21,1095.4000244140625,17.020000457763672,78.04000091552734,1114.050048828125,20.489999771118164,72.47000122070312,3.681999921798706,1.39,2.3,0.89,2493453618.850708,0.89
2009-12-22,1086.0,17.014999389648438,78.25,1118.02001953125,19.540000915527344,74.4000015258789,3.74399995803833,1.43,2.33,0.95,3047386840.4434204,0.95
2009-12-23,1093.300048828125,17.174999237060547,77.9000015258789,1120.5899658203125,19.709999084472656,76.66999816894531,3.747999906539917,1.46,2.31,0.96,1805159496.7025757,0.96
2009-12-24,1104.0999755859375,17.42300033569336,77.83999633789062,1126.47998046875,19.469999313354492,78.05000305175781,3.806999921798706,1.5,2.32,1.0,865969780.8776855,1.0
2009-12-28,1107.199951171875,17.542999267578125,77.62999725341797,1127.780029296875,19.93000030517578,78.7699966430664,3.8420000076293945,1.5,2.35,1.09,1046150654.4113159,1.09
2009-12-29,1097.0,17.090999603271484,77.83000183105469,1126.199951171875,20.010000228881836,78.87000274658203,3.809000015258789,1.46,2.36,1.09,1186866452.481079,1.09
2009-12-30,1091.5,16.77899932861328,77.91000366210938,1126.4200439453125,19.959999084472656,79.27999877929688,3.7839999198913574,1.44,2.36,1.08,1005099230.8685303,1.08
2009-12-31,1095.199951171875,16.82200050354004,77.86000061035156,1115.0999755859375,21.68000030517578,79.36000061035156,3.8429999351501465,1.48,2.37,1.14,979171534.7229004,1.14
2010-01-04,1117.699951171875,17.440000534057617,77.52999877929688,1132.989990234375,20.040000915527344,81.51000213623047,3.8410000801086426,1.47,2.38,1.09,1781406229.512024,1.09
2010-01-05,1118.0999755859375,17.7810001373291,77.62000274658203,1136.52001953125,19.350000381469727,81.7699966430664,3.755000114440918,1.43,2.34,1.01,1559177026.625061,1.01
2010-01-06,1135.9000244140625,18.163000106811523,77.48999786376953,1137.1400146484375,19.15999984741211,83.18000030517578,3.808000087738037,1.48,2.37,1.01,2785731722.367096,1.01
2010-01-07,1133.0999755859375,18.33300018310547,77.91000366210938,1141.68994140625,19.059999465942383,82.66000366210938,3.822000026702881,1.44,2.41,1.03,1508238031.8466187,1.03
2010-01-08,1138.199951171875,18.45800018310547,77.47000122070312,1144.97998046875,18.1299991607666,82.75,3.808000087738037,1.41,2.42,0.96,1770181645.6558228,0.96
2010-01-11,1150.699951171875,18.683000564575195,77.0,1146.97998046875,17.549999237060547,82.5199966430664,3.818000078201294,1.47,2.38,0.95,1947001023.6740112,0.95
2010-01-12,1128.9000244140625,18.243000030517578,76.94999694824219,1136.219970703125,18.25,80.79000091552734,3.7190001010894775,1.35,2.39,0.92,3224385411.6592407,0.92
2010-01-13,1136.4000244140625,18.538000106811523,76.8499984741211,1145.6800537109375,17.850000381469727,79.6500015258789,3.7829999923706055,1.43,2.37,0.97,2232361578.3233643,0.97
2010-01-14,1142.5999755859375,18.64299964904785,76.7300033569336,1148.4599609375,17.6299991607666,79.38999938964844,3.7339999675750732,1.4,2.36,0.94,2050742736.654663,0.94
2010-01-15,1130.0999755859375,18.410999298095703,77.31999969482422,1136.030029296875,17.90999984741211,78.0,3.6760001182556152,1.34,2.36,0.89,1995779332.987976,0.89
2010-01-19,1139.699951171875,18.784000396728516,77.5,1150.22998046875,17.579999923706055,79.0199966430664,3.7070000171661377,1.35,2.38,0.93,1167413628.8589478,0.93
2010-01-20,1112.300048828125,17.865999221801758,78.33999633789062,1138.0400390625,18.68000030517578,77.62000274658203,3.6589999198913574,1.31,2.37,0.92,1910262942.8100586,0.92
2010-01-21,1102.699951171875,17.496000289916992,78.31999969482422,1116.47998046875,22.270000457763672,76.08000183105469,3.6110000610351562,1.29,2.33,0.87,2764605778.720093,0.87
2010-01-22,1089.199951171875,16.917999267578125,78.27999877929688,1091.760009765625,27.309999465942383,74.54000091552734,3.5980000495910645,1.31,2.31,0.84,2594596372.669983,0.84
2010-01-25,1095.199951171875,17.131000518798828,78.19000244140625,1096.780029296875,25.40999984741211,75.26000213623047,3.630000114440918,1.33,2.33,0.86,1418789784.313202,0.86
2010-01-26,1097.9000244140625,16.84600067138672,78.43000030517578,1092.1700439453125,24.549999237060547,74.70999908447266,3.630000114440918,1.31,2.34,0.87,1322676045.9777832,0.87
2010-01-27,1084.4000244140625,16.42799949645996,78.68000030517578,1097.5,23.139999389648438,73.66999816894531,3.6440000534057617,1.35,2.31,0.9,2024613279.800415,0.9
2010-01-28,1083.5999755859375,16.20199966430664,78.9000015258789,1084.530029296875,23.729999542236328,73.63999938964844,3.6579999923706055,1.35,2.33,0.87,1788214528.376007,0.87
2010-01-29,1083.0,16.183000564575195,79.45999908447266,1073.8699951171875,24.6200008392334,72.88999938964844,3.6089999675750732,1.3,2.33,0.82,2148741629.434204,0.82
2010-02-01,1104.300048828125,16.652999877929688,79.23999786376953,1089.18994140625,22.59000015258789,74.43000030517578,3.6540000438690186,1.29,2.39,0.86,1614620842.2615051,0.86
2010-02-02,1117.4000244140625,16.736000061035156,79.01000213623047,1103.3199462890625,21.479999542236328,77.2300033569336,3.634999990463257,1.26,2.41,0.86,1559707746.7453003,0.86
2010-02-03,1111.4000244140625,16.309999465942383,79.37000274658203,1097.280029296875,21.600000381469727,76.9800033569336,3.703000068664551,1.3,2.43,0.88,1455840799.1271973,0.88
2010-02-04,1062.4000244140625,15.343000411987305,79.91999816894531,1063.1099853515625,26.079999923706055,73.13999938964844,3.609999895095825,1.27,2.35,0.8,4173954712.841034,0.8
2010-02-05,1052.199951171875,14.822999954223633,80.44000244140625,1066.18994140625,26.110000610351562,71.19000244140625,3.5460000038146973,1.32,2.27,0.77,3418503365.966034,0.77
2010-02-08,1065.699951171875,15.07800006866455,80.30000305175781,1056.739990234375,26.510000228881836,71.88999938964844,3.5920000076293945,1.35,2.27,0.79,1787053479.725647,0.79
2010-02-09,1076.699951171875,15.430999755859375,79.86000061035156,1070.52001953125,26.0,73.75,3.632999897003174,1.37,2.3,0.84,2736359367.0654297,0.84
2010-02-10,1075.800048828125,15.302000045776367,80.02999877929688,1068.1300048828125,25.399999618530273,74.5199966430664,3.694000005722046,1.44,2.28,0.91,1704541868.536377,0.91
2010-02-11,1094.199951171875,15.592000007629395,79.98999786376953,1078.469970703125,23.959999084472656,75.27999877929688,3.7330000400543213,1.47,2.26,0.91,2072976159.853363,0.91
2010-02-12,1089.5,15.449000358581543,80.31999969482422,1075.510009765625,22.729999542236328,74.12999725341797,3.693000078201294,1.46,2.23,0.84,1548247981.2423706,0.84
2010-02-16,1119.300048828125,16.149999618530273,79.69999694824219,1094.8699951171875,22.25,77.01000213623047,3.6640000343322754,1.42,2.24,0.82,2290586691.391754,0.82
2010-02-17,1119.5,16.097999572753906,80.37999725341797,1099.510009765625,21.719999313354492,77.33000183105469,3.742000102996826,1.46,2.28,0.87,2140578950.0,0.87
2010-02-18,1118.0,16.059999465942383,80.4000015258789,1106.75,20.6299991607666,79.05999755859375,3.802999973297119,1.48,2.31,0.9,2109130516.3772583,0.9
2010-02-19,1121.300048828125,16.413000106811523,80.63999938964844,1109.1700439453125,20.020000457763672,79.80999755859375,3.7820000648498535,1.52,2.26,0.95,2400534815.7684326,0.95
2010-02-22,1112.5999755859375,16.222000122070312,80.51000213623047,1108.010009765625,19.940000534057617,80.16000366210938,3.7990000247955322,1.55,2.25,0.91,1171717192.7215576,0.91
2010-02-23,1102.699951171875,15.887999534606934,80.8499984741211,1094.5999755859375,21.3700008392334,78.86000061035156,3.690999984741211,1.5,2.19,0.87,1470497535.6811523,0.87
2010-02-24,1096.5,15.9399995803833,80.8499984741211,1105.239990234375,20.270000457763672,80.0,3.694999933242798,1.51,2.19,0.87,1847386474.5025635,0.87
2010-02-25,1107.800048828125,16.110000610351562,80.79000091552734,1102.93994140625,20.100000381469727,78.16999816894531,3.6419999599456787,1.51,2.13,0.82,2534497266.870117,0.82
2010-02-26,1118.300048828125,16.5,80.36000061035156,1104.489990234375,19.5,79.66000366210938,3.5950000286102295,1.48,2.13,0.81,1426299680.9776306,0.81
2010-03-01,1117.800048828125,16.448999404907227,80.66000366210938,1115.7099609375,19.260000228881836,78.69999694824219,3.6059999465942383,1.46,2.15,0.8,1404085390.91568,0.8
2010-03-02,1136.9000244140625,17.04400062561035,80.5199966430664,1118.31005859375,19.059999465942383,79.68000030517578,3.614000082015991,1.46,2.16,0.8,2231746176.5182495,0.8
2010-03-03,1142.699951171875,17.30900001525879,79.9800033569336,1118.7900390625,18.829999923706055,80.87000274658203,3.625,1.46,2.17,0.82,1810872978.4446716,0.82
2010-03-04,1132.5999755859375,17.1560001373291,80.55999755859375,1122.969970703125,18.719999313354492,80.20999908447266,3.6059999465942383,1.44,2.17,0.86,1434672207.7026367,0.86
2010-03-05,1134.800048828125,17.36199951171875,80.43000030517578,1138.699951171875,17.420000076293945,81.5,3.681999921798706,1.48,2.21,0.91,1229038006.9213867,0.91
2010-03-08,1123.5999755859375,17.25200080871582,80.43000030517578,1138.5,17.790000915527344,81.87000274658203,3.7079999446868896,1.49,2.23,0.9,1401387508.970642,0.9
2010-03-09,1122.0,17.31800079345703,80.58999633789062,1140.449951171875,17.920000076293945,81.48999786376953,3.7009999752044678,1.48,2.23,0.89,1388045791.442871,0.89
2010-03-10,1107.800048828125,16.993999481201172,80.44999694824219,1145.6099853515625,18.56999969482422,82.08999633789062,3.7200000286102295,1.49,2.24,0.92,2384398413.833618,0.92
2010-03-11,1108.0,17.13599967956543,80.31999969482422,1150.239990234375,18.059999465942383,82.11000061035156,3.7200000286102295,1.49,2.24,0.97,1033144365.4838562,0.97
2010-03-12,1101.5,17.02400016784668,79.83000183105469,1149.989990234375,17.579999923706055,81.23999786376953,3.7100000381469727,1.45,2.26,0.97,1279099513.8397217,0.97
2010-03-15,1105.0999755859375,17.08300018310547,80.25,1150.510009765625,18.0,79.80000305175781,3.7039999961853027,1.46,2.25,0.96,834220300.6988525,0.96
2010-03-16,1122.199951171875,17.33300018310547,79.75,1159.4599609375,17.690000534057617,81.69999694824219,3.6530001163482666,1.42,2.24,0.93,1959522747.0832825,0.93
2010-03-17,1124.0,17.50200080871582,79.63999938964844,1166.2099609375,16.90999984741211,82.93000030517578,3.6419999599456787,1.4,2.25,0.95,1510621386.5203857,0.95
2010-03-18,1127.4000244140625,17.406999588012695,80.22000122070312,1165.8299560546875,16.6200008392334,82.19999694824219,3.671999931335449,1.45,2.23,0.98,1528032405.2856445,0.98
2010-03-19,1107.4000244140625,17.017000198364258,80.72000122070312,1159.9000244140625,16.969999313354492,80.68000030517578,3.687000036239624,1.5,2.2,1.02,2634354918.3013916,1.02
2010-03-22,1099.300048828125,16.920000076293945,80.6500015258789,1165.81005859375,16.8700008392334,81.25,3.6630001068115234,1.48,2.19,1.01,1247680350.0,1.01
2010-03-23,1103.5,17.011999130249023,80.9000015258789,1174.1700439453125,16.350000381469727,81.91000366210938,3.680000066757202,1.49,2.2,1.02,1221243004.5593262,1.02
2010-03-24,1088.5999755859375,16.625999450683594,81.83999633789062,1167.719970703125,17.549999237060547,80.61000061035156,3.8289999961853027,1.6,2.24,1.08,1513361253.4469604,1.08
2010-03-25,1092.699951171875,16.726999282836914,82.12000274658203,1165.72998046875,18.399999618530273,80.52999877929688,3.9010000228881836,1.65,2.26,1.1,1801026205.4107666,1.1
2010-03-26,1104.199951171875,16.893999099731445,81.68000030517578,1166.5899658203125,17.770000457763672,80.0,3.8550000190734863,1.62,2.24,1.04,1893114560.15625,1.04
2010-03-29,1110.300048828125,17.37299919128418,81.36000061035156,1173.219970703125,17.59000015258789,82.16999816894531,3.864000082015991,1.66,2.22,1.04,1253561250.0,1.04
2010-03-30,1104.5,17.31599998474121,81.47000122070312,1173.27001953125,17.1299991607666,82.37000274658203,3.868000030517578,1.66,2.22,1.06,1060017080.9844971,1.06
2010-03-31,1113.300048828125,17.511999130249023,81.06999969482422,1169.4300537109375,17.59000015258789,83.76000213623047,3.8329999446868896,1.6,2.24,1.02,1526040817.2546387,1.02
2010-04-01,1125.0999755859375,17.875999450683594,80.77999877929688,1178.0999755859375,17.469999313354492,84.87000274658203,3.8589999675750732,1.61,2.28,1.05,1253711354.2900085,1.05
2010-04-05,1132.9000244140625,18.104000091552734,81.08999633789062,1187.43994140625,17.020000457763672,86.62000274658203,3.99399995803833,1.7,2.31,1.18,910174025.9902954,1.18
2010-04-06,1135.0999755859375,17.91699981689453,81.38999938964844,1189.43994140625,16.229999542236328,86.83999633789062,3.9679999351501465,1.68,2.3,1.14,1146084956.3995361,1.14
2010-04-07,1152.300048828125,18.184999465942383,81.44000244140625,1182.449951171875,16.6200008392334,85.87999725341797,3.86299991607666,1.55,2.34,1.06,2153002314.113617,1.06
2010-04-08,1152.199951171875,18.115999221801758,81.52999877929688,1186.43994140625,16.479999542236328,85.38999938964844,3.8959999084472656,1.58,2.33,1.09,1401974328.9901733,1.09
2010-04-09,1161.0999755859375,18.34000015258789,81.08999633789062,1194.3699951171875,16.139999389648438,84.91999816894531,3.888000011444092,1.56,2.34,1.08,1866855181.9732666,1.08
2010-04-12,1161.5999755859375,18.402999877929688,80.55999755859375,1196.47998046875,15.579999923706055,84.33999633789062,3.8459999561309814,1.52,2.35,1.07,1256546912.752533,1.07
2010-04-13,1152.800048828125,18.238000869750977,80.51000213623047,1197.300048828125,16.200000762939453,84.05000305175781,3.811000108718872,1.5,2.34,1.07,1269013386.49292,1.07
2010-04-14,1159.0,18.40399932861328,80.19000244140625,1210.6500244140625,15.59000015258789,85.83999633789062,3.8550000190734863,1.54,2.34,1.07,1194964450.0946045,1.07
2010-04-15,1159.699951171875,18.423999786376953,80.4800033569336,1211.6700439453125,15.890000343322754,85.51000213623047,3.8480000495910645,1.49,2.37,1.04,1244706181.7115784,1.04
2010-04-16,1136.300048828125,17.66900062561035,80.81999969482422,1192.1300048828125,18.360000610351562,83.23999786376953,3.7699999809265137,1.46,2.33,0.98,2733455971.507263,0.98
2010-04-19,1135.199951171875,17.725000381469727,81.0,1197.52001953125,17.34000015258789,81.44999694824219,3.806999921798706,1.49,2.34,1.01,888499767.1974182,1.01
2010-04-20,1138.5999755859375,17.815000534057617,81.05000305175781,1207.1700439453125,15.729999542236328,83.44999694824219,3.805000066757202,1.47,2.35,1.05,782426901.5731812,1.05
2010-04-21,1148.199951171875,18.072999954223633,81.16000366210938,1205.93994140625,16.31999969482422,83.68000030517578,3.73799991607666,1.42,2.35,1.03,768526082.2937012,1.03
2010-04-22,1142.300048828125,18.006000518798828,81.56999969482422,1208.6700439453125,16.469999313354492,83.69999694824219,3.7720000743865967,1.46,2.34,1.07,1073540940.8477783,1.07
2010-04-23,1153.0999755859375,18.18899917602539,81.3499984741211,1217.280029296875,16.6200008392334,85.12000274658203,3.816999912261963,1.47,2.37,1.1,1415531532.5317383,1.1
2010-04-26,1153.5,18.333999633789062,81.4800033569336,1212.050048828125,17.469999313354492,84.19999694824219,3.815000057220459,1.46,2.37,1.09,939816350.0,1.09
2010-04-27,1161.699951171875,18.115999221801758,82.1500015258789,1183.7099609375,22.809999465942383,82.44000244140625,3.690000057220459,1.37,2.34,1.03,2872295304.1786194,1.03
2010-04-28,1171.300048828125,18.10700035095215,82.37999725341797,1191.3599853515625,21.079999923706055,83.22000122070312,3.7730000019073486,1.4,2.4,1.03,3074013023.3459473,1.03
2010-04-29,1168.4000244140625,18.548999786376953,82.0,1206.780029296875,18.440000534057617,85.16999816894531,3.7279999256134033,1.31,2.45,1.01,1185574991.3360596,1.01
2010-04-30,1180.0999755859375,18.611000061035156,81.87000274658203,1186.68994140625,22.049999237060547,86.1500015258789,3.6630001068115234,1.29,2.4,0.97,1546181624.180603,0.97
2010-05-03,1182.699951171875,18.812999725341797,82.2699966430664,1202.260009765625,20.190000534057617,86.19000244140625,3.7049999237060547,1.32,2.4,1.0,1570548729.5562744,1.0
2010-05-04,1168.5999755859375,17.81800079345703,83.30000305175781,1173.5999755859375,23.84000015258789,82.73999786376953,3.61299991607666,1.31,2.32,0.96,2471094986.0847473,0.96
2010-05-05,1174.5999755859375,17.51099967956543,84.08000183105469,1165.8699951171875,24.90999984741211,79.97000122070312,3.549999952316284,1.3,2.28,0.88,2487865923.8372803,0.88
2010-05-06,1196.9000244140625,17.493000030517578,84.88999938964844,1128.1500244140625,32.79999923706055,77.11000061035156,3.3980000019073486,1.25,2.16,0.75,5989230979.021454,0.75
2010-05-07,1210.0,18.429000854492188,84.44999694824219,1110.8800048828125,40.95000076293945,75.11000061035156,3.428999900817871,1.3,2.15,0.83,4053432113.948822,0.83
2010-05-10,1200.4000244140625,18.530000686645508,84.16000366210938,1159.72998046875,28.84000015258789,76.80000305175781,3.5390000343322754,1.33,2.24,0.87,3342961857.322693,0.87
2010-05-11,1219.9000244140625,19.27199935913086,84.47000122070312,1155.7900390625,28.31999969482422,76.37000274658203,3.5350000858306885,1.31,2.25,0.85,4432059122.515869,0.85
2010-05-12,1242.699951171875,19.639999389648438,84.83000183105469,1171.6700439453125,25.520000457763672,75.6500015258789,3.566999912261963,1.28,2.28,0.89,3970217089.9017334,0.89
2010-05-13,1228.800048828125,19.47599983215332,85.20999908447266,1157.43994140625,26.68000030517578,74.4000015258789,3.563999891281128,1.28,2.27,0.87,2693358569.458008,0.87
2010-05-14,1227.4000244140625,19.20199966430664,86.0999984741211,1135.6800537109375,31.239999771118164,71.61000061035156,3.441999912261963,1.26,2.18,0.79,4170002079.1503906,0.79
2010-05-17,1227.699951171875,18.834999084472656,86.20999908447266,1136.93994140625,30.84000015258789,70.08000183105469,3.4719998836517334,1.31,2.16,0.81,3329905297.027588,0.81
2010-05-18,1214.300048828125,18.854999542236328,87.16000366210938,1120.800048828125,33.54999923706055,69.41000366210938,3.375999927520752,1.25,2.13,0.76,3177872340.18631,0.76
2010-05-19,1192.5999755859375,18.090999603271484,86.38999938964844,1115.050048828125,35.31999969482422,69.87000274658203,3.3589999675750732,1.32,2.04,0.8,4013518117.4835205,0.8
2010-05-20,1187.800048828125,17.694000244140625,85.56999969482422,1071.5899658203125,45.790000915527344,68.01000213623047,3.2639999389648438,1.36,1.89,0.76,3348725782.13501,0.76
2010-05-21,1175.699951171875,17.631000518798828,85.37000274658203,1087.68994140625,40.099998474121094,70.04000091552734,3.200000047683716,1.33,1.87,0.76,2315726150.5340576,0.76
2010-05-24,1193.800048828125,17.98200035095215,86.20999908447266,1073.6500244140625,38.31999969482422,70.20999908447266,3.2269999980926514,1.35,1.88,0.77,1670870367.630005,0.77
2010-05-25,1197.800048828125,17.76300048828125,86.77999877929688,1074.030029296875,34.61000061035156,68.75,3.1579999923706055,1.33,1.85,0.81,2491869684.9594116,0.81
2010-05-26,1213.300048828125,18.29199981689453,87.12000274658203,1067.949951171875,35.02000045776367,71.51000213623047,3.2179999351501465,1.3,1.91,0.82,1558295161.0565186,0.82
2010-05-27,1211.9000244140625,18.457000732421875,86.18000030517578,1103.06005859375,29.68000030517578,74.55000305175781,3.3380000591278076,1.33,2.01,0.87,1236571790.435791,0.87
2010-05-28,1212.199951171875,18.410999298095703,86.4800033569336,1089.4100341796875,32.06999969482422,73.97000122070312,3.3010001182556152,1.32,1.99,0.76,1376559040.196228,0.76
2010-06-01,1224.800048828125,18.540000915527344,86.63999938964844,1070.7099609375,35.540000915527344,72.58000183105469,3.2960000038146973,1.32,1.97,0.78,1463837342.7062988,0.78
2010-06-02,1220.5999755859375,18.304000854492188,86.79000091552734,1098.3800048828125,30.170000076293945,72.86000061035156,3.3340001106262207,1.36,1.99,0.82,1238441341.3787842,0.82
2010-06-03,1208.300048828125,17.920000076293945,87.13999938964844,1102.8299560546875,29.459999084472656,74.61000061035156,3.378999948501587,1.34,2.05,0.82,1634359379.3151855,0.82
2010-06-04,1216.199951171875,17.290000915527344,88.2300033569336,1064.8800048828125,35.47999954223633,71.51000213623047,3.194999933242798,1.26,1.94,0.72,1970508715.3625488,0.72
2010-06-07,1239.300048828125,18.152999877929688,88.4000015258789,1050.469970703125,36.56999969482422,71.44000244140625,3.184000015258789,1.25,1.92,0.74,2458787470.765686,0.74
2010-06-08,1244.0,18.468000411987305,88.38999938964844,1062.0,33.70000076293945,71.98999786376953,3.1679999828338623,1.29,1.89,0.74,2831980800.0,0.74
2010-06-09,1228.5,18.18000030517578,87.9000015258789,1055.68994140625,33.72999954223633,74.37999725341797,3.187000036239624,1.28,1.92,0.74,1553367344.543457,0.74
2010-06-10,1220.800048828125,18.341999053955078,87.16999816894531,1086.8399658203125,30.56999969482422,75.4800033569336,3.319000005722046,1.35,1.98,0.79,1628449479.7088623,0.79
2010-06-11,1228.9000244140625,18.222000122070312,87.51000213623047,1091.5999755859375,28.790000915527344,73.77999877929688,3.2160000801086426,1.29,1.95,0.75,939606310.7254028,0.75
2010-06-14,1223.300048828125,18.402000427246094,86.51000213623047,1089.6300048828125,28.579999923706055,75.12000274658203,3.2750000953674316,1.31,1.97,0.77,1315934863.2110596,0.77
2010-06-15,1233.199951171875,18.569000244140625,85.9800033569336,1115.22998046875,25.8700008392334,76.94000244140625,3.309999942779541,1.32,2.0,0.79,1823682237.8005981,0.79
2010-06-16,1229.300048828125,18.43199920654297,86.08000183105469,1114.6099853515625,25.920000076293945,77.66999816894531,3.2820000648498535,1.28,1.99,0.75,1263525184.2269897,0.75
2010-06-17,1247.5,18.767000198364258,85.69000244140625,1116.0400390625,25.049999237060547,76.79000091552734,3.190000057220459,1.22,1.99,0.72,2412669210.2005005,0.72
2010-06-18,1257.199951171875,19.174999237060547,85.69999694824219,1117.510009765625,23.950000762939453,77.18000030517578,3.2230000495910645,1.25,1.99,0.74,2386574652.5772095,0.74
2010-06-21,1239.699951171875,18.802000045776367,85.93000030517578,1113.199951171875,24.8799991607666,77.81999969482422,3.243000030517578,1.24,2.02,0.74,2412820250.767517,0.74
2010-06-22,1239.9000244140625,18.895999908447266,86.11000061035156,1095.31005859375,27.049999237060547,77.20999908447266,3.1659998893737793,1.2,1.98,0.71,1571672265.5075073,0.71
2010-06-23,1234.0999755859375,18.45400047302246,85.73999786376953,1092.0400390625,26.90999984741211,76.3499984741211,3.115000009536743,1.19,1.94,0.66,1707862336.907959,0.66
2010-06-24,1245.5,18.731000900268555,85.7300033569336,1073.68994140625,29.739999771118164,76.51000213623047,3.122999906539917,1.23,1.91,0.67,1593603050.0930786,0.67
2010-06-25,1255.800048828125,19.104999542236328,85.30999755859375,1076.760009765625,28.530000686645508,78.86000061035156,3.11299991607666,1.21,1.91,0.65,1225967313.3338928,0.65
2010-06-28,1238.199951171875,18.67300033569336,85.6500015258789,1074.5699462890625,29.0,78.25,3.0320000648498535,1.17,1.88,0.62,2379503191.0369873,0.62
2010-06-29,1242.0,18.5939998626709,86.02999877929688,1041.239990234375,34.130001068115234,75.94000244140625,2.9670000076293945,1.14,1.83,0.61,2102179010.8085632,0.61
2010-06-30,1245.5,18.67099952697754,86.0199966430664,1030.7099609375,34.540000915527344,75.62999725341797,2.9509999752044678,1.15,1.82,0.61,1462143387.6670837,0.61
2010-07-01,1206.300048828125,17.760000228881836,84.72000122070312,1027.3699951171875,32.86000061035156,72.94999694824219,2.927000045776367,1.21,1.75,0.63,3891451286.440277,0.63
2010-07-02,1207.4000244140625,17.697999954223633,84.43000030517578,1022.5800170898438,30.1200008392334,72.13999938964844,2.9790000915527344,1.27,1.73,0.63,1745689440.5273438,0.63
2010-07-06,1194.800048828125,17.83300018310547,84.08000183105469,1028.06005859375,29.649999618530273,71.9800033569336,2.931999921798706,1.26,1.69,0.62,1962832354.988861,0.62
2010-07-07,1198.5999755859375,17.979000091552734,83.81999969482422,1060.27001953125,26.84000015258789,74.06999969482422,2.9800000190734863,1.3,1.7,0.63,1286800709.6916199,0.63
2010-07-08,1195.800048828125,17.851999282836914,83.81999969482422,1070.25,25.709999084472656,75.44000244140625,3.0199999809265137,1.25,1.79,0.63,1326242860.6407166,0.63
2010-07-09,1209.5999755859375,18.05299949645996,83.94999694824219,1077.9599609375,24.979999542236328,76.08999633789062,3.055999994277954,1.26,1.81,0.63,1135877253.8574219,0.63
2010-07-12,1198.5,17.89699935913086,84.19999694824219,1078.75,24.43000030517578,74.94999694824219,3.0460000038146973,1.26,1.82,0.65,880836150.5096436,0.65
2010-07-13,1213.300048828125,18.23699951171875,83.63999938964844,1095.3399658203125,24.559999465942383,77.1500015258789,3.114000082015991,1.28,1.87,0.67,997029137.1414185,0.67
2010-07-14,1206.800048828125,18.27400016784668,83.43000030517578,1095.1700439453125,24.889999389648438,77.04000091552734,3.049999952316284,1.23,1.84,0.62,1132698869.2199707,0.62
2010-07-15,1208.0999755859375,18.34600067138672,82.55999755859375,1096.47998046875,25.139999389648438,76.62000274658203,2.9779999256134033,1.21,1.79,0.61,1015229215.8256531,0.61
2010-07-16,1188.0,17.773000717163086,82.48999786376953,1064.8800048828125,26.25,76.01000213623047,2.938999891281128,1.25,1.71,0.61,2041071615.9667969,0.61
2010-07-19,1181.699951171875,17.534000396728516,82.51000213623047,1071.25,25.969999313354492,76.54000091552734,2.9639999866485596,1.29,1.7,0.61,1819726999.7840881,0.61
2010-07-20,1191.5,17.684999465942383,82.75,1083.47998046875,23.93000030517578,77.44000244140625,2.931999921798706,1.28,1.7,0.61,1080540629.134369,0.61
2010-07-21,1191.5999755859375,17.79800033569336,83.38999938964844,1069.5899658203125,25.639999389648438,76.55999755859375,2.8919999599456787,1.19,1.71,0.58,1088549755.6625366,0.58
2010-07-22,1195.5,18.114999771118164,82.5999984741211,1093.6700439453125,24.6299991607666,79.30000305175781,2.931999921798706,1.21,1.75,0.6,953694464.9810791,0.6
2010-07-23,1187.699951171875,18.09600067138672,82.45999908447266,1102.6600341796875,23.469999313354492,78.9800033569336,2.99399995803833,1.24,1.78,0.6,967842299.4689941,0.6
2010-07-26,1183.0,18.19499969482422,82.08999633789062,1115.010009765625,22.729999542236328,78.9800033569336,2.99399995803833,1.24,1.79,0.62,1296018842.338562,0.62
2010-07-27,1158.0,17.621000289916992,82.18000030517578,1113.8399658203125,23.190000534057617,77.5,3.046999931335449,1.26,1.82,0.65,3351360111.0717773,0.65
2010-07-28,1160.4000244140625,17.42300033569336,82.18000030517578,1106.1300048828125,24.25,76.98999786376953,3.000999927520752,1.22,1.81,0.61,1828615250.3814697,0.61
2010-07-29,1168.4000244140625,17.60099983215332,81.63999938964844,1101.530029296875,24.1299991607666,78.36000061035156,2.999000072479248,1.21,1.82,0.59,1083046335.6758118,0.59
2010-07-30,1181.699951171875,17.98699951171875,81.54000091552734,1101.5999755859375,23.5,78.94999694824219,2.9070000648498535,1.14,1.8,0.55,1165663646.4385986,0.55
2010-08-02,1183.4000244140625,18.402999877929688,80.94000244140625,1125.8599853515625,22.010000228881836,81.33999633789062,2.9630000591278076,1.13,1.86,0.56,979016643.7576294,0.56
2010-08-03,1185.199951171875,18.406999588012695,80.5999984741211,1120.4599609375,22.6299991607666,82.55000305175781,2.9140000343322754,1.07,1.87,0.53,647154594.0811157,0.53
2010-08-04,1193.699951171875,18.26300048828125,80.88999938964844,1127.239990234375,22.209999084472656,82.47000122070312,2.9519999027252197,1.12,1.86,0.56,1204923916.6015625,0.56
2010-08-05,1197.199951171875,18.308000564575195,80.81999969482422,1125.81005859375,22.100000381469727,82.01000213623047,2.9149999618530273,1.07,1.87,0.53,821550563.5757446,0.53
2010-08-06,1203.4000244140625,18.458999633789062,80.41000366210938,1121.6400146484375,21.739999771118164,80.69999694824219,2.8239998817443848,1.04,1.82,0.5,1178600291.3726807,0.5
2010-08-09,1200.699951171875,18.229000091552734,80.70999908447266,1127.7900390625,22.139999389648438,81.4800033569336,2.822000026702881,1.04,1.82,0.54,792614370.3018188,0.54
2010-08-10,1196.199951171875,18.145999908447266,80.80000305175781,1121.06005859375,22.3700008392334,80.25,2.7809998989105225,0.95,1.84,0.52,1229678112.0628357,0.52
2010-08-11,1197.5,17.889999389648438,82.29000091552734,1089.469970703125,25.389999389648438,78.0199966430664,2.684999942779541,0.95,1.77,0.54,1459345800.454712,0.54
2010-08-12,1214.800048828125,18.05299949645996,82.63999938964844,1083.6099853515625,25.729999542236328,75.73999786376953,2.734999895095825,1.05,1.69,0.55,1464077748.6190796,0.55
2010-08-13,1214.9000244140625,18.097000122070312,82.94999694824219,1079.25,26.239999771118164,75.38999938964844,2.687999963760376,1.0,1.68,0.54,1212715346.182251,0.54
2010-08-16,1224.5,18.417999267578125,82.52999877929688,1079.3800048828125,26.100000381469727,75.23999786376953,2.575000047683716,0.95,1.63,0.51,1071379989.0388489,0.51
2010-08-17,1226.5999755859375,18.586000442504883,82.2300033569336,1092.5400390625,24.329999923706055,75.7699966430664,2.6449999809265137,1.01,1.63,0.52,1095161650.0,0.52
2010-08-18,1229.699951171875,18.389999389648438,82.22000122070312,1094.1600341796875,24.59000015258789,75.41999816894531,2.6410000324249268,1.02,1.62,0.51,1454962564.7735596,0.51
2010-08-19,1233.800048828125,18.31800079345703,82.44999694824219,1075.6300048828125,26.440000534057617,74.43000030517578,2.5789999961853027,1.02,1.56,0.49,1205645648.8876343,0.49
2010-08-20,1227.199951171875,17.98200035095215,83.05999755859375,1071.68994140625,25.489999771118164,73.45999908447266,2.611999988555908,1.05,1.57,0.49,1281531550.0396729,0.49
2010-08-23,1226.9000244140625,17.982999801635742,83.12000274658203,1067.3599853515625,25.65999984741211,73.0999984741211,2.6070001125335693,1.05,1.55,0.49,581867278.0700684,0.49
2010-08-24,1231.800048828125,18.368999481201172,83.1500015258789,1051.8699951171875,27.459999084472656,71.62999725341797,2.499000072479248,1.01,1.49,0.5,1782700113.0401611,0.5
2010-08-25,1239.5,19.02199935913086,83.26000213623047,1055.3299560546875,26.700000762939453,72.5199966430664,2.5380001068115234,1.01,1.53,0.53,1697474464.5370483,0.53
2010-08-26,1235.4000244140625,18.97800064086914,82.93000030517578,1047.219970703125,27.3700008392334,73.36000061035156,2.499000072479248,0.95,1.55,0.51,1074923127.8640747,0.51
2010-08-27,1236.0,19.038999557495117,82.91999816894531,1064.5899658203125,24.450000762939453,75.16999816894531,2.6519999504089355,1.05,1.61,0.56,1349914977.8305054,0.56
2010-08-30,1237.0999755859375,19.038000106811523,83.16000366210938,1048.9200439453125,27.209999084472656,74.69999694824219,2.5450000762939453,0.99,1.55,0.5,530903735.07995605,0.5
2010-08-31,1248.300048828125,19.398000717163086,83.19999694824219,1049.3299560546875,26.049999237060547,71.91999816894531,2.4769999980926514,0.95,1.52,0.47,1495443398.4298706,0.47
2010-09-01,1246.300048828125,19.358999252319336,82.5199966430664,1080.2900390625,23.889999389648438,73.91000366210938,2.5820000171661377,1.02,1.56,0.5,1444886243.988037,0.5
2010-09-02,1251.5,19.63800048828125,82.45999908447266,1090.0999755859375,23.190000534057617,75.0199966430664,2.628000020980835,1.05,1.58,0.5,856286815.410614,0.5
2010-09-03,1249.199951171875,19.915000915527344,83.0999984741211,1104.510009765625,21.309999465942383,74.5999984741211,2.7060000896453857,1.1,1.62,0.52,1105818575.5386353,0.52
2010-09-07,1257.300048828125,19.882999420166016,82.81999969482422,1091.8399658203125,23.799999237060547,74.08999633789062,2.6089999675750732,0.98,1.63,0.49,1076999223.2131958,0.49
2010-09-08,1255.5999755859375,19.97800064086914,82.58999633789062,1098.8699951171875,23.25,74.66999816894531,2.6540000438690186,1.02,1.64,0.52,1201195910.0379944,0.52
2010-09-09,1248.9000244140625,19.81399917602539,82.66999816894531,1104.1800537109375,22.809999465942383,74.25,2.760999917984009,1.05,1.72,0.57,1670842166.442871,0.57
2010-09-10,1244.5,19.802000045776367,82.69999694824219,1109.550048828125,21.989999771118164,76.44999694824219,2.7950000762939453,1.02,1.79,0.58,1522842341.9952393,0.58
2010-09-13,1245.0999755859375,20.110000610351562,81.91000366210938,1121.9000244140625,21.209999084472656,77.19000244140625,2.740999937057495,0.94,1.8,0.53,1178899172.6234436,0.53
2010-09-14,1269.699951171875,20.400999069213867,81.08000183105469,1121.0999755859375,21.559999465942383,76.80000305175781,2.6659998893737793,0.93,1.75,0.5,3297555288.7428284,0.5
2010-09-15,1266.699951171875,20.54199981689453,81.48999786376953,1125.0699462890625,22.100000381469727,76.0199966430664,2.7230000495910645,0.97,1.77,0.5,1448747082.5378418,0.5
2010-09-16,1271.9000244140625,20.7450008392334,81.23999786376953,1124.6600341796875,21.719999313354492,74.56999969482422,2.759000062942505,1.0,1.77,0.48,1579411029.1931152,0.48
2010-09-17,1275.5999755859375,20.790000915527344,81.4000015258789,1125.5899658203125,22.010000228881836,73.66000366210938,2.746000051498413,1.0,1.75,0.48,1721043180.6518555,0.48
2010-09-20,1279.0,20.777000427246094,81.33999633789062,1142.7099609375,21.5,74.86000061035156,2.7060000896453857,0.94,1.78,0.47,1058373169.27948,0.47
2010-09-21,1272.4000244140625,20.6200008392334,80.44000244140625,1139.780029296875,22.350000381469727,73.5199966430664,2.5940001010894775,0.78,1.83,0.43,2571662527.597046,0.43
2010-09-22,1290.199951171875,21.035999298095703,79.83000183105469,1134.280029296875,22.510000228881836,74.70999908447266,2.5480000972747803,0.74,1.82,0.44,1394118746.2875366,0.44
2010-09-23,1294.300048828125,21.194000244140625,80.01000213623047,1124.8299560546875,23.8700008392334,75.18000030517578,2.555000066757202,0.77,1.79,0.45,1177772788.458252,0.45
2010-09-24,1296.0,21.382999420166016,79.38999938964844,1148.6700439453125,21.709999084472656,76.48999786376953,2.611999988555908,0.81,1.81,0.45,1893382086.4868164,0.45
2010-09-27,1296.699951171875,21.454999923706055,79.33999633789062,1142.1600341796875,22.540000915527344,76.5199966430664,2.5169999599456787,0.79,1.75,0.44,846451592.1539307,0.44
2010-09-28,1306.5999755859375,21.687999725341797,79.01000213623047,1147.699951171875,22.600000381469727,76.18000030517578,2.4560000896453857,0.69,1.79,0.37,2538742989.7003174,0.37
2010-09-29,1308.5,21.929000854492188,78.69000244140625,1144.72998046875,23.25,77.86000061035156,2.50600004196167,0.74,1.78,0.44,1577482717.375183,0.44
2010-09-30,1307.800048828125,21.79800033569336,78.72000122070312,1141.199951171875,23.700000762939453,79.97000122070312,2.5169999599456787,0.75,1.78,0.42,2457586064.3615723,0.42
2010-10-01,1316.0999755859375,22.03700065612793,78.08999633789062,1146.239990234375,22.5,81.58000183105469,2.5260000228881836,0.75,1.79,0.42,2218786092.0318604,0.42
2010-10-04,1315.4000244140625,22.01300048828125,78.44999694824219,1137.030029296875,23.530000686645508,81.47000122070312,2.4790000915527344,0.72,1.78,0.41,1074953336.1816406,0.41
2010-10-05,1338.9000244140625,22.714000701904297,77.75,1160.75,21.760000228881836,82.81999969482422,2.4739999771118164,0.65,1.85,0.41,2290962800.073242,0.41
2010-10-06,1346.4000244140625,23.020000457763672,77.38999938964844,1159.969970703125,21.489999771118164,83.2300033569336,2.3989999294281006,0.52,1.89,0.38,2127703342.590332,0.38
2010-10-07,1333.9000244140625,22.565000534057617,77.38999938964844,1158.06005859375,21.559999465942383,81.66999816894531,2.3959999084472656,0.53,1.88,0.36,5042294227.1484375,0.36
2010-10-08,1344.199951171875,23.086999893188477,77.31999969482422,1165.1500244140625,20.709999084472656,82.66000366210938,2.38100004196167,0.45,1.96,0.35,2461159946.456909,0.35
2010-10-11,1353.300048828125,23.33099937438965,77.44000244140625,1165.3199462890625,18.959999084472656,82.20999908447266,2.38100004196167,0.45,1.96,0.35,1405091705.6900024,0.35
2010-10-12,1345.699951171875,23.128999710083008,77.36000061035156,1169.77001953125,18.93000030517578,81.66999816894531,2.421999931335449,0.49,1.95,0.37,1753642921.2219238,0.37
2010-10-13,1369.5,23.913999557495117,77.06999969482422,1178.0999755859375,19.06999969482422,83.01000213623047,2.430999994277954,0.44,2.02,0.37,2466687029.7546387,0.37
2010-10-14,1376.699951171875,24.41699981689453,76.6500015258789,1173.81005859375,19.8799991607666,82.69000244140625,2.494999885559082,0.41,2.11,0.38,3623494875.0,0.38
2010-10-15,1371.0999755859375,24.27199935913086,77.04000091552734,1176.18994140625,19.030000686645508,81.25,2.5759999752044678,0.5,2.09,0.37,3498218256.335449,0.37
2010-10-18,1371.199951171875,24.39699935913086,76.93000030517578,1184.7099609375,19.09000015258789,83.08000183105469,2.490999937057495,0.47,2.05,0.38,1650234044.998169,0.38
2010-10-19,1335.0999755859375,23.763999938964844,78.18000030517578,1165.9000244140625,20.6299991607666,79.48999786376953,2.4749999046325684,0.44,2.06,0.37,3295322007.458496,0.37
2010-10-20,1343.300048828125,23.847999572753906,77.16999816894531,1178.1700439453125,19.790000915527344,81.7699966430664,2.4700000286102295,0.47,2.04,0.35,1648932803.9672852,0.35
2010-10-21,1324.699951171875,23.12299919128418,77.41999816894531,1180.260009765625,19.270000457763672,80.55999755859375,2.5309998989105225,0.5,2.07,0.37,2822989800.616455,0.37
2010-10-22,1324.4000244140625,23.125,77.47000122070312,1183.0799560546875,18.780000686645508,81.69000244140625,2.562999963760376,0.5,2.09,0.35,1541879918.22052,0.35
2010-10-25,1338.300048828125,23.54400062561035,77.0999984741211,1185.6199951171875,19.850000381469727,82.5199966430664,2.553999900817871,0.45,2.14,0.37,1590468739.187622,0.37
2010-10-26,1338.0,23.823999404907227,77.70999908447266,1185.6400146484375,20.219999313354492,82.55000305175781,2.635999917984009,0.52,2.15,0.4,1401842644.2993164,0.4
2010-10-27,1322.199951171875,23.398000717163086,78.1500015258789,1182.449951171875,20.709999084472656,81.94000244140625,2.7119998931884766,0.62,2.13,0.4,2089429660.923767,0.4
2010-10-28,1342.0999755859375,23.871000289916992,77.30999755859375,1183.780029296875,20.8799991607666,82.18000030517578,2.6610000133514404,0.57,2.12,0.37,2085351191.2841797,0.37
2010-10-29,1357.0999755859375,24.559999465942383,77.2699966430664,1183.260009765625,21.200000762939453,81.43000030517578,2.611999988555908,0.5,2.13,0.34,1901094368.005371,0.34
2010-11-01,1350.199951171875,24.54800033569336,77.30000305175781,1184.3800048828125,21.829999923706055,82.94999694824219,2.628000020980835,0.49,2.17,0.34,1636282889.28833,0.34
2010-11-02,1356.4000244140625,24.832000732421875,76.72000122070312,1193.5699462890625,21.56999969482422,83.9000015258789,2.5940001010894775,0.49,2.14,0.34,1244995332.6187134,0.34
2010-11-03,1337.0999755859375,24.43199920654297,76.4800033569336,1197.9599609375,19.559999465942383,84.69000244140625,2.61899995803833,0.5,2.17,0.34,4171045529.193115,0.34
2010-11-04,1382.699951171875,26.038999557495117,75.87999725341797,1221.06005859375,18.520000457763672,86.48999786376953,2.4839999675750732,0.44,2.09,0.33,3191903112.3565674,0.33
2010-11-05,1397.300048828125,26.743999481201172,76.55000305175781,1225.8499755859375,18.260000228881836,86.8499984741211,2.5360000133514404,0.48,2.1,0.38,2774310249.3286133,0.38
2010-11-08,1402.800048828125,27.42799949645996,77.02999877929688,1223.25,18.290000915527344,87.05999755859375,2.562999963760376,0.48,2.12,0.41,2392880350.7995605,0.41
2010-11-09,1409.800048828125,28.902000427246094,77.44000244140625,1213.4000244140625,19.079999923706055,86.72000122070312,2.6589999198913574,0.58,2.14,0.46,5348374523.547363,0.46
2010-11-10,1399.0999755859375,26.861000061035156,77.62999725341797,1218.7099609375,18.469999313354492,87.80999755859375,2.6480000019073486,0.56,2.09,0.44,3909240384.4711304,0.44
2010-11-11,1403.0999755859375,27.400999069213867,78.22000122070312,1213.5400390625,18.639999389648438,87.80999755859375,2.6480000019073486,0.56,2.09,0.44,2126502906.5704346,0.44
2010-11-12,1365.4000244140625,25.937999725341797,78.08000183105469,1199.2099609375,20.610000610351562,84.87999725341797,2.75600004196167,0.71,2.05,0.51,4797586058.612061,0.51
2010-11-15,1368.4000244140625,26.08799934387207,78.5199966430664,1197.75,20.200000762939453,84.86000061035156,2.9110000133514404,0.87,2.05,0.53,1999118228.3569336,0.53
2010-11-16,1338.300048828125,25.229000091552734,79.20999908447266,1178.3399658203125,22.579999923706055,82.33999633789062,2.8469998836517334,0.87,1.98,0.51,4253656796.646118,0.51
2010-11-17,1336.800048828125,25.506999969482422,79.08000183105469,1178.5899658203125,21.760000228881836,80.44000244140625,2.864000082015991,0.84,2.05,0.5,2142417278.2348633,0.5
2010-11-18,1352.9000244140625,26.829999923706055,78.62000274658203,1196.68994140625,18.75,81.8499984741211,2.9019999504089355,0.83,2.07,0.52,2114681587.3718262,0.52
2010-11-19,1352.199951171875,27.174999237060547,78.5,1199.72998046875,18.040000915527344,81.51000213623047,2.875,0.77,2.11,0.52,1870154036.8286133,0.52
2010-11-22,1357.699951171875,27.457000732421875,78.68000030517578,1197.8399658203125,18.3700008392334,81.73999786376953,2.812999963760376,0.7,2.1,0.49,1747706976.05896,0.49
2010-11-23,1377.5,27.56800079345703,79.68000030517578,1180.72998046875,20.6299991607666,81.25,2.76200008392334,0.69,2.08,0.45,2448305098.7060547,0.45
2010-11-24,1372.9000244140625,27.52400016784668,79.87000274658203,1198.3499755859375,19.559999465942383,83.86000061035156,2.9140000343322754,0.8,2.13,0.53,1188579793.121338,0.53
2010-11-26,1362.300048828125,26.69499969482422,80.36000061035156,1189.4000244140625,22.219999313354492,83.76000213623047,2.864000082015991,0.75,2.12,0.51,1041239668.7744141,0.51
2010-11-29,1366.0,27.148000717163086,80.83999633789062,1187.760009765625,21.530000686645508,85.7300033569336,2.822000026702881,0.73,2.11,0.52,1866977061.1846924,0.52
2010-11-30,1385.0,28.184999465942383,81.19999694824219,1180.550048828125,23.540000915527344,84.11000061035156,2.796999931335449,0.74,2.07,0.45,2366207170.0057983,0.45
2010-12-01,1387.300048828125,28.38800048828125,80.70999908447266,1206.0699462890625,21.360000610351562,86.75,2.9639999866485596,0.83,2.14,0.53,2278594400.1831055,0.53
2010-12-02,1388.5,28.54199981689453,80.30000305175781,1221.530029296875,19.389999389648438,88.0,3.0,0.84,2.17,0.55,2377329706.338501,0.55
2010-12-03,1405.4000244140625,29.240999221801758,79.37999725341797,1224.7099609375,18.010000228881836,89.19000244140625,3.0169999599456787,0.86,2.17,0.49,2280529924.975586,0.49
2010-12-06,1415.300048828125,29.704999923706055,79.56999969482422,1223.1199951171875,18.020000457763672,89.37999725341797,2.940999984741211,0.79,2.16,0.42,2175791697.5463867,0.42
2010-12-07,1408.300048828125,29.74799919128418,79.86000061035156,1223.75,17.989999771118164,88.69000244140625,3.1649999618530273,0.92,2.23,0.54,3615939600.0,0.54
2010-12-08,1382.5,28.224000930786133,80.0,1228.280029296875,17.739999771118164,88.27999877929688,3.2360000610351562,1.07,2.19,0.63,3165313849.3362427,0.63
2010-12-09,1392.0999755859375,28.788999557495117,80.06999969482422,1233.0,17.25,88.37000274658203,3.2230000495910645,1.09,2.14,0.64,1916514242.8710938,0.64
2010-12-10,1384.300048828125,28.576000213623047,80.06999969482422,1240.4000244140625,17.610000610351562,87.79000091552734,3.2960000038146973,1.16,2.16,0.64,1616511082.7178955,0.64
2010-12-13,1397.300048828125,29.599000930786133,79.27999877929688,1240.4599609375,17.549999237060547,88.61000061035156,3.2829999923706055,1.11,2.18,0.61,1816594060.748291,0.61
2010-12-14,1403.5999755859375,29.759000778198242,79.37000274658203,1241.5899658203125,17.610000610351562,88.27999877929688,3.4549999237060547,1.27,2.22,0.66,2373726216.333008,0.66
2010-12-15,1385.5,29.225000381469727,80.26000213623047,1235.22998046875,17.940000534057617,88.62000274658203,3.5199999809265137,1.22,2.31,0.68,2032555603.9505005,0.68
2010-12-16,1370.4000244140625,28.756999969482422,80.18000030517578,1242.8699951171875,17.389999389648438,87.69999694824219,3.4769999980926514,1.15,2.32,0.66,3139583972.717285,0.66
2010-12-17,1378.5999755859375,29.113000869750977,80.37000274658203,1243.9100341796875,16.110000610351562,88.0199966430664,3.3299999237060547,1.05,2.28,0.61,2309984547.470093,0.61
2010-12-20,1385.5,29.334999084472656,80.62999725341797,1247.0799560546875,16.40999984741211,88.80999755859375,3.3489999771118164,1.07,2.29,0.62,1775656161.0214233,0.62
2010-12-21,1388.199951171875,29.375999450683594,80.72000122070312,1254.5999755859375,16.489999771118164,89.81999969482422,3.3259999752044678,1.06,2.29,0.63,1385081466.9677734,0.63
2010-12-22,1386.800048828125,29.367000579833984,80.7300033569336,1258.8399658203125,15.449999809265137,90.4800033569336,3.3459999561309814,1.03,2.33,0.65,985946052.2796631,0.65
2010-12-23,1380.0,29.309999465942383,80.5,1256.77001953125,16.469999313354492,91.51000213623047,3.3929998874664307,1.08,2.33,0.67,1171649759.8632812,0.67
2010-12-27,1382.4000244140625,29.235000610351562,80.37000274658203,1257.5400390625,17.670000076293945,91.0,3.3510000705718994,1.06,2.3,0.71,463982742.68188477,0.71
2010-12-28,1405.199951171875,30.297000885009766,80.36000061035156,1258.510009765625,17.520000457763672,91.48999786376953,3.4809999465942383,1.17,2.33,0.75,1387541208.3435059,0.75
2010-12-29,1413.0999755859375,30.679000854492188,79.80000305175781,1259.780029296875,17.280000686645508,91.12000274658203,3.3410000801086426,1.06,2.29,0.64,1162589189.680481,0.64
2010-12-30,1405.5999755859375,30.488000869750977,79.5199966430664,1257.8800048828125,17.520000457763672,89.83999633789062,3.36899995803833,1.08,2.3,0.66,787840274.9816895,0.66
2010-12-31,1421.0999755859375,30.90999984741211,79.02999877929688,1257.6400146484375,17.75,91.37999725341797,3.305000066757202,1.0,2.3,0.61,1278970667.2546387,0.61
2011-01-03,1422.5999755859375,31.09600067138672,79.12999725341797,1271.8699951171875,17.610000610351562,91.55000305175781,3.3420000076293945,1.05,2.31,0.61,1588407600.0,0.61
2011-01-04,1378.5,29.492000579833984,79.44000244140625,1270.199951171875,17.3799991607666,89.37999725341797,3.3459999561309814,1.01,2.35,0.63,3524291925.0,0.63
2011-01-05,1373.4000244140625,29.17300033569336,80.26000213623047,1276.56005859375,17.020000457763672,90.30000305175781,3.4830000400543213,1.08,2.42,0.71,2244099851.4526367,0.71
2011-01-06,1371.4000244140625,29.110000610351562,80.79000091552734,1273.8499755859375,17.399999618530273,88.37999725341797,3.4189999103546143,1.03,2.41,0.68,2136636128.2333374,0.68
2011-01-07,1368.5,28.660999298095703,81.01000213623047,1271.5,17.139999389648438,88.02999877929688,3.328000068664551,0.98,2.36,0.6,2238987842.69104,0.6
2011-01-10,1373.699951171875,28.85099983215332,80.87999725341797,1269.75,17.540000915527344,89.25,3.303999900817871,0.96,2.36,0.59,1130618146.838379,0.59
2011-01-11,1384.0,29.489999771118164,80.8499984741211,1274.47998046875,16.889999389648438,91.11000061035156,3.3410000801086426,0.97,2.4,0.6,1385309881.604004,0.6
2011-01-12,1385.699951171875,29.531999588012695,80.02999877929688,1285.9599609375,16.239999771118164,91.86000061035156,3.3550000190734863,0.98,2.42,0.61,1460949718.409729,0.61
2011-01-13,1386.9000244140625,29.25200080871582,79.19000244140625,1283.760009765625,16.389999389648438,91.4000015258789,3.3010001182556152,0.97,2.37,0.59,1916191173.6236572,0.59
2011-01-14,1360.4000244140625,28.30900001525879,79.16000366210938,1293.239990234375,15.460000038146973,91.54000091552734,3.3329999446868896,1.0,2.35,0.59,2816332032.8186035,0.59
2011-01-18,1368.0999755859375,28.900999069213867,78.95999908447266,1295.02001953125,15.869999885559082,91.37999725341797,3.364000082015991,0.99,2.4,0.6,1546840562.0910645,0.6
2011-01-19,1370.199951171875,28.79199981689453,78.63999938964844,1281.9200439453125,17.309999465942383,90.86000061035156,3.3369998931884766,0.99,2.38,0.6,1576304746.3897705,0.6
2011-01-20,1346.5,27.458999633789062,78.81999969482422,1280.260009765625,17.989999771118164,88.86000061035156,3.4590001106262207,1.22,2.25,0.65,3196412405.6503296,0.65
2011-01-21,1341.0,27.416000366210938,78.20999908447266,1283.3499755859375,18.469999313354492,89.11000061035156,3.4159998893737793,1.2,2.24,0.63,2553565028.210449,0.63
2011-01-24,1344.5,27.31800079345703,78.05000305175781,1290.8399658203125,17.649999618530273,87.87000274658203,3.4079999923706055,1.18,2.25,0.65,1971981801.2329102,0.65
2011-01-25,1332.300048828125,26.81100082397461,78.0,1291.1800537109375,17.59000015258789,86.19000244140625,3.319000005722046,1.11,2.24,0.62,2890783105.618286,0.62
2011-01-26,1333.0,27.131999969482422,77.9000015258789,1296.6300048828125,16.639999389648438,87.33000183105469,3.427999973297119,1.16,2.29,0.62,2694419955.230713,0.62
2011-01-27,1318.4000244140625,27.045000076293945,77.7300033569336,1299.5400390625,16.149999618530273,85.63999938964844,3.384999990463257,1.16,2.26,0.59,4227702720.085144,0.59
2011-01-28,1340.699951171875,27.93400001525879,78.12999725341797,1276.3399658203125,20.040000915527344,89.33999633789062,3.3289999961853027,1.09,2.27,0.54,3659760585.708618,0.54
2011-01-31,1333.800048828125,28.173999786376953,77.73999786376953,1286.1199951171875,19.530000686645508,92.19000244140625,3.378000020980835,1.08,2.34,0.58,1904426595.3979492,0.58
2011-02-01,1339.5999755859375,28.52400016784668,77.06999969482422,1307.5899658203125,17.6299991607666,90.7699966430664,3.443000078201294,1.11,2.37,0.61,2009572006.8862915,0.61
2011-02-02,1331.5,28.298999786376953,77.16000366210938,1304.030029296875,17.299999237060547,90.86000061035156,3.489000082015991,1.16,2.36,0.67,1315196869.2321777,0.67
2011-02-03,1352.300048828125,28.732999801635742,77.75,1307.0999755859375,16.690000534057617,90.54000091552734,3.5409998893737793,1.23,2.35,0.71,2296935286.9766235,0.71
2011-02-04,1348.300048828125,29.06399917602539,78.04000091552734,1310.8699951171875,15.930000305175781,89.02999877929688,3.6519999504089355,1.3,2.38,0.77,2003114793.7164307,0.77
2011-02-07,1347.5999755859375,29.347999572753906,78.02999877929688,1319.050048828125,16.280000686645508,87.4800033569336,3.6440000534057617,1.32,2.36,0.78,944975131.439209,0.78
2011-02-08,1363.4000244140625,30.270999908447266,78.0,1324.5699462890625,15.8100004196167,86.94000244140625,3.7249999046325684,1.39,2.36,0.86,2159650616.0995483,0.86
2011-02-09,1364.800048828125,30.273000717163086,77.63999938964844,1320.8800048828125,15.869999885559082,86.70999908447266,3.6419999599456787,1.34,2.31,0.81,1354439762.5488281,0.81
2011-02-10,1361.9000244140625,30.090999603271484,78.25,1321.8699951171875,16.09000015258789,86.7300033569336,3.7079999446868896,1.39,2.31,0.85,1076775869.4702148,0.85
2011-02-11,1359.9000244140625,29.992000579833984,78.45999908447266,1329.1500244140625,15.6899995803833,85.58000183105469,3.6459999084472656,1.36,2.28,0.85,1308459624.4262695,0.85
2011-02-14,1364.5999755859375,30.52899932861328,78.61000061035156,1332.3199462890625,15.949999809265137,84.80999755859375,3.614000082015991,1.34,2.28,0.87,1155893863.4674072,0.87
2011-02-15,1373.5999755859375,30.69300079345703,78.56999969482422,1328.010009765625,16.3700008392334,84.31999969482422,3.615999937057495,1.33,2.28,0.84,1354597476.3427734,0.84
2011-02-16,1374.699951171875,30.6299991607666,78.22000122070312,1336.3199462890625,16.719999313354492,84.98999786376953,3.621000051498413,1.37,2.25,0.86,1719537558.2641602,0.86
2011-02-17,1384.699951171875,31.57200050354004,78.0,1340.4300537109375,16.59000015258789,86.36000061035156,3.5739998817443848,1.31,2.27,0.8,1528949811.984253,0.8
2011-02-18,1388.199951171875,32.29800033569336,77.66000366210938,1343.010009765625,16.43000030517578,86.19999694824219,3.5889999866485596,1.25,2.34,0.78,2151678499.191284,0.78
2011-02-22,1400.5,32.86399841308594,77.7699966430664,1315.43994140625,20.799999237060547,93.56999969482422,3.4609999656677246,1.12,2.34,0.74,2272785557.0388794,0.74
2011-02-23,1413.4000244140625,33.301998138427734,77.41000366210938,1307.4000244140625,22.1299991607666,98.0999984741211,3.486999988555908,1.1,2.39,0.74,2156940520.8358765,0.74
2011-02-24,1415.300048828125,33.17900085449219,77.05999755859375,1306.0999755859375,21.31999969482422,97.27999877929688,3.437999963760376,1.05,2.41,0.73,2563326335.7559204,0.73
2011-02-25,1408.699951171875,32.89799880981445,77.27999877929688,1319.8800048828125,19.219999313354492,97.87999725341797,3.424999952316284,1.02,2.4,0.72,1422075382.5439453,0.72
2011-02-28,1409.300048828125,33.80400085449219,76.88999938964844,1327.219970703125,18.350000381469727,96.97000122070312,3.4140000343322754,1.03,2.39,0.69,1217878052.3986816,0.69
2011-03-01,1430.699951171875,34.41600036621094,77.05000305175781,1306.3299560546875,21.010000228881836,99.62999725341797,3.4140000343322754,1.0,2.41,0.66,2441857121.713257,0.66
2011-03-02,1437.199951171875,34.82500076293945,76.66999816894531,1308.43994140625,20.700000762939453,102.2300033569336,3.4639999866485596,1.01,2.45,0.69,2199514387.2161865,0.69
2011-03-03,1416.0,34.3129997253418,76.4800033569336,1330.969970703125,18.600000381469727,101.91000366210938,3.572000026702881,1.09,2.49,0.79,2276413589.630127,0.79
2011-03-04,1428.199951171875,35.31700134277344,76.4000015258789,1321.1500244140625,19.059999465942383,104.41999816894531,3.492000102996826,1.0,2.49,0.68,2432298616.534424,0.68
2011-03-07,1434.0999755859375,35.85499954223633,76.5,1310.1300048828125,20.65999984741211,105.44000244140625,3.496999979019165,1.0,2.51,0.7,1965706725.1739502,0.7
2011-03-08,1426.9000244140625,35.65299987792969,76.80000305175781,1321.8199462890625,19.81999969482422,105.0199966430664,3.5439999103546143,1.01,2.55,0.73,1495402486.5493774,0.73
2011-03-09,1429.300048828125,36.042999267578125,76.72000122070312,1320.02001953125,20.219999313354492,104.37999725341797,3.4690001010894775,0.98,2.5,0.7,1217941555.9936523,0.7
2011-03-10,1412.199951171875,35.06399917602539,77.27999877929688,1295.1099853515625,21.8799991607666,102.69999694824219,3.3929998874664307,0.91,2.46,0.65,2143577273.475647,0.65
2011-03-11,1421.5,35.93299865722656,76.77999877929688,1304.280029296875,20.079999923706055,101.16000366210938,3.3929998874664307,0.96,2.44,0.64,1439823930.7159424,0.64
2011-03-14,1424.5999755859375,35.82500076293945,76.3499984741211,1296.3900146484375,21.1299991607666,101.19000244140625,3.3469998836517334,0.93,2.43,0.61,1421829204.2495728,0.61
2011-03-15,1392.5999755859375,34.11600112915039,76.33000183105469,1281.8699951171875,24.31999969482422,97.18000030517578,3.322999954223633,0.93,2.4,0.63,3197589277.253723,0.63
2011-03-16,1396.0,34.47100067138672,76.68000030517578,1256.8800048828125,29.399999618530273,97.9800033569336,3.2119998931884766,0.85,2.37,0.58,1824594273.5671997,0.58
2011-03-17,1404.0,34.2599983215332,76.04000091552734,1273.719970703125,26.3700008392334,101.41999816894531,3.247999906539917,0.82,2.43,0.6,1248810289.1296387,0.6
2011-03-18,1415.9000244140625,35.060001373291016,75.72000122070312,1279.2099609375,24.440000534057617,101.06999969482422,3.2769999504089355,0.85,2.43,0.61,2573958649.169922,0.61
2011-03-21,1426.199951171875,36.00199890136719,75.4000015258789,1298.3800048828125,20.610000610351562,102.33000183105469,3.322999954223633,0.9,2.44,0.67,1912131441.6122437,0.67
2011-03-22,1427.5,36.270999908447266,75.43000030517578,1293.77001953125,20.209999084472656,104.0,3.3320000171661377,0.95,2.39,0.68,1328442014.1555786,0.68
2011-03-23,1437.9000244140625,37.20199966430664,75.79000091552734,1297.5400390625,19.170000076293945,105.75,3.3480000495910645,0.98,2.38,0.69,1619663897.7355957,0.69
2011-03-24,1434.800048828125,37.38800048828125,75.66000366210938,1309.6600341796875,18.0,105.5999984741211,3.4040000438690186,0.95,2.47,0.72,2369051072.772217,0.72
2011-03-25,1426.0999755859375,37.05799865722656,76.22000122070312,1313.800048828125,17.90999984741211,105.4000015258789,3.444000005722046,1.02,2.44,0.79,1836992513.5391235,0.79
2011-03-28,1419.800048828125,37.09700012207031,76.12999725341797,1310.18994140625,19.440000534057617,103.9800033569336,3.447999954223633,1.01,2.46,0.81,1060662188.5986328,0.81
2011-03-29,1416.0,36.97700119018555,76.25,1319.43994140625,18.15999984741211,104.79000091552734,3.490999937057495,1.03,2.47,0.81,876970134.6008301,0.81
2011-03-30,1423.800048828125,37.500999450683594,76.12000274658203,1328.260009765625,17.709999084472656,104.2699966430664,3.4549999237060547,1.0,2.47,0.8,1490619278.3172607,0.8
2011-03-31,1438.9000244140625,37.87200164794922,75.86000061035156,1325.8299560546875,17.739999771118164,106.72000122070312,3.4539999961853027,0.99,2.48,0.8,2129690187.2940063,0.8
2011-04-01,1428.0999755859375,37.73699951171875,75.83000183105469,1332.4100341796875,17.399999618530273,107.94000244140625,3.4509999752044678,0.94,2.52,0.8,2190771311.97052,0.8
2011-04-04,1432.199951171875,38.48400115966797,75.91000366210938,1332.8699951171875,17.5,108.47000122070312,3.430999994277954,0.91,2.54,0.77,1354364348.5321045,0.77
2011-04-05,1451.800048828125,39.17499923706055,75.87999725341797,1332.6300048828125,17.25,108.33999633789062,3.486999988555908,0.94,2.56,0.84,2598847420.8328247,0.84
2011-04-06,1457.699951171875,39.38399887084961,75.51000213623047,1335.5400390625,16.899999618530273,108.83000183105469,3.5450000762939453,0.99,2.57,0.85,1524932566.2963867,0.85
2011-04-07,1458.5,39.54199981689453,75.58999633789062,1333.510009765625,17.110000610351562,110.30000305175781,3.555000066757202,0.99,2.59,0.81,1351963815.8874512,0.81
2011-04-08,1473.4000244140625,40.599998474121094,75.06999969482422,1328.1700439453125,17.8700008392334,112.79000091552734,3.569999933242798,0.95,2.64,0.83,1885997260.0769043,0.83
2011-04-11,1467.4000244140625,40.604000091552734,75.05999755859375,1324.4599609375,16.59000015258789,109.91999816894531,3.569999933242798,0.96,2.63,0.85,1441462777.8320312,0.85
2011-04-12,1452.9000244140625,40.05799865722656,74.8499984741211,1314.1600341796875,17.09000015258789,106.25,3.5,0.9,2.62,0.77,2116800450.1235962,0.77
2011-04-13,1454.9000244140625,40.23500061035156,74.9800033569336,1314.4100341796875,16.920000076293945,107.11000061035156,3.4660000801086426,0.88,2.61,0.75,1970167895.2575684,0.75
2011-04-14,1471.699951171875,41.6609992980957,74.68000030517578,1314.52001953125,16.270000457763672,108.11000061035156,3.484999895095825,0.89,2.62,0.77,2038377286.3952637,0.77
2011-04-15,1485.300048828125,42.566001892089844,74.83000183105469,1319.6800537109375,15.319999694824219,109.66000366210938,3.4100000858306885,0.82,2.61,0.71,2773588138.354492,0.71
2011-04-18,1492.300048828125,42.957000732421875,75.5,1305.1400146484375,16.959999084472656,107.12000274658203,3.371000051498413,0.8,2.6,0.69,2530440665.9973145,0.69
2011-04-19,1494.5,43.91899871826172,75.02999877929688,1312.6199951171875,15.829999923706055,108.1500015258789,3.3559999465942383,0.76,2.63,0.68,1597948012.7990723,0.68
2011-04-20,1498.300048828125,44.46500015258789,74.37000274658203,1330.3599853515625,15.069999694824219,111.44999694824219,3.4000000953674316,0.82,2.61,0.69,2009511200.0,0.69
2011-04-21,1503.199951171875,46.0620002746582,74.0,1337.3800048828125,14.6899995803833,112.29000091552734,3.4000000953674316,0.83,2.59,0.68,1483453411.5325928,0.68
2011-04-25,1508.5999755859375,47.1510009765625,73.98999786376953,1335.25,15.770000457763672,112.27999877929688,3.36299991607666,0.79,2.6,0.67,2290643191.845703,0.67
2011-04-26,1503.0,45.05799865722656,73.83999633789062,1347.239990234375,15.619999885559082,112.20999908447266,3.319999933242798,0.76,2.58,0.65,2371356079.1015625,0.65
2011-04-27,1516.699951171875,45.9640007019043,73.5199966430664,1355.6600341796875,15.350000381469727,112.76000213623047,3.368000030517578,0.81,2.58,0.65,3274328213.026428,0.65
2011-04-28,1530.800048828125,47.52000045776367,73.12000274658203,1360.47998046875,14.619999885559082,112.86000061035156,3.312000036239624,0.78,2.56,0.62,3109364432.006836,0.62
2011-04-29,1556.0,48.58399963378906,72.93000030517578,1363.6099853515625,14.75,113.93000030517578,3.2960000038146973,0.75,2.57,0.61,4205411865.234375,0.61
2011-05-02,1556.699951171875,46.077999114990234,72.94999694824219,1361.219970703125,15.989999771118164,113.5199966430664,3.2860000133514404,0.75,2.56,0.61,3623993669.2352295,0.61
2011-05-03,1540.0999755859375,42.57600021362305,73.13999938964844,1356.6199951171875,16.700000762939453,111.05000305175781,3.255000114440918,0.73,2.55,0.61,3629434246.2402344,0.61
2011-05-04,1514.9000244140625,39.382999420166016,73.02999877929688,1347.3199462890625,17.079999923706055,109.23999786376953,3.2230000495910645,0.7,2.55,0.6,5186356960.006714,0.6
2011-05-05,1480.9000244140625,36.23099899291992,74.19000244140625,1335.0999755859375,18.200000762939453,99.80000305175781,3.1679999828338623,0.7,2.48,0.58,7357715542.602539,0.58
2011-05-06,1491.199951171875,35.28300094604492,74.83999633789062,1340.199951171875,18.399999618530273,97.18000030517578,3.1570000648498535,0.71,2.48,0.57,3513673733.798218,0.57
2011-05-09,1502.9000244140625,37.11000061035156,74.73999786376953,1346.2900390625,17.15999984741211,102.55000305175781,3.1419999599456787,0.69,2.48,0.57,2041920491.6503906,0.57
2011-05-10,1516.5999755859375,38.47999954223633,74.61000061035156,1357.1600341796875,15.90999984741211,103.87999725341797,3.194999933242798,0.74,2.49,0.59,1669081011.1206055,0.59
2011-05-11,1501.0999755859375,35.50899887084961,75.33000183105469,1342.0799560546875,16.950000762939453,98.20999908447266,3.1570000648498535,0.76,2.43,0.56,3132775938.468933,0.56
2011-05-12,1506.5999755859375,34.792999267578125,75.23999786376953,1348.6500244140625,16.030000686645508,98.97000122070312,3.2300000190734863,0.79,2.43,0.57,2745689267.4072266,0.57
2011-05-13,1493.4000244140625,35.01100158691406,75.76000213623047,1337.77001953125,17.06999969482422,99.6500015258789,3.187000036239624,0.79,2.39,0.57,2514840865.319824,0.57
2011-05-16,1490.4000244140625,34.12900161743164,75.47000122070312,1329.469970703125,18.239999771118164,97.37000274658203,3.1489999294281006,0.81,2.34,0.54,1463410666.8457031,0.54
2011-05-17,1479.800048828125,33.487998962402344,75.4000015258789,1328.97998046875,17.549999237060547,96.91000366210938,3.121000051498413,0.82,2.3,0.55,2488384648.439026,0.55
2011-05-18,1495.5999755859375,35.09400177001953,75.47000122070312,1340.6800537109375,16.229999542236328,100.0999984741211,3.1710000038146973,0.82,2.36,0.58,1529222304.1046143,0.58
2011-05-19,1492.199951171875,34.926998138427734,75.12000274658203,1343.5999755859375,15.520000457763672,98.44000244140625,3.1710000038146973,0.91,2.26,0.55,1179488215.57312,0.55
2011-05-20,1508.800048828125,35.082000732421875,75.43000030517578,1333.27001953125,17.43000030517578,99.48999786376953,3.1519999504089355,0.85,2.3,0.55,3419983498.374939,0.55
2011-05-23,1515.300048828125,34.9010009765625,76.0999984741211,1317.3699951171875,18.270000457763672,97.69999694824219,3.134000062942505,0.84,2.29,0.55,2356055437.182617,0.55
2011-05-24,1523.199951171875,36.12099838256836,75.87999725341797,1316.280029296875,17.81999969482422,99.58999633789062,3.122999906539917,0.79,2.33,0.56,2221123265.258789,0.56
2011-05-25,1526.5999755859375,37.63999938964844,75.93000030517578,1320.469970703125,17.06999969482422,101.31999969482422,3.128999948501587,0.8,2.33,0.54,1630487224.093628,0.54
2011-05-26,1522.800048828125,37.32600021362305,75.55000305175781,1325.68994140625,16.09000015258789,100.2300033569336,3.061000108718872,0.76,2.31,0.48,1450406821.9451904,0.48
2011-05-27,1536.300048828125,37.856998443603516,74.94999694824219,1331.0999755859375,15.979999542236328,100.58999633789062,3.063999891281128,0.79,2.28,0.48,1524874108.9141846,0.48
2011-05-31,1535.9000244140625,38.303001403808594,74.63999938964844,1345.199951171875,15.449999809265137,102.69999694824219,3.049999952316284,0.8,2.25,0.45,1571115245.5917358,0.45
2011-06-01,1542.4000244140625,37.68899917602539,74.68000030517578,1314.550048828125,18.299999237060547,100.29000091552734,2.9660000801086426,0.74,2.22,0.44,2753157181.2561035,0.44
2011-06-02,1532.0,36.20000076293945,74.33000183105469,1312.93994140625,18.09000015258789,100.4000015258789,3.0299999713897705,0.78,2.26,0.45,2026128650.0,0.45
2011-06-03,1541.699951171875,36.1870002746582,73.77999877929688,1300.1600341796875,17.950000762939453,100.22000122070312,2.996999979019165,0.75,2.24,0.42,1893733423.3886719,0.42
2011-06-06,1546.5,36.7760009765625,73.94999694824219,1286.1700439453125,18.489999771118164,99.01000213623047,3.002000093460083,0.76,2.25,0.43,1726396798.9837646,0.43
2011-06-07,1543.300048828125,37.040000915527344,73.5199966430664,1284.93994140625,18.06999969482422,99.08999633789062,3.010999917984009,0.76,2.25,0.39,1525333991.43219,0.39
2011-06-08,1538.0999755859375,36.61899948120117,73.93000030517578,1279.56005859375,18.790000915527344,100.73999786376953,2.9619998931884766,0.76,2.22,0.39,1440048601.5319824,0.39
2011-06-09,1542.0999755859375,37.42300033569336,74.19000244140625,1289.0,17.770000457763672,101.93000030517578,2.997999906539917,0.8,2.21,0.43,1150760173.3398438,0.43
2011-06-10,1528.5999755859375,36.32600021362305,74.79000091552734,1270.97998046875,18.860000610351562,99.29000091552734,2.9709999561309814,0.79,2.2,0.41,1842352943.812561,0.41
2011-06-13,1515.0,34.736000061035156,74.51000213623047,1271.8299560546875,19.610000610351562,97.30000305175781,2.990999937057495,0.8,2.2,0.4,1919428916.4962769,0.4
2011-06-14,1523.800048828125,35.40999984741211,74.33000183105469,1287.8699951171875,18.260000228881836,99.37000274658203,3.0989999771118164,0.83,2.28,0.45,1626226774.9710083,0.45
2011-06-15,1525.5999755859375,35.40599822998047,75.5999984741211,1265.4200439453125,21.31999969482422,94.80999755859375,2.9730000495910645,0.74,2.24,0.38,2169800312.95166,0.38
2011-06-16,1529.300048828125,35.553001403808594,75.75,1267.6400146484375,22.729999542236328,94.94999694824219,2.9089999198913574,0.73,2.2,0.38,1643883963.470459,0.38
2011-06-17,1538.5999755859375,35.73899841308594,74.98999786376953,1271.5,21.850000381469727,93.01000213623047,2.944000005722046,0.75,2.19,0.38,2879612740.887451,0.38
2011-06-20,1541.5,36.064998626708984,75.02999877929688,1278.3599853515625,19.989999771118164,93.26000213623047,2.9630000591278076,0.79,2.18,0.38,1569823889.227295,0.38
2011-06-21,1546.0,36.37300109863281,74.54000091552734,1295.52001953125,18.860000610351562,93.4000015258789,2.984999895095825,0.78,2.21,0.4,1875333723.6694336,0.4
2011-06-22,1552.9000244140625,36.73400115966797,74.77999877929688,1287.1400146484375,18.520000457763672,95.41000366210938,2.993000030517578,0.82,2.19,0.39,2130423680.506897,0.39
2011-06-23,1520.0999755859375,35.005001068115234,75.44999694824219,1283.5,19.290000915527344,91.0199966430664,2.9089999198913574,0.71,2.22,0.35,3689156372.9248047,0.35
2011-06-24,1500.5,34.64099884033203,75.66999816894531,1268.449951171875,21.100000381469727,91.16000366210938,2.871000051498413,0.64,2.24,0.35,2823022657.974243,0.35
2011-06-27,1496.0,33.58000183105469,75.38999938964844,1280.0999755859375,20.559999465942383,90.61000061035156,2.927000045776367,0.67,2.28,0.41,1690832275.428772,0.41
2011-06-28,1499.699951171875,33.632999420166016,75.05999755859375,1296.6700439453125,19.170000076293945,92.88999938964844,3.0450000762939453,0.73,2.32,0.48,1288930160.4156494,0.48
2011-06-29,1509.9000244140625,34.75,74.69000244140625,1307.4100341796875,17.270000457763672,94.7699966430664,3.1080000400543213,0.74,2.4,0.47,1858088535.534668,0.47
2011-06-30,1502.300048828125,34.8120002746582,74.30000305175781,1320.6400146484375,16.520000457763672,95.41999816894531,3.1579999923706055,0.75,2.43,0.45,1847936600.0,0.45
2011-07-01,1482.300048828125,33.694000244140625,74.3499984741211,1339.6700439453125,15.869999885559082,94.94000244140625,3.197000026702881,0.77,2.45,0.5,2371996725.128174,0.5
2011-07-05,1512.300048828125,35.402000427246094,74.69000244140625,1337.8800048828125,16.059999465942383,96.88999938964844,3.135999917984009,0.77,2.39,0.44,1665000721.069336,0.44
2011-07-06,1528.699951171875,35.9109992980957,75.12000274658203,1339.219970703125,16.34000015258789,96.6500015258789,3.0950000286102295,0.74,2.38,0.43,2159567328.109741,0.43
2011-07-07,1530.199951171875,36.52799987792969,74.95999908447266,1353.219970703125,15.949999809265137,98.66999816894531,3.1489999294281006,0.75,2.42,0.49,1420042176.889038,0.49
2011-07-08,1541.199951171875,36.5359992980957,75.18000030517578,1343.800048828125,15.949999809265137,96.19999694824219,3.0160000324249268,0.69,2.34,0.4,2052760575.0,0.4
2011-07-11,1548.800048828125,35.68899917602539,75.98999786376953,1319.489990234375,18.389999389648438,95.1500015258789,2.9170000553131104,0.63,2.31,0.37,3099590973.120117,0.37
2011-07-12,1561.9000244140625,35.62900161743164,75.80999755859375,1313.6400146484375,19.8700008392334,97.43000030517578,2.9079999923706055,0.6,2.32,0.37,3671628451.6830444,0.37
2011-07-13,1585.199951171875,38.14799880981445,75.20999908447266,1317.719970703125,19.90999984741211,98.05000305175781,2.8910000324249268,0.59,2.33,0.37,4061743123.916626,0.37
2011-07-14,1589.0,38.68899917602539,75.25,1308.8699951171875,20.799999237060547,95.69000244140625,2.944000005722046,0.68,2.3,0.38,2722005625.744629,0.38
2011-07-15,1589.800048828125,39.0629997253418,75.12999725341797,1316.1400146484375,19.530000686645508,97.23999786376953,2.9079999923706055,0.61,2.33,0.37,2863191623.699951,0.37
2011-07-18,1602.0999755859375,40.33300018310547,75.4800033569336,1305.43994140625,20.950000762939453,95.93000030517578,2.9089999198913574,0.58,2.36,0.37,2682576563.4887695,0.37
2011-07-19,1600.9000244140625,40.21099853515625,75.22000122070312,1326.72998046875,19.209999084472656,97.5,2.8910000324249268,0.54,2.37,0.39,3537306273.7579346,0.39
2011-07-20,1596.699951171875,39.54600143432617,74.79000091552734,1325.8399658203125,19.09000015258789,98.13999938964844,2.933000087738037,0.62,2.34,0.4,2271542048.2040405,0.4
2011-07-21,1586.800048828125,38.9370002746582,74.0199966430664,1343.800048828125,17.559999465942383,99.12999725341797,3.009999990463257,0.68,2.35,0.4,2852402157.7331543,0.4
2011-07-22,1601.300048828125,40.112998962402344,74.19999694824219,1345.02001953125,17.520000457763672,99.87000274658203,2.9639999866485596,0.61,2.38,0.4,1776442588.4399414,0.4
2011-07-25,1612.0,40.354000091552734,74.05999755859375,1337.4300537109375,19.350000381469727,99.19999694824219,3.003999948501587,0.58,2.45,0.42,2051115660.2600098,0.42
2011-07-26,1616.5999755859375,40.691001892089844,73.47000122070312,1331.93994140625,20.229999542236328,99.58999633789062,2.9509999752044678,0.57,2.42,0.41,1851509885.1394653,0.41
2011-07-27,1615.0,40.553001403808594,74.08999633789062,1304.8900146484375,22.979999542236328,97.4000015258789,2.9800000190734863,0.56,2.45,0.44,2876042598.6694336,0.44
2011-07-28,1613.4000244140625,39.77899932861328,74.22000122070312,1300.6700439453125,23.739999771118164,97.44000244140625,2.9509999752044678,0.52,2.46,0.42,1788586895.2697754,0.42
2011-07-29,1628.300048828125,40.09199905395508,73.9000015258789,1292.280029296875,25.25,95.69999694824219,2.805000066757202,0.38,2.44,0.36,2710367897.039795,0.36
2011-08-01,1619.0,39.29800033569336,74.26000213623047,1286.93994140625,23.65999984741211,94.88999938964844,2.740000009536743,0.33,2.44,0.38,2338309422.0977783,0.38
2011-08-02,1641.9000244140625,40.08100128173828,74.51000213623047,1254.050048828125,24.790000915527344,93.79000091552734,2.624000072479248,0.29,2.37,0.33,3922432543.7545776,0.33
2011-08-03,1663.4000244140625,41.74700164794922,74.04000091552734,1260.3399658203125,23.3799991607666,91.93000030517578,2.5989999771118164,0.36,2.28,0.33,4493249465.840149,0.33
2011-08-04,1656.199951171875,39.417999267578125,75.12000274658203,1200.0699462890625,31.65999984741211,86.62999725341797,2.4579999446868896,0.24,2.23,0.27,6486691367.353821,0.27
2011-08-05,1648.800048828125,38.196998596191406,74.5999984741211,1199.3800048828125,32.0,86.87999725341797,2.558000087738037,0.32,2.26,0.28,3971722725.0,0.28
2011-08-08,1710.199951171875,39.374000549316406,74.79000091552734,1119.4599609375,48.0,81.30999755859375,2.3389999866485596,0.2,2.2,0.27,7186560878.027344,0.27
2011-08-09,1740.0,37.87699890136719,74.61000061035156,1172.530029296875,35.060001373291016,79.30000305175781,2.181999921798706,0.0,2.2,0.19,9402671572.036743,0.19
2011-08-10,1781.300048828125,39.32500076293945,74.63999938964844,1120.760009765625,42.9900016784668,82.88999938964844,2.13700008392334,-0.13,2.3,0.19,7820695258.026123,0.19
2011-08-11,1748.800048828125,38.65599822998047,74.68000030517578,1172.6400146484375,39.0,85.72000122070312,2.3359999656677246,0.06,2.28,0.19,8518427225.0,0.19
2011-08-12,1740.199951171875,39.10100173950195,74.61000061035156,1178.81005859375,36.36000061035156,85.37999725341797,2.236999988555908,-0.02,2.26,0.2,4966523435.668945,0.2
2011-08-15,1755.5,39.29800033569336,73.83999633789062,1204.489990234375,31.8700008392334,87.87999725341797,2.2850000858306885,0.06,2.23,0.19,3057696454.3151855,0.19
2011-08-16,1782.4000244140625,39.82099914550781,74.01000213623047,1192.760009765625,32.849998474121094,86.6500015258789,2.2139999866485596,0.05,2.18,0.2,3418919324.005127,0.2
2011-08-17,1791.199951171875,40.349998474121094,73.66999816894531,1193.8900146484375,31.579999923706055,87.58000183105469,2.1649999618530273,0.01,2.16,0.19,2874790409.8205566,0.19
2011-08-18,1818.9000244140625,40.6870002746582,74.23999786376953,1140.6500244140625,42.66999816894531,82.37999725341797,2.0829999446868896,0.09,1.99,0.2,4534134847.143555,0.2
2011-08-19,1848.9000244140625,42.428001403808594,73.98999786376953,1123.530029296875,43.04999923706055,82.26000213623047,2.071000099182129,0.02,2.05,0.2,6189937990.02533,0.2
2011-08-22,1888.699951171875,43.32099914550781,74.06999969482422,1123.8199462890625,42.439998626708984,84.12000274658203,2.0880000591278076,0.03,2.07,0.22,5073013033.355713,0.22
2011-08-23,1858.300048828125,42.28099822998047,73.87000274658203,1162.3499755859375,36.27000045776367,85.44000244140625,2.13700008392334,0.13,2.02,0.22,9819003516.80603,0.22
2011-08-24,1754.0999755859375,39.15700149536133,74.01000213623047,1177.5999755859375,35.900001525878906,85.16000366210938,2.259999990463257,0.25,2.04,0.23,12135706063.479614,0.23
2011-08-25,1759.800048828125,40.7400016784668,74.27999877929688,1159.27001953125,39.7599983215332,85.30000305175781,2.2219998836517334,0.13,2.1,0.22,7458654958.41217,0.22
2011-08-26,1794.0999755859375,40.946998596191406,73.80999755859375,1176.800048828125,35.59000015258789,85.37000274658203,2.187999963760376,0.15,2.04,0.2,6863297357.208252,0.2
2011-08-29,1788.4000244140625,40.54100036621094,73.72000122070312,1210.0799560546875,32.279998779296875,87.2699966430664,2.2709999084472656,0.22,2.06,0.2,4393417779.579163,0.2
2011-08-30,1826.699951171875,41.39799880981445,73.94000244140625,1212.9200439453125,32.88999938964844,88.9000015258789,2.1760001182556152,0.14,2.05,0.2,4198283243.07251,0.2
2011-08-31,1828.5,41.69900131225586,74.12999725341797,1218.8900146484375,31.6200008392334,88.80999755859375,2.2179999351501465,0.18,2.05,0.2,2853187987.5976562,0.2
2011-09-01,1826.0,41.481998443603516,74.4800033569336,1204.4200439453125,31.81999969482422,88.93000030517578,2.1459999084472656,0.07,2.08,0.19,2471592517.150879,0.19
2011-09-02,1873.699951171875,43.02000045776367,74.75,1173.969970703125,33.91999816894531,86.44999694824219,1.996000051498413,0.0,2.02,0.2,3648528397.3754883,0.2
2011-09-06,1869.9000244140625,41.81800079345703,75.91999816894531,1165.239990234375,37.0,86.0199966430664,1.9789999723434448,0.05,1.93,0.21,5533547865.341187,0.21
2011-09-07,1814.199951171875,41.571998596191406,75.45999908447266,1198.6199951171875,33.380001068115234,89.33999633789062,2.0360000133514404,0.09,1.96,0.21,5446980856.323242,0.21
2011-09-08,1854.4000244140625,42.479000091552734,76.23999786376953,1185.9000244140625,34.31999969482422,89.05000305175781,1.9859999418258667,0.0,2.0,0.19,3770975702.3620605,0.19
2011-09-09,1856.4000244140625,41.573001861572266,77.19000244140625,1154.22998046875,38.52000045776367,87.23999786376953,1.9149999618530273,-0.03,1.96,0.17,4595128642.39502,0.17
2011-09-12,1809.9000244140625,40.16400146484375,77.56999969482422,1162.27001953125,38.59000015258789,88.19000244140625,1.9299999475479126,0.0,1.94,0.21,3853667336.0595703,0.21
2011-09-13,1826.800048828125,41.12300109863281,76.91000366210938,1172.8699951171875,36.90999984741211,90.20999908447266,1.99399995803833,0.07,1.93,0.21,3079172140.209961,0.21
2011-09-14,1823.5,40.46900177001953,76.83000183105469,1188.6800537109375,34.599998474121094,88.91000366210938,2.010999917984009,0.12,1.91,0.19,3211541509.6740723,0.19
2011-09-15,1778.5,39.452999114990234,76.23999786376953,1209.1099853515625,31.969999313354492,89.4000015258789,2.0850000381469727,0.13,1.96,0.21,3644436672.454834,0.21
2011-09-16,1812.0999755859375,40.78099822998047,76.58000183105469,1216.010009765625,30.979999542236328,87.95999908447266,2.0759999752044678,0.13,1.95,0.18,3642711985.7391357,0.18
2011-09-19,1776.4000244140625,39.11000061035156,77.38999938964844,1204.0899658203125,32.72999954223633,85.69999694824219,1.940000057220459,0.09,1.88,0.16,3171763596.31958,0.16
2011-09-20,1806.5999755859375,40.08100128173828,77.02999877929688,1202.0899658203125,32.86000061035156,86.88999938964844,1.9470000267028809,0.04,1.91,0.18,2226710712.536621,0.18
2011-09-21,1805.5,40.41999816894531,77.33999633789062,1166.760009765625,37.31999969482422,85.91999816894531,1.875,0.02,1.86,0.21,2852309306.826782,0.21
2011-09-22,1739.199951171875,36.53799819946289,78.37999725341797,1129.56005859375,41.349998474121094,80.51000213623047,1.715000033378601,0.01,1.71,0.2,5490118614.109802,0.2
2011-09-23,1637.5,30.051000595092773,78.30000305175781,1136.4300537109375,41.25,79.8499984741211,1.8079999685287476,0.1,1.74,0.23,8466427881.686401,0.23
2011-09-26,1592.5,29.927000045776367,78.36000061035156,1162.949951171875,39.02000045776367,80.23999786376953,1.9040000438690186,0.12,1.79,0.25,6677263481.588745,0.25
2011-09-27,1650.5999755859375,31.496999740600586,77.51000213623047,1175.3800048828125,37.709999084472656,84.44999694824219,2.0160000324249268,0.12,1.88,0.25,4035700368.676758,0.25
2011-09-28,1616.300048828125,30.084999084472656,77.8499984741211,1151.06005859375,41.08000183105469,81.20999908447266,2.002000093460083,0.16,1.87,0.27,3401846746.5820312,0.27
2011-09-29,1615.5,30.472000122070312,77.91999816894531,1160.4000244140625,38.84000015258789,82.13999938964844,1.9570000171661377,0.17,1.82,0.27,2734644107.080078,0.27
2011-09-30,1620.4000244140625,30.041000366210938,78.55000305175781,1131.4200439453125,42.959999084472656,79.19999694824219,1.9240000247955322,0.17,1.75,0.25,2650713577.056885,0.25
2011-10-03,1656.0,30.75,79.44999694824219,1099.22998046875,45.45000076293945,77.61000061035156,1.784999966621399,0.07,1.73,0.24,2285696479.3395996,0.24
2011-10-04,1614.699951171875,29.795000076293945,79.5999984741211,1123.949951171875,40.81999969482422,75.66999816894531,1.781000018119812,0.05,1.76,0.25,3783359985.3515625,0.25
2011-10-05,1640.300048828125,30.316999435424805,78.91000366210938,1144.030029296875,37.810001373291016,79.68000030517578,1.9049999713897705,0.12,1.8,0.25,2412996659.5962524,0.25
2011-10-06,1651.9000244140625,31.969999313354492,78.52999877929688,1164.969970703125,36.27000045776367,82.58999633789062,1.9859999418258667,0.13,1.88,0.29,1988390923.0575562,0.29
2011-10-07,1634.5,30.95800018310547,78.72000122070312,1155.4599609375,36.20000076293945,82.9800033569336,2.068000078201294,0.16,1.94,0.3,2065742436.9506836,0.3
2011-10-10,1669.5999755859375,31.944000244140625,77.5999984741211,1194.8900146484375,33.02000045776367,85.41000366210938,2.0759999752044678,0.16,1.94,0.3,1466899353.3859253,0.3
2011-10-11,1659.699951171875,31.96299934387207,77.58000183105469,1195.5400390625,32.86000061035156,85.80999755859375,2.1600000858306885,0.23,1.95,0.32,1338443540.3961182,0.32
2011-10-12,1681.300048828125,32.75400161743164,76.98999786376953,1207.25,31.260000228881836,85.56999969482422,2.2260000705718994,0.26,1.98,0.29,1774293294.3008423,0.29
2011-10-13,1667.300048828125,31.632999420166016,76.98999786376953,1203.6600341796875,30.700000762939453,84.2300033569336,2.1689999103546143,0.27,1.92,0.29,1351618195.414734,0.29
2011-10-14,1681.800048828125,32.13999938964844,76.62000274658203,1224.5799560546875,28.239999771118164,86.80000305175781,2.2320001125335693,0.28,1.98,0.28,1591172800.5645752,0.28
2011-10-17,1675.5,31.791000366210938,77.13999938964844,1200.8599853515625,33.38999938964844,86.37999725341797,2.1549999713897705,0.24,1.94,0.28,1425478091.1987305,0.28
2011-10-18,1651.699951171875,31.801000595092773,77.12999725341797,1225.3800048828125,31.559999465942383,88.33999633789062,2.1510000228881836,0.22,1.97,0.28,2490847015.637207,0.28
2011-10-19,1646.0,31.25200080871582,77.11000061035156,1209.8800048828125,34.439998626708984,86.11000061035156,2.1589999198913574,0.23,1.95,0.28,1363483227.355957,0.28
2011-10-20,1611.9000244140625,30.266000747680664,76.97000122070312,1215.3900146484375,34.779998779296875,85.30000305175781,2.180000066757202,0.22,1.98,0.28,2740070549.2019653,0.28
2011-10-21,1635.0999755859375,31.17300033569336,76.30000305175781,1238.25,31.31999969482422,87.4000015258789,2.203000068664551,0.23,2.0,0.3,2127119496.9711304,0.3
2011-10-24,1651.5,31.6200008392334,76.0199966430664,1254.18994140625,29.260000228881836,91.2699966430664,2.2339999675750732,0.23,2.02,0.3,1642371839.578247,0.3
2011-10-25,1699.5999755859375,33.034000396728516,76.25,1229.050048828125,32.220001220703125,93.16999816894531,2.128000020980835,0.12,2.02,0.26,3664639090.95459,0.26
2011-10-26,1722.699951171875,33.29100036621094,76.19999694824219,1242.0,29.860000610351562,90.19999694824219,2.203000068664551,0.15,2.08,0.28,2865268515.5303955,0.28
2011-10-27,1746.699951171875,35.095001220703125,74.87000274658203,1284.5899658203125,25.459999084472656,93.95999908447266,2.3949999809265137,0.24,2.18,0.31,2691928443.4524536,0.31
2011-10-28,1746.199951171875,35.27000045776367,75.08999633789062,1285.0899658203125,24.530000686645508,93.31999969482422,2.305999994277954,0.19,2.15,0.28,1588135052.2827148,0.28
2011-10-31,1724.199951171875,34.33700180053711,76.16999816894531,1253.300048828125,29.959999084472656,93.19000244140625,2.174999952316284,0.08,2.09,0.25,1411881017.1020508,0.25
2011-11-01,1711.0,32.72200012207031,77.26000213623047,1218.280029296875,34.77000045776367,92.19000244140625,2.000999927520752,-0.04,2.05,0.23,2566839326.879883,0.23
2011-11-02,1728.699951171875,33.92900085449219,77.01000213623047,1237.9000244140625,32.7400016784668,92.51000213623047,2.00600004196167,-0.07,2.1,0.23,2456526294.5251465,0.23
2011-11-03,1764.199951171875,34.487998962402344,76.66999816894531,1261.1500244140625,30.5,94.06999969482422,2.065999984741211,0.0,2.09,0.24,3024057909.4970703,0.24
2011-11-04,1755.300048828125,34.06999969482422,76.91000366210938,1253.22998046875,30.15999984741211,94.26000213623047,2.049999952316284,-0.06,2.12,0.22,1889669407.5073242,0.22
2011-11-07,1790.300048828125,34.8120002746582,76.95999908447266,1261.1199951171875,29.850000381469727,95.5199966430664,1.99399995803833,-0.1,2.14,0.25,3522679775.9872437,0.25
2011-11-08,1798.4000244140625,35.137001037597656,76.66999816894531,1275.9200439453125,27.479999542236328,96.80000305175781,2.065000057220459,-0.03,2.13,0.25,2785885306.402588,0.25
2011-11-09,1790.9000244140625,34.347999572753906,77.93000030517578,1229.0999755859375,36.15999984741211,95.73999786376953,1.9550000429153442,-0.04,2.04,0.24,2118852863.1896973,0.24
2011-11-10,1758.9000244140625,34.095001220703125,77.63999938964844,1239.699951171875,32.810001373291016,97.77999877929688,2.055999994277954,-0.04,2.08,0.24,2027786510.7681274,0.24
2011-11-11,1787.5,34.67100143432617,76.94000244140625,1263.8499755859375,30.040000915527344,98.98999786376953,2.055999994277954,-0.04,2.08,0.24,1518166374.5925903,0.24
2011-11-14,1777.800048828125,34.01300048828125,77.55999755859375,1251.780029296875,31.1299991607666,98.13999938964844,2.0429999828338623,-0.01,2.05,0.24,1019524462.0361328,0.24
2011-11-15,1781.699951171875,34.448001861572266,77.87999725341797,1257.81005859375,31.219999313354492,99.37000274658203,2.056999921798706,0.04,2.02,0.26,1589347149.595642,0.26
2011-11-16,1773.800048828125,33.81399917602539,78.16000366210938,1236.9100341796875,33.5099983215332,102.58999633789062,2.0239999294281006,0.05,1.96,0.26,2588651800.090027,0.26
2011-11-17,1719.800048828125,31.493000030517578,78.29000091552734,1216.1300048828125,34.5099983215332,98.81999969482422,1.9579999446868896,0.06,1.9,0.27,4757153363.760376,0.27
2011-11-18,1724.699951171875,32.41299819946289,78.0199966430664,1215.6500244140625,32.0,97.41000366210938,2.01200008392334,0.05,1.96,0.29,2375661428.7963867,0.29
2011-11-21,1678.300048828125,31.113000869750977,78.30000305175781,1192.97998046875,32.90999984741211,96.91999816894531,1.9620000123977661,0.07,1.9,0.27,3602019450.0,0.27
2011-11-22,1702.199951171875,32.948001861572266,78.2300033569336,1188.0400390625,31.969999313354492,98.01000213623047,1.9390000104904175,0.05,1.89,0.26,1999325234.4726562,0.26
2011-11-23,1695.699951171875,31.881999969482422,79.0,1161.7900390625,33.97999954223633,96.16999816894531,1.878999948501587,-0.01,1.9,0.26,1892792360.0265503,0.26
2011-11-25,1685.5,31.011999130249023,79.61000061035156,1158.6700439453125,34.470001220703125,96.7699966430664,1.9670000076293945,0.05,1.92,0.28,996413162.7807617,0.28
2011-11-28,1710.800048828125,32.15999984741211,79.29000091552734,1192.550048828125,32.130001068115234,98.20999908447266,1.9579999446868896,0.02,1.95,0.26,2000226578.6132812,0.26
2011-11-29,1713.4000244140625,31.85300064086914,79.0,1195.18994140625,30.639999389648438,99.79000091552734,1.996000051498413,0.01,1.99,0.27,1535112476.916504,0.27
2011-11-30,1745.5,32.73099899291992,78.38999938964844,1246.9599609375,27.799999237060547,100.36000061035156,2.068000078201294,0.03,2.05,0.25,2011208865.7226562,0.25
2011-12-01,1735.300048828125,32.69499969482422,78.31999969482422,1244.5799560546875,27.40999984741211,100.19999694824219,2.117000102996826,0.06,2.05,0.27,1969455245.690918,0.27
2011-12-02,1747.0,32.62099838256836,78.62999725341797,1244.280029296875,27.520000457763672,100.95999908447266,2.0420000553131104,0.0,2.05,0.25,1432126085.7666016,0.25
2011-12-05,1730.699951171875,32.305999755859375,78.61000061035156,1257.0799560546875,27.84000015258789,100.98999786376953,2.053999900817871,-0.01,2.05,0.27,1714477919.0490723,0.27
2011-12-06,1727.9000244140625,32.672000885009766,78.51000213623047,1258.469970703125,28.1299991607666,101.27999877929688,2.0929999351501465,0.01,2.07,0.25,1746027865.9606934,0.25
2011-12-07,1740.9000244140625,32.55500030517578,78.4800033569336,1261.010009765625,28.670000076293945,100.48999786376953,2.0169999599456787,-0.01,2.03,0.24,1755204156.7596436,0.24
2011-12-08,1709.800048828125,31.466999053955078,78.80999755859375,1234.3499755859375,30.59000015258789,98.33999633789062,1.972000002861023,0.01,1.98,0.22,1947692259.8648071,0.22
2011-12-09,1712.800048828125,32.17300033569336,78.62999725341797,1255.18994140625,26.3799991607666,99.41000366210938,2.052000045776367,0.05,2.02,0.22,1390105549.0112305,0.22
2011-12-12,1664.199951171875,30.934999465942383,79.56999969482422,1236.469970703125,25.670000076293945,97.7699966430664,2.009000062942505,-0.01,2.04,0.24,2484829490.261841,0.24
2011-12-13,1659.9000244140625,31.19499969482422,80.25,1225.72998046875,25.40999984741211,100.13999938964844,1.9620000123977661,-0.05,2.01,0.24,3967651303.5827637,0.24
2011-12-14,1584.300048828125,28.881000518798828,80.52999877929688,1211.8199462890625,26.040000915527344,94.94999694824219,1.9010000228881836,-0.04,1.96,0.25,6472506390.161133,0.25
2011-12-15,1574.5999755859375,29.225000381469727,80.23999786376953,1215.75,25.110000610351562,93.87000274658203,1.9129999876022339,-0.01,1.93,0.26,3278431066.407776,0.26
2011-12-16,1595.5999755859375,29.614999771118164,80.25,1219.6600341796875,24.290000915527344,93.52999877929688,1.8539999723434448,-0.05,1.91,0.24,2813435011.564636,0.24
2011-12-19,1594.4000244140625,28.82200050354004,80.25,1205.3499755859375,24.920000076293945,93.87999725341797,1.812999963760376,-0.12,1.94,0.24,1943184802.734375,0.24
2011-12-20,1615.5999755859375,29.496000289916992,79.87999725341797,1241.300048828125,23.219999313354492,97.22000122070312,1.9249999523162842,-0.1,2.04,0.26,1434216334.9655151,0.26
2011-12-21,1611.9000244140625,29.197999954223633,80.0199966430664,1243.719970703125,21.43000030517578,98.66999816894531,1.9670000076293945,-0.07,2.05,0.28,1885307119.9310303,0.28
2011-12-22,1608.9000244140625,29.000999450683594,79.91999816894531,1254.0,21.15999984741211,99.52999877929688,1.9509999752044678,-0.07,2.04,0.28,1542985869.6105957,0.28
2011-12-23,1604.699951171875,29.04599952697754,80.01000213623047,1265.3299560546875,20.729999542236328,99.68000030517578,2.0299999713897705,-0.04,2.07,0.28,557260772.2961426,0.28
2011-12-27,1594.199951171875,28.69700050354004,79.79000091552734,1265.4300537109375,21.90999984741211,101.33999633789062,2.009000062942505,-0.02,2.04,0.3,761940344.0124512,0.3
2011-12-28,1562.9000244140625,27.191999435424805,80.48999786376953,1249.6400146484375,23.520000457763672,99.36000061035156,1.9079999923706055,-0.07,2.0,0.28,2482344162.9364014,0.28
2011-12-29,1539.9000244140625,27.27400016784668,80.4800033569336,1263.02001953125,22.649999618530273,99.6500015258789,1.8969999551773071,-0.05,1.96,0.28,2978566075.4455566,0.28
2011-12-30,1565.800048828125,27.875,80.16999816894531,1257.5999755859375,23.399999618530273,98.83000183105469,1.871000051498413,-0.07,1.96,0.25,1649501932.6156616,0.25
2012-01-03,1599.699951171875,29.533000946044922,79.61000061035156,1277.06005859375,22.969999313354492,102.95999908447266,1.9600000381469727,-0.04,2.01,0.27,2087113911.4898682,0.27
2012-01-04,1611.9000244140625,29.062999725341797,80.08999633789062,1277.300048828125,22.219999313354492,103.22000122070312,1.9950000047683716,-0.08,2.08,0.25,1809953564.5431519,0.25
2012-01-05,1619.4000244140625,29.264999389648438,80.94000244140625,1281.06005859375,21.479999542236328,101.80999755859375,1.9930000305175781,-0.1,2.12,0.27,1833656033.8134766,0.27
2012-01-06,1616.0999755859375,28.652999877929688,81.23999786376953,1277.81005859375,20.6299991607666,101.55999755859375,1.9609999656677246,-0.11,2.09,0.25,1539066570.1217651,0.25
2012-01-09,1607.5,28.749000549316406,81.05000305175781,1280.699951171875,21.06999969482422,101.30999755859375,1.9600000381469727,-0.13,2.11,0.26,1372802350.0,0.26
2012-01-10,1631.0,29.783000946044922,80.80000305175781,1292.0799560546875,20.690000534057617,102.23999786376953,1.972000002861023,-0.08,2.08,0.24,1328038890.890503,0.24
2012-01-11,1639.199951171875,29.857999801635742,81.3499984741211,1292.47998046875,21.049999237060547,100.87000274658203,1.9040000438690186,-0.1,2.03,0.24,1272330380.4092407,0.24
2012-01-12,1647.300048828125,30.091999053955078,80.7699966430664,1295.5,20.469999313354492,99.0999984741211,1.9329999685287476,-0.1,2.04,0.22,1379668992.0043945,0.22
2012-01-13,1630.4000244140625,29.493000030517578,81.43000030517578,1289.0899658203125,20.90999984741211,98.69999694824219,1.8530000448226929,-0.14,2.03,0.24,1419054329.0542603,0.24
2012-01-17,1655.199951171875,30.106000900268555,81.18000030517578,1293.6700439453125,22.200000762939453,100.70999908447266,1.850000023841858,-0.17,2.04,0.21,1334284650.0,0.21
2012-01-18,1659.5,30.513999938964844,80.5999984741211,1308.0400390625,20.889999389648438,100.58999633789062,1.8969999551773071,-0.15,2.07,0.24,1509537977.0141602,0.24
2012-01-19,1654.0999755859375,30.48200035095215,80.20999908447266,1314.5,19.8700008392334,100.38999938964844,1.972000002861023,0.0,2.01,0.26,1308171333.9050293,0.26
2012-01-20,1663.699951171875,31.64699935913086,80.22000122070312,1315.3800048828125,18.280000686645508,98.45999908447266,2.0280001163482666,0.01,2.04,0.26,1882718654.083252,0.26
2012-01-23,1678.0,32.233001708984375,79.69000244140625,1316.0,18.670000076293945,99.58000183105469,2.066999912261963,0.02,2.07,0.26,1441045468.3441162,0.26
2012-01-24,1664.199951171875,31.930999755859375,79.86000061035156,1314.6500244140625,18.90999984741211,98.94999694824219,2.063999891281128,-0.01,2.09,0.24,1215415179.789734,0.24
2012-01-25,1699.800048828125,33.09199905395508,79.56999969482422,1326.06005859375,18.309999465942383,99.4000015258789,2.006999969482422,-0.12,2.13,0.22,4819140380.976868,0.22
2012-01-26,1726.300048828125,33.70199966430664,79.41000366210938,1318.4300537109375,18.56999969482422,99.69999694824219,1.930999994277954,-0.16,2.12,0.22,3202183507.7911377,0.22
2012-01-27,1731.800048828125,33.74700164794922,78.9000015258789,1316.3299560546875,18.530000686645508,99.55999755859375,1.8980000019073486,-0.18,2.11,0.22,2201696012.905884,0.22
2012-01-30,1731.0,33.49700164794922,79.16000366210938,1313.010009765625,19.399999618530273,98.77999877929688,1.8370000123977661,-0.24,2.11,0.22,1417837129.699707,0.22
2012-01-31,1737.800048828125,33.233001708984375,79.27999877929688,1312.4100341796875,19.440000534057617,98.4800033569336,1.7990000247955322,-0.28,2.11,0.22,1895002147.6745605,0.22
2012-02-01,1747.0999755859375,33.77799987792969,78.91999816894531,1324.0899658203125,18.549999237060547,97.61000061035156,1.8459999561309814,-0.28,2.15,0.23,1311410933.1176758,0.23
2012-02-02,1756.800048828125,34.1510009765625,78.97000122070312,1325.5400390625,17.979999542236328,96.36000061035156,1.8250000476837158,-0.3,2.16,0.23,1968717115.1245117,0.23
2012-02-03,1737.9000244140625,33.724998474121094,78.94000244140625,1344.9000244140625,17.100000381469727,97.83999633789062,1.9490000009536743,-0.21,2.18,0.23,3915282477.745056,0.23
2012-02-06,1722.800048828125,33.72200012207031,79.08999633789062,1344.3299560546875,17.760000228881836,96.91000366210938,1.9010000228881836,-0.26,2.19,0.24,1472421067.4926758,0.24
2012-02-07,1746.4000244140625,34.165000915527344,78.56999969482422,1347.050048828125,17.649999618530273,98.41000366210938,1.965999960899353,-0.21,2.21,0.25,1970946674.5559692,0.25
2012-02-08,1729.300048828125,33.67300033569336,78.63999938964844,1349.9599609375,18.15999984741211,98.70999908447266,1.975000023841858,-0.21,2.22,0.27,1795451750.0,0.27
2012-02-09,1739.0,33.88399887084961,78.55999755859375,1351.949951171875,18.6299991607666,99.83999633789062,2.046999931335449,-0.17,2.21,0.27,2702635372.7233887,0.27
2012-02-10,1723.300048828125,33.57600021362305,79.11000061035156,1342.6400146484375,20.790000915527344,98.66999816894531,1.968999981880188,-0.24,2.2,0.27,1726021345.6970215,0.27
2012-02-13,1723.0,33.69599914550781,78.94000244140625,1351.77001953125,19.040000915527344,100.91000366210938,1.9900000095367432,-0.22,2.21,0.29,1187461600.0595093,0.29
2012-02-14,1715.9000244140625,33.32600021362305,79.58000183105469,1350.5,19.540000915527344,100.73999786376953,1.9240000247955322,-0.27,2.19,0.29,1313980961.6088867,0.29
2012-02-15,1726.300048828125,33.38600158691406,79.66999816894531,1343.22998046875,21.139999389648438,101.80000305175781,1.930999994277954,-0.26,2.19,0.29,1956548242.1035767,0.29
2012-02-16,1726.800048828125,33.354000091552734,79.33999633789062,1358.0400390625,19.219999313354492,102.30999755859375,1.9930000305175781,-0.24,2.23,0.29,1803312000.0,0.29
2012-02-17,1724.5,33.20000076293945,79.33000183105469,1361.22998046875,17.780000686645508,103.23999786376953,2.009999990463257,-0.23,2.24,0.29,1219462759.475708,0.29
2012-02-21,1757.0999755859375,34.41299819946289,79.04000091552734,1362.2099609375,18.190000534057617,105.83999633789062,2.0450000762939453,-0.22,2.27,0.31,2327787482.1533203,0.31
2012-02-22,1770.0,34.23899841308594,79.20999908447266,1357.6600341796875,18.190000534057617,106.27999877929688,2.005000114440918,-0.27,2.28,0.29,2884033950.7141113,0.29
2012-02-23,1784.9000244140625,35.54399871826172,78.80999755859375,1363.4599609375,16.799999237060547,107.83000183105469,1.9839999675750732,-0.3,2.29,0.31,2016409733.7921143,0.31
2012-02-24,1775.0999755859375,35.332000732421875,78.3499984741211,1365.739990234375,17.309999465942383,109.7699966430664,1.9769999980926514,-0.29,2.27,0.31,1600653911.2930298,0.31
2012-02-27,1773.5999755859375,35.51599884033203,78.55999755859375,1367.5899658203125,18.190000534057617,108.55999755859375,1.9220000505447388,-0.32,2.24,0.3,1260432507.597351,0.3
2012-02-28,1787.0,37.13999938964844,78.2699966430664,1372.1800537109375,17.959999084472656,106.55000305175781,1.9290000200271606,-0.31,2.25,0.3,2153531438.1866455,0.3
2012-02-29,1709.9000244140625,34.58300018310547,78.7300033569336,1365.6800537109375,18.43000030517578,107.06999969482422,1.9769999980926514,-0.28,2.26,0.3,7253238913.589478,0.3
2012-03-01,1721.0999755859375,35.611000061035156,78.77999877929688,1374.0899658203125,17.260000228881836,108.83999633789062,2.0369999408721924,-0.23,2.26,0.3,3199028638.7191772,0.3
2012-03-02,1708.800048828125,34.48099899291992,79.4000015258789,1369.6300048828125,17.290000915527344,106.69999694824219,1.9859999418258667,-0.24,2.23,0.28,1546645919.9493408,0.28
2012-03-05,1703.0,33.6510009765625,79.31999969482422,1364.3299560546875,18.049999237060547,106.72000122070312,2.005000114440918,-0.2,2.2,0.31,1999627336.3220215,0.31
2012-03-06,1671.4000244140625,32.74100112915039,79.86000061035156,1343.3599853515625,20.8700008392334,104.69999694824219,1.944000005722046,-0.21,2.17,0.3,2527251592.5964355,0.3
2012-03-07,1683.300048828125,33.542999267578125,79.70999908447266,1352.6300048828125,19.06999969482422,106.16000366210938,1.972000002861023,-0.22,2.2,0.3,1563206525.6469727,0.3
2012-03-08,1698.0999755859375,33.78900146484375,79.16000366210938,1365.9100341796875,17.950000762939453,106.58000183105469,2.0139999389648438,-0.21,2.24,0.32,1464083285.1867676,0.32
2012-03-09,1710.9000244140625,34.17499923706055,80.04000091552734,1370.8699951171875,17.110000610351562,107.4000015258789,2.0380001068115234,-0.24,2.28,0.33,2279106582.885742,0.33
2012-03-12,1699.199951171875,33.374000549316406,79.87000274658203,1371.0899658203125,15.640000343322754,106.33999633789062,2.0309998989105225,-0.24,2.28,0.33,1076883713.7817383,0.33
2012-03-13,1693.699951171875,33.54399871826172,80.19000244140625,1395.949951171875,14.800000190734863,106.70999908447266,2.1070001125335693,-0.2,2.34,0.35,3253628161.178589,0.35
2012-03-14,1642.5,32.14699935913086,80.55999755859375,1394.280029296875,15.3100004196167,105.43000030517578,2.2739999294281006,-0.07,2.36,0.4,4599142708.099365,0.4
2012-03-15,1659.0999755859375,32.69300079345703,80.1500015258789,1402.5999755859375,15.420000076293945,105.11000061035156,2.2809998989105225,-0.08,2.37,0.37,2043992467.2348022,0.37
2012-03-16,1655.5,32.573001861572266,79.77999877929688,1404.1700439453125,14.470000267028809,107.05999755859375,2.2980000972747803,-0.09,2.4,0.37,2024185998.2971191,0.37
2012-03-19,1666.9000244140625,32.92599868774414,79.44999694824219,1409.75,15.039999961853027,108.08999633789062,2.378999948501587,-0.03,2.42,0.39,1603102035.6689453,0.39
2012-03-20,1646.699951171875,31.80500030517578,79.58999633789062,1405.52001953125,15.579999923706055,105.61000061035156,2.371999979019165,-0.04,2.42,0.41,1864505737.854004,0.41
2012-03-21,1650.0,32.19900131225586,79.62999725341797,1402.8900146484375,15.130000114440918,107.2699966430664,2.2939999103546143,-0.08,2.39,0.39,1069033311.7996216,0.39
2012-03-22,1642.300048828125,31.319000244140625,79.73999786376953,1392.780029296875,15.569999694824219,105.3499984741211,2.2750000953674316,-0.08,2.37,0.37,1772455770.3552246,0.37
2012-03-23,1662.300048828125,32.24800109863281,79.33999633789062,1397.1099853515625,14.819999694824219,106.87000274658203,2.236999988555908,-0.11,2.36,0.37,1726594156.9519043,0.37
2012-03-26,1685.5,32.72600173950195,78.93000030517578,1416.510009765625,14.260000228881836,107.02999877929688,2.24399995803833,-0.08,2.34,0.36,2174469399.27063,0.36
2012-03-27,1684.800048828125,32.60100173950195,79.04000091552734,1412.52001953125,15.59000015258789,107.33000183105469,2.187000036239624,-0.13,2.33,0.33,1780736247.9232788,0.33
2012-03-28,1657.9000244140625,31.81599998474121,79.16000366210938,1405.5400390625,15.470000267028809,105.41000366210938,2.196000099182129,-0.11,2.32,0.34,1777934321.5301514,0.34
2012-03-29,1652.199951171875,31.97800064086914,79.18000030517578,1403.280029296875,15.479999542236328,102.77999877929688,2.1589999198913574,-0.13,2.31,0.33,1778418418.5394287,0.33
2012-03-30,1669.300048828125,32.46900177001953,78.93000030517578,1408.469970703125,15.5,103.0199966430664,2.2160000801086426,-0.09,2.32,0.33,1221412043.2128906,0.33
2012-04-02,1677.5,33.08300018310547,78.81999969482422,1419.0400390625,15.640000343322754,105.2300033569336,2.193000078201294,-0.14,2.36,0.33,1228844616.4123535,0.33
2012-04-03,1670.0,33.25,79.4800033569336,1413.3800048828125,15.65999984741211,104.01000213623047,2.2839999198913574,-0.06,2.36,0.36,2689717536.732483,0.36
2012-04-04,1612.300048828125,31.02899932861328,79.76000213623047,1398.9599609375,16.440000534057617,101.47000122070312,2.243000030517578,-0.05,2.3,0.35,2511524183.2580566,0.35
2012-04-05,1628.5,31.715999603271484,80.06999969482422,1398.0799560546875,16.700000762939453,103.30999755859375,2.174999952316284,-0.08,2.27,0.35,1419676565.1062012,0.35
2012-04-09,1642.5,31.51300048828125,79.7300033569336,1382.199951171875,18.809999465942383,102.45999908447266,2.0369999408721924,-0.17,2.23,0.32,1314133105.7373047,0.32
2012-04-10,1659.5,31.670000076293945,79.88999938964844,1358.5899658203125,20.389999389648438,101.0199966430664,1.9880000352859497,-0.24,2.25,0.28,2301877437.210083,0.28
2012-04-11,1659.0,31.51099967956543,79.77999877929688,1368.7099609375,20.020000457763672,102.69999694824219,2.0280001163482666,-0.25,2.3,0.3,1611569851.2817383,0.3
2012-04-12,1679.5,32.51499938964844,79.27999877929688,1387.5699462890625,17.200000762939453,103.63999938964844,2.0490000247955322,-0.22,2.3,0.29,1501704701.8325806,0.29
2012-04-13,1659.0999755859375,31.3799991607666,79.87999725341797,1370.260009765625,19.549999237060547,102.83000183105469,1.9980000257492065,-0.25,2.27,0.27,1615094911.2854004,0.27
2012-04-16,1648.699951171875,31.36400032043457,79.55000305175781,1369.5699462890625,19.549999237060547,102.93000030517578,1.9739999771118164,-0.26,2.26,0.27,1070348474.7848511,0.27
2012-04-17,1650.300048828125,31.665000915527344,79.47000122070312,1390.780029296875,18.459999084472656,104.19999694824219,2.009000062942505,-0.26,2.29,0.27,1215832775.0,0.27
2012-04-18,1638.800048828125,31.47800064086914,79.52999877929688,1385.1400146484375,18.639999389648438,102.66999816894531,1.9819999933242798,-0.26,2.26,0.27,1188930511.7797852,0.27
2012-04-19,1640.5999755859375,31.770999908447266,79.55999755859375,1376.9200439453125,18.360000610351562,102.2699966430664,1.9520000219345093,-0.21,2.19,0.27,1580652719.3847656,0.27
2012-04-20,1642.0999755859375,31.643999099731445,79.18000030517578,1378.530029296875,17.440000534057617,103.05000305175781,1.9700000286102295,-0.24,2.23,0.29,1459599490.5761719,0.29
2012-04-23,1631.9000244140625,30.524999618530273,79.41999816894531,1366.93994140625,18.969999313354492,103.11000061035156,1.9329999685287476,-0.26,2.22,0.27,1412032641.015625,0.27
2012-04-24,1643.0,30.739999771118164,79.22000122070312,1371.969970703125,18.100000381469727,103.55000305175781,1.9609999656677246,-0.25,2.25,0.27,828455595.8709717,0.27
2012-04-25,1641.4000244140625,30.35099983215332,79.01000213623047,1390.68994140625,16.81999969482422,104.12000274658203,1.9839999675750732,-0.24,2.25,0.26,2409256320.300293,0.26
2012-04-26,1659.5999755859375,31.202999114990234,78.91000366210938,1399.97998046875,16.239999771118164,104.55000305175781,1.9589999914169312,-0.29,2.27,0.26,1758238247.6715088,0.26
2012-04-27,1664.0,31.347000122070312,78.69999694824219,1403.3599853515625,16.31999969482422,104.93000030517578,1.9329999685287476,-0.3,2.26,0.26,1437347151.4892578,0.26
2012-04-30,1663.4000244140625,30.958999633789062,78.79000091552734,1397.9100341796875,17.149999618530273,104.87000274658203,1.9149999618530273,-0.3,2.25,0.27,1296221763.0981445,0.27
2012-05-01,1661.699951171875,30.87700080871582,78.86000061035156,1405.8199462890625,16.600000381469727,106.16000366210938,1.9559999704360962,-0.28,2.26,0.27,1196155590.3076172,0.27
2012-05-02,1653.4000244140625,30.591999053955078,79.12999725341797,1402.31005859375,16.8799991607666,105.22000122070312,1.9220000505447388,-0.28,2.24,0.27,904491036.3739014,0.27
2012-05-03,1634.199951171875,29.958999633789062,79.22000122070312,1391.5699462890625,17.559999465942383,102.54000091552734,1.9240000247955322,-0.27,2.23,0.28,2093952856.0791016,0.28
2012-05-04,1644.699951171875,30.3799991607666,79.47000122070312,1369.0999755859375,19.15999984741211,98.48999786376953,1.8799999952316284,-0.3,2.21,0.27,1816299525.9033203,0.27
2012-05-07,1638.5999755859375,30.07200050354004,79.5999984741211,1369.5799560546875,18.940000534057617,97.94000244140625,1.8769999742507935,-0.27,2.19,0.27,783914433.0230713,0.27
2012-05-08,1604.0,29.413999557495117,79.7300033569336,1363.719970703125,19.049999237060547,97.01000213623047,1.8370000123977661,-0.28,2.16,0.27,2784958800.0,0.27
2012-05-09,1593.699951171875,29.19700050354004,80.08000183105469,1354.5799560546875,20.079999923706055,96.80999755859375,1.8350000381469727,-0.27,2.14,0.27,2141572096.9238281,0.27
2012-05-10,1595.0999755859375,29.13599967956543,80.11000061035156,1357.989990234375,18.829999923706055,97.08000183105469,1.8839999437332153,-0.25,2.14,0.27,1154599708.8729858,0.27
2012-05-11,1583.5999755859375,28.857999801635742,80.27999877929688,1353.3900146484375,19.889999389648438,96.12999725341797,1.840999960899353,-0.28,2.12,0.27,1272336715.7714844,0.27
2012-05-14,1560.5999755859375,28.319000244140625,80.5999984741211,1338.3499755859375,21.8700008392334,94.77999877929688,1.7879999876022339,-0.33,2.11,0.29,2026036330.5145264,0.29
2012-05-15,1556.800048828125,28.054000854492188,81.22000122070312,1330.6600341796875,21.969999313354492,93.9800033569336,1.7769999504089355,-0.36,2.12,0.29,1999702903.3584595,0.29
2012-05-16,1536.199951171875,27.170000076293945,81.37000274658203,1324.800048828125,22.270000457763672,92.80999755859375,1.7649999856948853,-0.33,2.09,0.3,2503559734.461975,0.3
2012-05-17,1574.5,27.996000289916992,81.37999725341797,1304.8599853515625,24.489999771118164,92.55999755859375,1.7020000219345093,-0.35,2.05,0.32,2762731015.1779175,0.32
2012-05-18,1591.5999755859375,28.694000244140625,81.29000091552734,1295.219970703125,25.100000381469727,91.4800033569336,1.7020000219345093,-0.39,2.1,0.32,2008253649.6551514,0.32
2012-05-21,1588.4000244140625,28.304000854492188,81.08000183105469,1315.989990234375,22.010000228881836,92.56999969482422,1.7350000143051147,-0.41,2.16,0.3,1166432113.9648438,0.3
2012-05-22,1576.300048828125,28.165000915527344,81.66999816894531,1316.6300048828125,22.479999542236328,91.66000366210938,1.7929999828338623,-0.38,2.17,0.3,1718914636.6958618,0.3
2012-05-23,1548.0999755859375,27.507999420166016,82.08999633789062,1318.8599853515625,22.329999923706055,89.9000015258789,1.7209999561309814,-0.41,2.14,0.28,2858719197.9370117,0.28
2012-05-24,1557.300048828125,28.142000198364258,82.29000091552734,1320.6800537109375,21.540000915527344,90.66000366210938,1.7589999437332153,-0.37,2.14,0.29,1468237946.5118408,0.29
2012-05-25,1568.800048828125,28.3700008392334,82.4000015258789,1317.8199462890625,21.760000228881836,90.86000061035156,1.7450000047683716,-0.38,2.13,0.3,948585526.4953613,0.3
2012-05-29,1548.5999755859375,27.767000198364258,82.44000244140625,1332.4200439453125,21.030000686645508,90.76000213623047,1.7309999465942383,-0.37,2.11,0.3,1697933010.0357056,0.3
2012-05-30,1563.4000244140625,27.961999893188477,83.01000213623047,1313.3199462890625,24.139999389648438,87.81999969482422,1.625,-0.45,2.08,0.27,2546740829.3945312,0.27
2012-05-31,1562.5999755859375,27.740999221801758,83.04000091552734,1310.3299560546875,24.059999465942383,86.52999877929688,1.5809999704360962,-0.5,2.09,0.27,1533530116.6137695,0.27
2012-06-01,1620.5,28.496999740600586,82.88999938964844,1278.0400390625,26.65999984741211,83.2300033569336,1.4670000076293945,-0.59,2.06,0.25,4315405500.0,0.25
2012-06-04,1612.199951171875,27.992000579833984,82.55000305175781,1278.1800537109375,26.1200008392334,83.9800033569336,1.5269999504089355,-0.56,2.09,0.25,1803217655.9509277,0.25
2012-06-05,1615.199951171875,28.389999389648438,82.80000305175781,1285.5,24.68000030517578,84.29000091552734,1.555999994277954,-0.56,2.13,0.25,1272095437.059021,0.25
2012-06-06,1632.800048828125,29.47599983215332,82.31999969482422,1315.1300048828125,22.15999984741211,85.0199966430664,1.6510000228881836,-0.5,2.16,0.26,2479453341.8884277,0.26
2012-06-07,1586.5999755859375,28.518999099731445,82.05000305175781,1314.989990234375,21.719999313354492,84.81999969482422,1.6540000438690186,-0.49,2.15,0.27,2923387200.0,0.27
2012-06-08,1590.0999755859375,28.461000442504883,82.51000213623047,1325.6600341796875,21.229999542236328,84.0999984741211,1.6369999647140503,-0.5,2.15,0.28,1713603756.6833496,0.28
2012-06-11,1595.5,28.606000900268555,82.51000213623047,1308.9300537109375,23.559999465942383,82.69999694824219,1.600000023841858,-0.53,2.13,0.27,1424122981.5948486,0.27
2012-06-12,1612.699951171875,28.94300079345703,82.41000366210938,1324.1800537109375,22.09000015258789,83.31999969482422,1.6610000133514404,-0.48,2.15,0.3,2071702594.8989868,0.3
2012-06-13,1618.0999755859375,28.934999465942383,82.05000305175781,1314.8800048828125,24.270000457763672,82.62000274658203,1.5989999771118164,-0.51,2.12,0.3,1588451726.6357422,0.3
2012-06-14,1618.4000244140625,28.400999069213867,81.9000015258789,1329.0999755859375,21.68000030517578,83.91000366210938,1.6109999418258667,-0.47,2.11,0.3,1814503600.0,0.3
2012-06-15,1627.0,28.733999252319336,81.58999633789062,1342.8399658203125,21.110000610351562,84.02999877929688,1.5870000123977661,-0.54,2.14,0.29,2067593464.0289307,0.29
2012-06-18,1625.699951171875,28.665000915527344,81.94000244140625,1344.780029296875,18.31999969482422,83.2699966430664,1.5839999914169312,-0.54,2.13,0.29,1063342640.6860352,0.29
2012-06-19,1622.199951171875,28.36199951171875,81.37000274658203,1357.97998046875,18.3799991607666,84.02999877929688,1.6200000047683716,-0.53,2.17,0.3,1091617669.4366455,0.3
2012-06-20,1614.800048828125,28.382999420166016,81.48999786376953,1355.68994140625,17.239999771118164,81.80000305175781,1.6419999599456787,-0.51,2.16,0.32,2646842114.715576,0.32
2012-06-21,1564.5,26.83300018310547,82.31999969482422,1325.510009765625,20.079999923706055,78.19999694824219,1.6180000305175781,-0.47,2.1,0.32,2196309011.7263794,0.32
2012-06-22,1566.0,26.656999588012695,82.22000122070312,1335.02001953125,18.110000610351562,79.76000213623047,1.6720000505447388,-0.42,2.11,0.31,1031113723.8769531,0.31
2012-06-25,1587.5,27.51799964904785,82.45999908447266,1313.719970703125,20.3799991607666,79.20999908447266,1.6080000400543213,-0.47,2.1,0.31,950790302.0324707,0.31
2012-06-26,1574.0,27.03700065612793,82.37000274658203,1319.989990234375,19.719999313354492,79.36000061035156,1.628000020980835,-0.45,2.11,0.31,934553278.1005859,0.31
2012-06-27,1577.5,26.94099998474121,82.55999755859375,1331.8499755859375,19.450000762939453,80.20999908447266,1.621000051498413,-0.45,2.1,0.31,739804189.8635864,0.31
2012-06-28,1549.699951171875,26.246999740600586,82.66999816894531,1329.0400390625,19.709999084472656,77.69000244140625,1.5770000219345093,-0.48,2.08,0.31,1322533406.7199707,0.31
2012-06-29,1603.5,27.579999923706055,81.6500015258789,1362.1600341796875,17.079999923706055,84.95999908447266,1.659000039100647,-0.46,2.13,0.33,1610592883.3374023,0.33
2012-07-02,1597.199951171875,27.468000411987305,81.87000274658203,1365.510009765625,16.799999237060547,83.75,1.5800000429153442,-0.5,2.11,0.3,566729864.6179199,0.3
2012-07-03,1621.300048828125,28.243000030517578,81.77999877929688,1374.02001953125,16.65999984741211,87.66000366210938,1.63100004196167,-0.48,2.13,0.3,793236275.8224487,0.3
2012-07-05,1608.9000244140625,27.63800048828125,82.80999755859375,1367.5799560546875,17.5,87.22000122070312,1.597000002861023,-0.51,2.13,0.28,834429192.7429199,0.28
2012-07-06,1578.4000244140625,26.888999938964844,83.29000091552734,1354.6800537109375,17.100000381469727,84.44999694824219,1.5440000295639038,-0.53,2.1,0.27,1082994594.303894,0.27
2012-07-09,1588.5999755859375,27.410999298095703,83.16000366210938,1352.4599609375,17.979999542236328,85.98999786376953,1.5130000114440918,-0.57,2.1,0.27,688327709.9990845,0.27
2012-07-10,1579.300048828125,26.85099983215332,83.36000061035156,1341.469970703125,18.719999313354492,83.91000366210938,1.4980000257492065,-0.59,2.12,0.27,1483142925.50354,0.27
2012-07-11,1575.199951171875,26.9950008392334,83.56999969482422,1341.449951171875,17.950000762939453,85.80999755859375,1.4980000257492065,-0.57,2.11,0.27,1046222152.5650024,0.27
2012-07-12,1564.9000244140625,27.13599967956543,83.6500015258789,1334.760009765625,18.329999923706055,86.08000183105469,1.4789999723434448,-0.58,2.08,0.25,1738732490.270996,0.25
2012-07-13,1591.5999755859375,27.3439998626709,83.30000305175781,1356.780029296875,16.739999771118164,87.0999984741211,1.4989999532699585,-0.59,2.11,0.25,783077438.899231,0.25
2012-07-16,1591.199951171875,27.297000885009766,83.08999633789062,1353.6400146484375,17.110000610351562,88.43000030517578,1.4639999866485596,-0.61,2.11,0.24,880677927.3422241,0.24
2012-07-17,1589.0999755859375,27.29199981689453,83.02999877929688,1363.6700439453125,16.479999542236328,89.22000122070312,1.5010000467300415,-0.59,2.12,0.25,1998455661.895752,0.25
2012-07-18,1570.4000244140625,27.070999145507812,82.94999694824219,1372.780029296875,16.15999984741211,89.87000274658203,1.4789999723434448,-0.6,2.12,0.22,1041903200.7751465,0.22
2012-07-19,1580.0999755859375,27.194000244140625,82.9000015258789,1376.510009765625,15.449999809265137,92.66000366210938,1.5149999856948853,-0.62,2.16,0.22,931016629.6386719,0.22
2012-07-20,1582.5,27.27899932861328,83.47000122070312,1362.6600341796875,16.270000457763672,91.44000244140625,1.4600000381469727,-0.67,2.16,0.22,1319072530.2825928,0.22
2012-07-23,1577.0999755859375,27.018999099731445,83.70999908447266,1350.52001953125,18.6200008392334,88.13999938964844,1.434999942779541,-0.68,2.15,0.22,804432794.5831299,0.22
2012-07-24,1576.0,26.790000915527344,84.01000213623047,1338.31005859375,20.469999313354492,88.5,1.4040000438690186,-0.68,2.12,0.22,1003851955.9371948,0.22
2012-07-25,1608.0,27.44499969482422,83.5199966430664,1337.8900146484375,19.34000015258789,88.97000122070312,1.406000018119812,-0.67,2.1,0.22,1456432935.8688354,0.22
2012-07-26,1615.0,27.430999755859375,82.80999755859375,1360.02001953125,17.530000686645508,89.38999938964844,1.4279999732971191,-0.66,2.11,0.23,1151240526.374817,0.23
2012-07-27,1617.9000244140625,27.47800064086914,82.70999908447266,1385.969970703125,16.700000762939453,90.12999725341797,1.5549999475479126,-0.61,2.19,0.25,1539575338.3880615,0.25
2012-07-30,1619.699951171875,28.013999938964844,82.79000091552734,1385.300048828125,18.030000686645508,89.77999877929688,1.503999948501587,-0.64,2.17,0.23,1135400850.177002,0.23
2012-07-31,1610.5,27.895000457763672,82.63999938964844,1379.3199462890625,18.93000030517578,88.05999755859375,1.4919999837875366,-0.69,2.2,0.23,1708823912.9837036,0.23
2012-08-01,1603.699951171875,27.517000198364258,83.05999755859375,1375.3199462890625,18.959999084472656,88.91000366210938,1.5390000343322754,-0.67,2.23,0.24,1972527522.239685,0.24
2012-08-02,1587.4000244140625,26.981000900268555,83.33000183105469,1365.0,17.56999969482422,87.12999725341797,1.4780000448226929,-0.69,2.2,0.24,1778475300.3417969,0.24
2012-08-03,1606.0,27.790000915527344,82.37999725341797,1390.989990234375,15.640000343322754,91.4000015258789,1.5770000219345093,-0.66,2.26,0.24,1659827417.564392,0.24
2012-08-06,1612.9000244140625,27.851999282836914,82.2699966430664,1394.22998046875,15.949999809265137,92.19999694824219,1.5579999685287476,-0.68,2.27,0.24,720668054.0710449,0.24
2012-08-07,1609.699951171875,28.075000762939453,82.20999908447266,1401.3499755859375,15.989999771118164,93.66999816894531,1.628000020980835,-0.65,2.31,0.27,925693316.7694092,0.27
2012-08-08,1612.9000244140625,28.066999435424805,82.38999938964844,1402.219970703125,15.319999694824219,93.3499984741211,1.6399999856948853,-0.61,2.29,0.29,566535824.5315552,0.29
2012-08-09,1617.0999755859375,28.09000015258789,82.63999938964844,1402.800048828125,15.279999732971191,93.36000061035156,1.687999963760376,-0.58,2.27,0.29,498882839.45617676,0.29
2012-08-10,1619.699951171875,28.05500030517578,82.55000305175781,1405.8699951171875,14.739999771118164,92.87000274658203,1.6490000486373901,-0.6,2.25,0.27,724285406.25,0.27
2012-08-13,1609.5999755859375,27.760000228881836,82.44000244140625,1404.1099853515625,13.699999809265137,92.7300033569336,1.6540000438690186,-0.58,2.23,0.27,713389092.1218872,0.27
2012-08-14,1599.4000244140625,27.756000518798828,82.4800033569336,1403.9300537109375,14.850000381469727,93.43000030517578,1.7259999513626099,-0.53,2.26,0.27,787315800.78125,0.27
2012-08-15,1603.699951171875,27.80500030517578,82.6500015258789,1405.530029296875,14.630000114440918,94.33000183105469,1.8049999475479126,-0.45,2.25,0.27,777200681.3842773,0.27
2012-08-16,1616.0999755859375,28.204999923706055,82.36000061035156,1415.510009765625,14.289999961853027,95.5999984741211,1.8359999656677246,-0.42,2.25,0.29,1383724226.4221191,0.29
2012-08-17,1616.300048828125,27.9950008392334,82.5999984741211,1418.1600341796875,13.449999809265137,96.01000213623047,1.815999984741211,-0.43,2.24,0.29,1224312321.536255,0.29
2012-08-20,1620.0999755859375,28.586000442504883,82.45999908447266,1418.1300048828125,14.020000457763672,95.97000122070312,1.8140000104904175,-0.43,2.25,0.29,1233893368.8995361,0.29
2012-08-21,1639.9000244140625,29.42099952697754,81.91000366210938,1413.1700439453125,15.020000457763672,96.68000030517578,1.8049999475479126,-0.45,2.25,0.31,1879451294.6670532,0.31
2012-08-22,1637.4000244140625,29.548999786376953,81.48999786376953,1413.489990234375,15.109999656677246,97.26000213623047,1.718999981880188,-0.55,2.26,0.26,2184291094.6517944,0.26
2012-08-23,1669.5999755859375,30.44700050354004,81.36000061035156,1402.0799560546875,15.960000038146973,96.2699966430664,1.6660000085830688,-0.62,2.3,0.26,2790595053.479004,0.26
2012-08-24,1669.800048828125,30.606000900268555,81.58999633789062,1411.1300048828125,15.180000305175781,96.1500015258789,1.6779999732971191,-0.6,2.28,0.28,1376291494.3725586,0.28
2012-08-27,1672.4000244140625,31.038999557495117,81.66000366210938,1410.43994140625,16.350000381469727,95.47000122070312,1.6490000486373901,-0.64,2.29,0.28,868149075.2838135,0.28
2012-08-28,1666.5,30.868999481201172,81.37000274658203,1409.300048828125,16.489999771118164,96.33000183105469,1.6299999952316284,-0.68,2.32,0.27,820193684.9029541,0.27
2012-08-29,1659.800048828125,30.83099937438965,81.55000305175781,1410.489990234375,17.059999465942383,95.48999786376953,1.6540000438690186,-0.64,2.3,0.27,1491511708.9874268,0.27
2012-08-30,1653.5,30.367000579833984,81.68000030517578,1399.47998046875,17.829999923706055,94.62000274658203,1.6200000047683716,-0.63,2.26,0.27,933215148.8388062,0.27
2012-08-31,1684.5999755859375,31.3700008392334,81.25,1406.5799560546875,17.469999313354492,96.47000122070312,1.562000036239624,-0.68,2.25,0.22,2959934146.0021973,0.22
2012-09-04,1692.9000244140625,32.347999572753906,81.31999969482422,1404.93994140625,17.979999542236328,95.30000305175781,1.5809999704360962,-0.68,2.27,0.23,1979483852.581787,0.23
2012-09-05,1690.800048828125,32.27199935913086,81.23999786376953,1403.43994140625,17.739999771118164,95.36000061035156,1.593999981880188,-0.69,2.29,0.25,1380516168.4875488,0.25
2012-09-06,1702.5999755859375,32.61899948120117,81.08000183105469,1432.1199951171875,15.600000381469727,95.52999877929688,1.6729999780654907,-0.63,2.31,0.27,2137155771.0891724,0.27
2012-09-07,1737.5,33.632999420166016,80.25,1437.9200439453125,14.380000114440918,96.41999816894531,1.6610000133514404,-0.68,2.35,0.25,3223705830.7250977,0.25
2012-09-10,1728.699951171875,33.57400131225586,80.36000061035156,1429.0799560546875,16.280000686645508,96.54000091552734,1.6829999685287476,-0.68,2.36,0.25,1298270721.8963623,0.25
2012-09-11,1731.800048828125,33.50899887084961,79.86000061035156,1433.56005859375,16.40999984741211,97.16999816894531,1.6950000524520874,-0.68,2.38,0.25,1263094864.0838623,0.25
2012-09-12,1730.5999755859375,33.233001708984375,79.73999786376953,1436.56005859375,15.800000190734863,97.01000213623047,1.7649999856948853,-0.61,2.38,0.25,1670031549.7894287,0.25
2012-09-13,1769.0999755859375,34.715999603271484,79.26000213623047,1459.989990234375,14.050000190734863,98.30999755859375,1.75600004196167,-0.72,2.47,0.24,4854394269.818115,0.24
2012-09-14,1769.800048828125,34.60300064086914,78.8499984741211,1465.77001953125,14.510000228881836,99.0,1.8700000047683716,-0.76,2.64,0.27,2894400551.4144897,0.27
2012-09-17,1767.699951171875,34.29800033569336,79.01000213623047,1461.18994140625,14.59000015258789,96.62000274658203,1.8380000591278076,-0.74,2.59,0.25,1922384571.1425781,0.25
2012-09-18,1768.4000244140625,34.64400100708008,79.25,1459.3199462890625,14.180000305175781,95.29000091552734,1.812000036239624,-0.73,2.55,0.25,2144198967.2424316,0.25
2012-09-19,1769.0,34.51900100708008,79.05999755859375,1461.050048828125,13.880000114440918,91.9800033569336,1.781999945640564,-0.75,2.54,0.27,1567264942.1295166,0.27
2012-09-20,1767.699951171875,34.61800003051758,79.41000366210938,1460.260009765625,14.069999694824219,91.87000274658203,1.7769999504089355,-0.7,2.5,0.27,1492303420.6237793,0.27
2012-09-21,1775.5,34.56700134277344,79.33000183105469,1460.1500244140625,13.979999542236328,92.88999938964844,1.7599999904632568,-0.71,2.48,0.27,2297609237.7059937,0.27
2012-09-24,1762.0999755859375,33.92100143432617,79.5199966430664,1456.8900146484375,14.149999618530273,91.93000030517578,1.718000054359436,-0.73,2.47,0.27,1569879823.008728,0.27
2012-09-25,1763.800048828125,33.88600158691406,79.55000305175781,1441.5899658203125,15.430000305175781,91.37000274658203,1.6820000410079956,-0.74,2.44,0.27,1770082325.2853394,0.27
2012-09-26,1750.5999755859375,33.882999420166016,79.88999938964844,1433.3199462890625,16.809999465942383,89.9800033569336,1.6180000305175781,-0.77,2.41,0.26,2048723658.5449219,0.26
2012-09-27,1777.5999755859375,34.595001220703125,79.55000305175781,1447.1500244140625,14.84000015258789,91.8499984741211,1.6399999856948853,-0.78,2.44,0.25,1816377391.4031982,0.25
2012-09-28,1771.0999755859375,34.516998291015625,79.94000244140625,1440.6700439453125,15.729999542236328,92.19000244140625,1.6369999647140503,-0.77,2.42,0.23,1664101462.0910645,0.23
2012-10-01,1780.5,34.88100051879883,79.81999969482422,1444.489990234375,16.31999969482422,92.4800033569336,1.625,-0.78,2.42,0.25,1839436884.3200684,0.25
2012-10-02,1772.699951171875,34.604000091552734,79.73999786376953,1445.75,15.710000038146973,91.88999938964844,1.6150000095367432,-0.83,2.47,0.23,1213976233.0535889,0.23
2012-10-03,1777.300048828125,34.63100051879883,79.97000122070312,1450.989990234375,15.430000305175781,88.13999938964844,1.6230000257492065,-0.83,2.47,0.23,973702736.6821289,0.23
2012-10-04,1794.0999755859375,35.04100036621094,79.3499984741211,1461.4000244140625,14.550000190734863,91.70999908447266,1.6649999618530273,-0.86,2.56,0.23,1801516254.333496,0.23
2012-10-05,1778.5999755859375,34.51599884033203,79.33999633789062,1460.9300537109375,14.329999923706055,89.87999725341797,1.7319999933242798,-0.82,2.57,0.27,1531311976.6845703,0.27
2012-10-08,1773.5,33.981998443603516,79.54000091552734,1455.8800048828125,15.109999656677246,89.33000183105469,1.746000051498413,-0.82,2.57,0.27,645067076.4419556,0.27
2012-10-09,1763.0,33.95100021362305,79.94999694824219,1441.47998046875,16.3700008392334,92.38999938964844,1.7200000286102295,-0.81,2.55,0.25,1325292235.5758667,0.25
2012-10-10,1763.199951171875,34.073001861572266,79.91999816894531,1432.56005859375,16.290000915527344,91.25,1.690999984741211,-0.8,2.52,0.27,1257604465.0421143,0.27
2012-10-11,1768.800048828125,34.04600143432617,79.77999877929688,1432.8399658203125,15.59000015258789,92.06999969482422,1.6749999523162842,-0.77,2.47,0.28,979076709.8571777,0.28
2012-10-12,1758.0,33.632999420166016,79.69000244140625,1428.5899658203125,16.139999389648438,91.86000061035156,1.6629999876022339,-0.78,2.47,0.27,1405715939.819336,0.27
2012-10-15,1736.0,32.707000732421875,79.73999786376953,1440.1300048828125,15.270000457763672,91.8499984741211,1.6629999876022339,-0.78,2.48,0.27,1802169980.3375244,0.27
2012-10-16,1744.699951171875,32.922000885009766,79.37000274658203,1454.9200439453125,15.220000267028809,92.08999633789062,1.7200000286102295,-0.71,2.46,0.27,1051081668.6401367,0.27
2012-10-17,1751.5,33.196998596191406,79.0199966430664,1460.9100341796875,15.069999694824219,92.12000274658203,1.8109999895095825,-0.65,2.48,0.3,882184401.0650635,0.3
2012-10-18,1743.300048828125,32.8380012512207,79.37000274658203,1457.3399658203125,15.029999732971191,92.0999984741211,1.8259999752044678,-0.66,2.52,0.29,1115212364.640808,0.29
2012-10-19,1722.800048828125,32.073001861572266,79.63999938964844,1433.18994140625,17.059999465942383,90.05000305175781,1.7680000066757202,-0.71,2.5,0.3,2314271004.9194336,0.3
2012-10-22,1725.0999755859375,32.22700119018555,79.6500015258789,1433.8199462890625,16.6200008392334,88.7300033569336,1.7979999780654907,-0.7,2.53,0.32,1066847807.6568604,0.32
2012-10-23,1708.300048828125,31.76799964904785,79.9800033569336,1413.1099853515625,18.829999923706055,86.66999816894531,1.7640000581741333,-0.71,2.5,0.29,1967376187.8967285,0.29
2012-10-24,1700.5,31.594999313354492,79.97000122070312,1408.75,18.329999923706055,85.7300033569336,1.774999976158142,-0.69,2.49,0.29,1779597762.588501,0.29
2012-10-25,1712.0,32.04899978637695,80.04000091552734,1412.969970703125,18.1200008392334,86.05000305175781,1.8279999494552612,-0.63,2.49,0.31,1164431105.9661865,0.31
2012-10-26,1710.9000244140625,32.01100158691406,80.06999969482422,1411.93994140625,17.809999465942383,86.27999877929688,1.75,-0.69,2.47,0.3,1068804861.8225098,0.3
2012-10-31,1717.5,32.28799819946289,79.91999816894531,1412.1600341796875,18.600000381469727,86.23999786376953,1.6859999895095825,-0.78,2.5,0.3,781014653.5720825,0.3
2012-11-01,1714.0999755859375,32.22600173950195,80.05000305175781,1427.5899658203125,16.690000534057617,87.08999633789062,1.715000033378601,-0.77,2.52,0.3,999409304.0771484,0.3
2012-11-02,1674.0999755859375,30.834999084472656,80.58999633789062,1414.199951171875,17.59000015258789,84.86000061035156,1.7259999513626099,-0.73,2.48,0.28,2400480150.1068115,0.28
2012-11-05,1682.199951171875,31.113000869750977,80.75,1417.260009765625,18.420000076293945,85.6500015258789,1.684000015258789,-0.75,2.47,0.28,1004876499.697876,0.28
2012-11-06,1714.0999755859375,32.01900100708008,80.61000061035156,1428.3900146484375,17.579999923706055,88.70999908447266,1.7419999837875366,-0.72,2.5,0.3,2669414388.986206,0.3
2012-11-07,1713.199951171875,31.650999069213867,80.76000213623047,1394.530029296875,19.079999923706055,84.44000244140625,1.6319999694824219,-0.8,2.48,0.27,2196868920.4833984,0.27
2012-11-08,1725.4000244140625,32.23099899291992,80.79000091552734,1377.510009765625,18.489999771118164,85.08999633789062,1.6319999694824219,-0.85,2.47,0.27,1483183758.4991455,0.27
2012-11-09,1730.300048828125,32.59000015258789,81.02999877929688,1379.8499755859375,18.610000610351562,86.06999969482422,1.6130000352859497,-0.83,2.44,0.27,1235323073.9135742,0.27
2012-11-12,1730.300048828125,32.51300048828125,81.04000091552734,1380.030029296875,16.68000030517578,85.56999969482422,1.6109999418258667,-0.83,2.44,0.27,945690602.7648926,0.27
2012-11-13,1724.199951171875,32.47800064086914,81.08000183105469,1374.530029296875,16.649999618530273,85.37999725341797,1.5889999866485596,-0.84,2.43,0.27,1080017469.4488525,0.27
2012-11-14,1729.5,32.87099838256836,81.05999755859375,1355.489990234375,17.920000076293945,86.31999969482422,1.5889999866485596,-0.81,2.4,0.25,1422444964.805603,0.25
2012-11-15,1713.300048828125,32.665000915527344,81.08000183105469,1353.3299560546875,17.989999771118164,85.44999694824219,1.5889999866485596,-0.8,2.38,0.24,1664753251.2939453,0.24
2012-11-16,1714.300048828125,32.361000061035156,81.26000213623047,1359.8800048828125,16.40999984741211,86.66999816894531,1.5740000009536743,-0.81,2.39,0.24,1151870753.90625,0.24
2012-11-19,1734.0,33.180999755859375,80.87000274658203,1386.8900146484375,15.239999771118164,89.27999877929688,1.6109999418258667,-0.78,2.39,0.25,1135556581.9702148,0.25
2012-11-20,1723.199951171875,32.92300033569336,80.95999908447266,1387.81005859375,15.079999923706055,86.75,1.656000018119812,-0.74,2.4,0.27,919992175.6454468,0.27
2012-11-21,1727.9000244140625,33.34400177001953,80.93000030517578,1391.030029296875,15.3100004196167,87.37999725341797,1.687000036239624,-0.71,2.4,0.27,638520882.6965332,0.27
2012-11-23,1751.300048828125,34.111000061035156,80.19000244140625,1409.1500244140625,15.140000343322754,88.27999877929688,1.6929999589920044,-0.72,2.42,0.29,1036334064.7293091,0.29
2012-11-26,1749.5,34.13800048828125,80.25,1406.2900390625,15.5,87.73999786376953,1.6640000343322754,-0.73,2.39,0.27,911143671.6125488,0.27
2012-11-27,1742.199951171875,33.981998443603516,80.4000015258789,1398.93994140625,15.920000076293945,87.18000030517578,1.6449999809265137,-0.74,2.38,0.27,1234012473.1079102,0.27
2012-11-28,1716.5,33.680999755859375,80.33999633789062,1409.9300537109375,15.510000228881836,86.48999786376953,1.6169999837875366,-0.75,2.38,0.27,2145180694.3069458,0.27
2012-11-29,1727.199951171875,34.347999572753906,80.19999694824219,1415.949951171875,15.0600004196167,88.06999969482422,1.6200000047683716,-0.78,2.4,0.25,1244955969.4580078,0.25
2012-11-30,1710.9000244140625,33.20399856567383,80.1500015258789,1416.1800537109375,15.869999885559082,88.91000366210938,1.6059999465942383,-0.79,2.41,0.25,1396862440.6723022,0.25
2012-12-03,1719.5999755859375,33.680999755859375,79.87999725341797,1409.4599609375,16.639999389648438,89.08999633789062,1.628000020980835,-0.81,2.44,0.25,1057151673.0712891,0.25
2012-12-04,1694.4000244140625,32.73400115966797,79.63999938964844,1407.050048828125,17.1200008392334,88.5,1.6080000400543213,-0.83,2.45,0.25,1678547319.3069458,0.25
2012-12-05,1692.4000244140625,32.882999420166016,79.7699966430664,1409.280029296875,16.459999084472656,87.87999725341797,1.590999960899353,-0.85,2.45,0.25,1747352764.0136719,0.25
2012-12-06,1700.300048828125,33.03900146484375,80.26000213623047,1413.93994140625,16.579999923706055,86.26000213623047,1.5809999704360962,-0.87,2.46,0.25,1201113200.0,0.25
2012-12-07,1704.0,33.053001403808594,80.41999816894531,1418.0699462890625,15.899999618530273,85.93000030517578,1.6269999742507935,-0.86,2.5,0.25,1203933846.6949463,0.25
2012-12-10,1713.0,33.29999923706055,80.33000183105469,1418.550048828125,16.049999237060547,85.55999755859375,1.6160000562667847,-0.87,2.5,0.24,770406294.1802979,0.24
2012-12-11,1708.199951171875,32.941001892089844,80.05999755859375,1427.8399658203125,15.569999694824219,85.79000091552734,1.6490000486373901,-0.84,2.5,0.24,782530571.1669922,0.24
2012-12-12,1716.5999755859375,33.707000732421875,79.88999938964844,1428.47998046875,15.949999809265137,86.7699966430664,1.6970000267028809,-0.79,2.51,0.25,2348082379.5181274,0.25
2012-12-13,1695.5999755859375,32.279998779296875,79.93000030517578,1419.449951171875,16.559999465942383,85.88999938964844,1.7280000448226929,-0.73,2.47,0.27,1534032290.4296875,0.27
2012-12-14,1695.800048828125,32.222999572753906,79.5999984741211,1413.5799560546875,17.0,86.7300033569336,1.7079999446868896,-0.74,2.46,0.24,878374547.1313477,0.24
2012-12-17,1697.0,32.20600128173828,79.56999969482422,1430.3599853515625,16.34000015258789,87.19999694824219,1.7630000114440918,-0.7,2.48,0.25,1344017471.9543457,0.25
2012-12-18,1669.5,31.594999313354492,79.36000061035156,1446.7900390625,15.569999694824219,87.93000030517578,1.8270000219345093,-0.67,2.51,0.28,3889109643.936157,0.28
2012-12-19,1666.5,31.045000076293945,79.25,1435.81005859375,17.360000610351562,89.51000213623047,1.7999999523162842,-0.66,2.48,0.28,2100611835.7177734,0.28
2012-12-20,1644.9000244140625,29.61199951171875,79.26000213623047,1443.68994140625,17.670000076293945,90.12999725341797,1.7999999523162842,-0.69,2.5,0.28,4016953824.5544434,0.28
2012-12-21,1659.0999755859375,30.142000198364258,79.62000274658203,1430.1500244140625,17.84000015258789,88.66000366210938,1.753999948501587,-0.71,2.48,0.26,2155701006.6192627,0.26
2012-12-24,1658.5999755859375,29.839000701904297,79.63999938964844,1426.6600341796875,17.84000015258789,88.61000061035156,1.7740000486373901,-0.69,2.48,0.26,594197609.9365234,0.26
2012-12-26,1659.800048828125,29.982999801635742,79.62000274658203,1419.8299560546875,19.479999542236328,90.9800033569336,1.7580000162124634,-0.71,2.48,0.26,797758197.9431152,0.26
2012-12-27,1662.5999755859375,30.18400001525879,79.62000274658203,1418.0999755859375,19.469999313354492,90.87000274658203,1.715000033378601,-0.73,2.47,0.26,1440399764.730835,0.26
2012-12-28,1654.9000244140625,29.920000076293945,79.68000030517578,1402.4300537109375,22.719999313354492,90.80000305175781,1.7109999656677246,-0.73,2.46,0.27,1100164519.9905396,0.27
2012-12-31,1674.800048828125,30.17300033569336,79.7699966430664,1426.18994140625,18.020000457763672,91.81999969482422,1.75600004196167,-0.67,2.45,0.25,1909600174.356079,0.25
2013-01-02,1687.9000244140625,30.95199966430664,79.8499984741211,1462.4200439453125,14.680000305175781,93.12000274658203,1.8389999866485596,-0.62,2.48,0.27,1702156786.8988037,0.27
2013-01-03,1673.699951171875,30.67099952697754,80.43000030517578,1459.3699951171875,14.5600004196167,92.91999816894531,1.8990000486373901,-0.54,2.46,0.27,2598140950.8132935,0.27
2013-01-04,1648.0999755859375,29.895999908447266,80.5,1466.469970703125,13.829999923706055,93.08999633789062,1.9149999618530273,-0.55,2.48,0.27,3077207158.8256836,0.27
2013-01-07,1645.5,30.031999588012695,80.26000213623047,1461.8900146484375,13.789999961853027,93.19000244140625,1.902999997138977,-0.6,2.52,0.27,1492551705.432129,0.27
2013-01-08,1661.5,30.415000915527344,80.3499984741211,1457.1500244140625,13.619999885559082,93.1500015258789,1.871000051498413,-0.6,2.49,0.25,1235477069.2138672,0.25
2013-01-09,1654.800048828125,30.201000213623047,80.55999755859375,1461.02001953125,13.8100004196167,93.0999984741211,1.8519999980926514,-0.64,2.52,0.24,1337555803.781128,0.24
2013-01-10,1677.300048828125,30.875,79.73999786376953,1472.1199951171875,13.489999771118164,93.81999969482422,1.8940000534057617,-0.62,2.53,0.26,1851852499.154663,0.26
2013-01-11,1660.0,30.367000579833984,79.55999755859375,1472.050048828125,13.359999656677246,93.55999755859375,1.875,-0.63,2.52,0.26,2202592102.6123047,0.26
2013-01-14,1668.9000244140625,31.079999923706055,79.48999786376953,1470.6800537109375,13.520000457763672,94.13999938964844,1.8569999933242798,-0.66,2.55,0.26,1177465011.062622,0.26
2013-01-15,1683.4000244140625,31.49799919128418,79.77999877929688,1472.3399658203125,13.550000190734863,93.27999877929688,1.8309999704360962,-0.66,2.52,0.26,1638247143.395996,0.26
2013-01-16,1682.699951171875,31.513999938964844,79.80000305175781,1472.6300048828125,13.420000076293945,94.23999786376953,1.8240000009536743,-0.65,2.49,0.26,1498770898.7579346,0.26
2013-01-17,1690.4000244140625,31.785999298095703,79.6500015258789,1480.93994140625,13.569999694824219,95.48999786376953,1.875,-0.64,2.53,0.28,2435777281.011963,0.28
2013-01-18,1686.5999755859375,31.902000427246094,80.05000305175781,1485.97998046875,12.460000038146973,95.55999755859375,1.843000054359436,-0.66,2.53,0.26,1637113692.23938,0.26
2013-01-22,1692.800048828125,32.14699935913086,79.87000274658203,1492.56005859375,12.430000305175781,96.23999786376953,1.8350000381469727,-0.68,2.54,0.26,1405581577.2750854,0.26
2013-01-23,1686.300048828125,32.409000396728516,79.91999816894531,1494.81005859375,12.460000038146973,95.2300033569336,1.8329999446868896,-0.66,2.52,0.26,1093017414.9627686,0.26
2013-01-24,1669.5,31.69499969482422,79.94999694824219,1494.8199462890625,12.6899995803833,95.94999694824219,1.843999981880188,-0.62,2.5,0.23,2128855361.8515015,0.23
2013-01-25,1656.4000244140625,31.18000030517578,79.75,1502.9599609375,12.890000343322754,95.87999725341797,1.9470000267028809,-0.56,2.54,0.28,1451858254.840088,0.28
2013-01-28,1652.4000244140625,30.756000518798828,79.77999877929688,1500.1800537109375,13.569999694824219,96.44000244140625,1.9739999771118164,-0.55,2.55,0.29,1361118506.9885254,0.29
2013-01-29,1660.699951171875,31.159000396728516,79.55999755859375,1507.8399658203125,13.3100004196167,97.56999969482422,1.9880000352859497,-0.53,2.56,0.3,1185675291.456604,0.3
2013-01-30,1679.9000244140625,32.152000427246094,79.27999877929688,1501.9599609375,14.319999694824219,97.94000244140625,2.00600004196167,-0.54,2.57,0.27,1947901929.321289,0.27
2013-01-31,1660.5999755859375,31.334999084472656,79.20999908447266,1498.1099853515625,14.279999732971191,97.48999786376953,1.9850000143051147,-0.57,2.59,0.27,1504640771.5148926,0.27
2013-02-01,1669.4000244140625,31.941999435424805,79.12999725341797,1513.1700439453125,12.899999618530273,97.7699966430664,2.009999990463257,-0.55,2.59,0.27,2083399195.6192017,0.27
2013-02-04,1675.300048828125,31.700000762939453,79.55000305175781,1495.7099609375,14.670000076293945,96.16999816894531,1.9730000495910645,-0.59,2.59,0.25,1191493800.0,0.25
2013-02-05,1672.4000244140625,31.858999252319336,79.48999786376953,1511.2900390625,13.720000267028809,96.63999938964844,2.0160000324249268,-0.55,2.59,0.27,1454303684.286499,0.27
2013-02-06,1677.699951171875,31.861000061035156,79.72000122070312,1512.1199951171875,13.40999984741211,96.62000274658203,1.968000054359436,-0.58,2.58,0.27,996863489.2532349,0.27
2013-02-07,1670.4000244140625,31.386999130249023,80.19000244140625,1509.3900146484375,13.5,95.83000183105469,1.9509999752044678,-0.58,2.57,0.25,2075954001.0253906,0.25
2013-02-08,1666.0,31.424999237060547,80.25,1517.9300537109375,13.020000457763672,95.72000122070312,1.9539999961853027,-0.57,2.56,0.25,983298907.5744629,0.25
2013-02-11,1648.199951171875,30.895000457763672,80.30999755859375,1517.010009765625,12.9399995803833,97.02999877929688,1.9459999799728394,-0.58,2.57,0.27,1929734913.1240845,0.27
2013-02-12,1648.699951171875,31.003999710083008,80.11000061035156,1519.4300537109375,12.640000343322754,97.51000213623047,1.9819999933242798,-0.57,2.59,0.29,1220328442.3416138,0.29
2013-02-13,1644.199951171875,30.854000091552734,80.08999633789062,1520.3299560546875,12.979999542236328,97.01000213623047,2.0190000534057617,-0.54,2.59,0.29,1425294792.3477173,0.29
2013-02-14,1634.699951171875,30.343000411987305,80.45999908447266,1521.3800048828125,12.65999984741211,97.30999755859375,2.0,-0.56,2.56,0.27,1965155245.7458496,0.27
2013-02-15,1608.800048828125,29.839000701904297,80.58000183105469,1519.7900390625,12.460000038146973,95.86000061035156,2.006999969482422,-0.53,2.54,0.29,3640749687.602234,0.29
2013-02-19,1603.5999755859375,29.413000106811523,80.47000122070312,1530.93994140625,12.3100004196167,96.66000366210938,2.0260000228881836,-0.52,2.55,0.29,1833499808.6135864,0.29
2013-02-20,1577.5999755859375,28.614999771118164,81.08999633789062,1511.949951171875,14.680000305175781,94.45999908447266,2.0209999084472656,-0.52,2.54,0.27,4683130635.498047,0.27
2013-02-21,1578.199951171875,28.69499969482422,81.45999908447266,1502.4200439453125,15.220000267028809,92.83999633789062,1.9759999513626099,-0.54,2.53,0.26,2741787688.28125,0.26
2013-02-22,1572.4000244140625,28.45599937438965,81.4800033569336,1515.5999755859375,14.170000076293945,93.12999725341797,1.9670000076293945,-0.57,2.54,0.27,1543956816.3208008,0.27
2013-02-25,1586.199951171875,28.982999801635742,81.66999816894531,1487.8499755859375,18.989999771118164,93.11000061035156,1.8949999809265137,-0.62,2.5,0.25,1464408753.2531738,0.25
2013-02-26,1615.199951171875,29.256000518798828,81.87000274658203,1496.93994140625,16.8700008392334,92.62999725341797,1.878999948501587,-0.62,2.5,0.25,2840438928.1951904,0.25
2013-02-27,1595.199951171875,28.94300079345703,81.5999984741211,1515.989990234375,14.729999542236328,92.76000213623047,1.902999997138977,-0.61,2.52,0.27,1483269247.2839355,0.27
2013-02-28,1577.699951171875,28.395000457763672,81.9800033569336,1514.6800537109375,15.510000228881836,92.05000305175781,1.8880000114440918,-0.64,2.53,0.25,2274253200.0,0.25
2013-03-01,1571.9000244140625,28.451000213623047,82.30999755859375,1518.199951171875,15.359999656677246,90.68000030517578,1.8530000448226929,-0.67,2.53,0.25,1704096299.2919922,0.25
2013-03-04,1572.0999755859375,28.457000732421875,82.22000122070312,1525.199951171875,14.010000228881836,90.12000274658203,1.8769999742507935,-0.65,2.53,0.24,1011850760.2752686,0.24
2013-03-05,1574.5999755859375,28.562999725341797,82.08999633789062,1539.7900390625,13.479999542236328,90.81999969482422,1.8940000534057617,-0.65,2.55,0.25,1646344048.7548828,0.25
2013-03-06,1574.5999755859375,28.760000228881836,82.45999908447266,1541.4599609375,13.529999732971191,90.43000030517578,1.937999963760376,-0.61,2.56,0.25,1663464833.618164,0.25
2013-03-07,1574.800048828125,28.767000198364258,82.08000183105469,1544.260009765625,13.0600004196167,91.55999755859375,1.9910000562667847,-0.56,2.56,0.25,1005723239.0808105,0.25
2013-03-08,1576.5999755859375,28.909000396728516,82.69999694824219,1551.1800537109375,12.59000015258789,91.94999694824219,2.055999994277954,-0.5,2.56,0.27,1811064324.623108,0.27
2013-03-11,1577.800048828125,28.812000274658203,82.56999969482422,1556.219970703125,11.5600004196167,92.05999755859375,2.055999994277954,-0.5,2.57,0.27,735989019.4259644,0.27
2013-03-12,1591.5,29.131000518798828,82.58000183105469,1552.47998046875,12.270000457763672,92.54000091552734,2.0230000019073486,-0.52,2.55,0.27,1120298300.7385254,0.27
2013-03-13,1588.300048828125,28.922000885009766,82.88999938964844,1554.52001953125,11.829999923706055,92.5199966430664,2.0209999084472656,-0.52,2.56,0.27,1142677251.2329102,0.27
2013-03-14,1590.5999755859375,28.77199935913086,82.61000061035156,1563.22998046875,11.300000190734863,93.02999877929688,2.0329999923706055,-0.53,2.57,0.27,1753550188.4277344,0.27
2013-03-15,1592.5,28.816999435424805,82.26000213623047,1560.699951171875,11.300000190734863,93.44999694824219,1.996000051498413,-0.55,2.56,0.25,878000200.0,0.25
2013-03-18,1604.5999755859375,28.840999603271484,82.69000244140625,1552.0999755859375,13.359999656677246,93.73999786376953,1.9559999704360962,-0.6,2.56,0.26,1445406957.421875,0.26
2013-03-19,1611.300048828125,28.809999465942383,82.98999786376953,1548.3399658203125,14.390000343322754,92.16000366210938,1.9079999923706055,-0.61,2.53,0.24,1720532292.1844482,0.24
2013-03-20,1607.5,28.783000946044922,82.77999877929688,1558.7099609375,12.670000076293945,92.95999908447266,1.937000036239624,-0.57,2.53,0.26,1277374414.855957,0.26
2013-03-21,1613.800048828125,29.179000854492188,82.80000305175781,1545.800048828125,13.989999771118164,92.44999694824219,1.9320000410079956,-0.57,2.52,0.27,780000000.0,0.27
2013-03-22,1606.199951171875,28.666000366210938,82.52999877929688,1556.8900146484375,13.569999694824219,93.70999908447266,1.9149999618530273,-0.6,2.53,0.26,738286979.4845581,0.26
2013-03-25,1604.5999755859375,28.78499984741211,82.87000274658203,1551.68994140625,13.739999771118164,94.80999755859375,1.9149999618530273,-0.6,2.53,0.24,1058597121.458435,0.24
2013-03-26,1595.800048828125,28.643999099731445,82.87999725341797,1563.77001953125,12.770000457763672,96.33999633789062,1.906000018119812,-0.61,2.53,0.25,1143179673.0194092,0.25
2013-03-27,1606.199951171875,28.57699966430664,83.20999908447266,1562.8499755859375,13.149999618530273,96.58000183105469,1.8509999513626099,-0.64,2.51,0.25,1043553124.0997314,0.25
2013-03-28,1594.800048828125,28.29199981689453,82.98999786376953,1569.18994140625,12.699999809265137,97.2300033569336,1.8519999980926514,-0.64,2.51,0.25,1058167819.0917969,0.25
2013-04-01,1600.0,27.913000106811523,82.7300033569336,1562.1700439453125,13.579999923706055,97.06999969482422,1.840000033378601,-0.65,2.51,0.23,663240419.1482544,0.23
2013-04-02,1575.0999755859375,27.216999053955078,82.94000244140625,1570.25,12.779999732971191,97.19000244140625,1.8609999418258667,-0.63,2.51,0.25,1432582800.164795,0.25
2013-04-03,1552.800048828125,26.773000717163086,82.72000122070312,1553.68994140625,14.210000038146973,94.44999694824219,1.812000036239624,-0.65,2.48,0.24,2372610716.748047,0.24
2013-04-04,1551.800048828125,26.74799919128418,82.68000030517578,1559.97998046875,13.890000343322754,93.26000213623047,1.7589999437332153,-0.7,2.48,0.22,1867954326.5533447,0.22
2013-04-05,1575.4000244140625,27.201000213623047,82.5,1553.280029296875,13.920000076293945,92.69999694824219,1.694000005722046,-0.74,2.46,0.24,2214491922.619629,0.24
2013-04-08,1572.0,27.1200008392334,82.75,1563.0699462890625,13.1899995803833,93.36000061035156,1.7319999933242798,-0.69,2.45,0.24,950391382.8735352,0.24
2013-04-09,1586.199951171875,27.865999221801758,82.30999755859375,1568.6099853515625,12.84000015258789,94.19999694824219,1.746999979019165,-0.67,2.45,0.24,1079850922.2106934,0.24
2013-04-10,1558.300048828125,27.638999938964844,82.52999877929688,1587.72998046875,12.359999656677246,94.63999938964844,1.8049999475479126,-0.6,2.44,0.24,2789990550.0,0.24
2013-04-11,1564.300048828125,27.684999465942383,82.25,1593.3699951171875,12.239999771118164,93.51000213623047,1.7910000085830688,-0.65,2.47,0.24,1217946384.6069336,0.24
2013-04-12,1501.0,26.32200050354004,82.30999755859375,1588.8499755859375,12.0600004196167,91.29000091552734,1.7209999561309814,-0.68,2.43,0.22,8003878940.316772,0.22
2013-04-15,1360.5999755859375,23.354999542236328,82.41999816894531,1552.3599853515625,17.270000457763672,88.70999908447266,1.7020000219345093,-0.69,2.41,0.22,12317429272.98584,0.22
2013-04-16,1386.800048828125,23.621999740600586,81.75,1574.5699462890625,13.960000038146973,88.72000122070312,1.718999981880188,-0.65,2.4,0.24,6062426379.315186,0.24
2013-04-17,1382.199951171875,23.301000595092773,82.66000366210938,1552.010009765625,16.510000228881836,86.68000030517578,1.7039999961853027,-0.64,2.37,0.24,3380757442.7612305,0.24
2013-04-18,1392.0,23.23900032043457,82.55000305175781,1541.6099853515625,17.559999465942383,87.7300033569336,1.684999942779541,-0.55,2.27,0.24,2691439211.1587524,0.24
2013-04-19,1395.300048828125,22.954999923706055,82.70999908447266,1555.25,14.970000267028809,88.01000213623047,1.7029999494552612,-0.59,2.32,0.24,2121365390.1153564,0.24
2013-04-22,1421.0,23.31999969482422,82.68000030517578,1562.5,14.390000343322754,88.76000213623047,1.6979999542236328,-0.63,2.35,0.24,2284796048.8739014,0.24
2013-04-23,1408.5999755859375,22.812999725341797,83.02999877929688,1578.780029296875,13.479999542236328,89.18000030517578,1.6979999542236328,-0.64,2.38,0.23,2004593983.5083008,0.23
2013-04-24,1423.4000244140625,22.82900047302246,82.93000030517578,1578.7900390625,13.609999656677246,91.43000030517578,1.6979999542236328,-0.65,2.38,0.23,1434799990.3686523,0.23
2013-04-25,1461.800048828125,24.139999389648438,82.73999786376953,1585.1600341796875,13.619999885559082,93.63999938964844,1.7109999656677246,-0.66,2.4,0.23,2674951739.2211914,0.23
2013-04-26,1453.5999755859375,23.757999420166016,82.4800033569336,1582.239990234375,13.609999656677246,93.0,1.6629999876022339,-0.68,2.38,0.22,2720662168.7072754,0.22
2013-04-29,1467.4000244140625,24.121999740600586,82.1500015258789,1593.6099853515625,13.710000038146973,94.5,1.6679999828338623,-0.67,2.37,0.2,1565940383.5830688,0.2
2013-04-30,1472.199951171875,24.143999099731445,81.7300033569336,1597.5699462890625,13.520000457763672,93.45999908447266,1.6749999523162842,-0.64,2.34,0.22,1611073836.2121582,0.22
2013-05-01,1446.300048828125,23.30500030517578,81.63999938964844,1582.699951171875,14.489999771118164,91.02999877929688,1.6390000581741333,-0.64,2.3,0.2,1965817529.5028687,0.2
2013-05-02,1467.699951171875,23.790000915527344,82.20999908447266,1597.5899658203125,13.59000015258789,93.98999786376953,1.63100004196167,-0.62,2.28,0.2,1632392202.9388428,0.2
2013-05-03,1464.300048828125,23.975000381469727,82.0999984741211,1614.4200439453125,12.850000381469727,95.61000061035156,1.7519999742507935,-0.53,2.31,0.22,1657778196.2738037,0.22
2013-05-06,1468.0999755859375,23.917999267578125,82.31999969482422,1617.5,12.65999984741211,96.16000366210938,1.7710000276565552,-0.51,2.31,0.22,1098862097.8179932,0.22
2013-05-07,1449.0,23.770999908447266,82.30000305175781,1625.9599609375,12.829999923706055,95.62000274658203,1.7829999923706055,-0.5,2.32,0.22,1913014478.540039,0.22
2013-05-08,1473.9000244140625,23.892000198364258,81.9000015258789,1632.68994140625,12.65999984741211,96.62000274658203,1.7599999904632568,-0.48,2.29,0.22,1590010380.934143,0.22
2013-05-09,1468.800048828125,23.878999710083008,82.79000091552734,1626.6700439453125,13.130000114440918,96.38999938964844,1.812999963760376,-0.5,2.31,0.22,1163513009.8266602,0.22
2013-05-10,1436.800048828125,23.631999969482422,83.13999938964844,1633.699951171875,12.59000015258789,96.04000091552734,1.899999976158142,-0.45,2.35,0.26,2045223849.420166,0.26
2013-05-13,1434.5,23.670000076293945,83.26000213623047,1633.77001953125,12.550000190734863,95.16999816894531,1.9229999780654907,-0.41,2.33,0.24,929432813.8244629,0.24
2013-05-14,1424.699951171875,23.354999542236328,83.56999969482422,1650.3399658203125,12.770000457763672,94.20999908447266,1.9520000219345093,-0.37,2.33,0.26,1363726392.8405762,0.26
2013-05-15,1396.5,22.64299964904785,83.83000183105469,1658.780029296875,12.8100004196167,94.30000305175781,1.9429999589920044,-0.36,2.3,0.26,2566371005.078125,0.26
2013-05-16,1387.0999755859375,22.64299964904785,83.7699966430664,1650.469970703125,13.069999694824219,95.16000366210938,1.8650000095367432,-0.4,2.27,0.23,1710881081.274414,0.23
2013-05-17,1364.9000244140625,22.339000701904297,84.27999877929688,1667.469970703125,12.449999809265137,96.0199966430664,1.9490000009536743,-0.31,2.26,0.26,2666815904.022217,0.26
2013-05-20,1384.300048828125,22.56800079345703,83.80999755859375,1666.2900390625,13.020000457763672,96.70999908447266,1.965000033378601,-0.31,2.28,0.26,2917781174.560547,0.26
2013-05-21,1377.800048828125,22.441999435424805,83.86000061035156,1669.1600341796875,13.369999885559082,96.16000366210938,1.944000005722046,-0.34,2.28,0.26,1932407471.0083008,0.26
2013-05-22,1367.5999755859375,22.45800018310547,84.25,1655.3499755859375,13.819999694824219,94.27999877929688,2.0260000228881836,-0.24,2.27,0.26,3427167951.4160156,0.26
2013-05-23,1392.0,22.493999481201172,83.80000305175781,1650.510009765625,14.069999694824219,94.25,2.0230000019073486,-0.24,2.26,0.26,1382121642.2668457,0.26
2013-05-24,1386.800048828125,22.48200035095215,83.69999694824219,1649.5999755859375,13.989999771118164,94.1500015258789,2.010999917984009,-0.26,2.27,0.26,738702945.6634521,0.26
2013-05-28,1379.0999755859375,22.18000030517578,84.13999938964844,1660.06005859375,14.479999542236328,95.01000213623047,2.134999990463257,-0.14,2.29,0.29,1664139804.4799805,0.29
2013-05-29,1391.300048828125,22.44499969482422,83.63999938964844,1648.3599853515625,14.829999923706055,93.12999725341797,2.124000072479248,-0.1,2.23,0.3,1181407442.0440674,0.3
2013-05-30,1411.5,22.673999786376953,83.01000213623047,1654.4100341796875,14.529999732971191,93.61000061035156,2.124000072479248,-0.05,2.18,0.31,1177219363.7191772,0.31
2013-05-31,1392.5999755859375,22.22800064086914,83.37999725341797,1630.739990234375,16.299999237060547,91.97000122070312,2.1640000343322754,-0.05,2.21,0.3,1302586254.1900635,0.3
2013-06-03,1411.699951171875,22.71500015258789,82.68000030517578,1640.4200439453125,16.280000686645508,93.44999694824219,2.134000062942505,-0.07,2.2,0.3,1252206179.611206,0.3
2013-06-04,1397.0999755859375,22.399999618530273,82.7699966430664,1631.3800048828125,16.270000457763672,93.30999755859375,2.13700008392334,-0.05,2.19,0.32,744468172.479248,0.32
2013-06-05,1398.4000244140625,22.46500015258789,82.56999969482422,1608.9000244140625,17.5,93.73999786376953,2.0999999046325684,-0.06,2.16,0.3,1008932879.8080444,0.3
2013-06-06,1415.699951171875,22.701000213623047,81.5199966430664,1622.56005859375,16.6299991607666,94.76000213623047,2.075000047683716,-0.05,2.13,0.3,1344506468.9788818,0.3
2013-06-07,1383.0,21.73699951171875,81.69000244140625,1643.3800048828125,15.140000343322754,96.02999877929688,2.1610000133514404,0.03,2.14,0.32,1473330418.5058594,0.32
2013-06-10,1386.199951171875,21.92099952697754,81.6500015258789,1642.81005859375,15.4399995803833,95.7699966430664,2.2149999141693115,0.11,2.11,0.32,822766646.9970703,0.32
2013-06-11,1377.0,21.645000457763672,81.05999755859375,1626.1300048828125,17.06999969482422,95.37999725341797,2.194999933242798,0.13,2.07,0.34,959306725.0,0.34
2013-06-12,1391.800048828125,21.79599952697754,80.95999908447266,1612.52001953125,18.59000015258789,95.87999725341797,2.2300000190734863,0.21,2.04,0.34,879418050.0,0.34
2013-06-13,1377.5999755859375,21.582000732421875,80.62000274658203,1636.3599853515625,16.40999984741211,96.69000244140625,2.1740000247955322,0.15,2.04,0.32,957819171.3409424,0.32
2013-06-14,1387.300048828125,21.952999114990234,80.66999816894531,1626.72998046875,17.149999618530273,97.8499984741211,2.125999927520752,0.09,2.05,0.29,575185609.6618652,0.29
2013-06-17,1382.800048828125,21.756999969482422,80.56999969482422,1639.0400390625,16.799999237060547,97.7699966430664,2.1710000038146973,0.15,2.04,0.27,544751588.3987427,0.27
2013-06-18,1366.5999755859375,21.676000595092773,80.62000274658203,1651.81005859375,16.610000610351562,98.44000244140625,2.181999921798706,0.14,2.06,0.27,975026945.0317383,0.27
2013-06-19,1373.5999755859375,21.621999740600586,81.43000030517578,1628.9300537109375,16.639999389648438,98.23999786376953,2.311000108718872,0.29,2.04,0.31,1699994454.3273926,0.31
2013-06-20,1285.9000244140625,19.82200050354004,81.83999633789062,1588.18994140625,20.489999771118164,95.4000015258789,2.4189999103546143,0.46,1.95,0.33,3568591515.9446716,0.33
2013-06-21,1291.5999755859375,19.95800018310547,82.31999969482422,1592.4300537109375,18.899999618530273,93.69000244140625,2.5139999389648438,0.59,1.93,0.38,2075830050.6591797,0.38
2013-06-24,1276.800048828125,19.493000030517578,82.43000030517578,1573.0899658203125,20.110000610351562,95.18000030517578,2.5480000972747803,0.64,1.93,0.42,1580020752.8907776,0.42
2013-06-25,1274.800048828125,19.525999069213867,82.58000183105469,1588.030029296875,18.469999313354492,95.31999969482422,2.5889999866485596,0.64,1.96,0.43,1156815135.4370117,0.43
2013-06-26,1229.5999755859375,18.586999893188477,82.94999694824219,1603.260009765625,17.209999084472656,95.5,2.5390000343322754,0.6,1.95,0.39,2927288033.7890625,0.39
2013-06-27,1211.4000244140625,18.533000946044922,82.91000366210938,1613.199951171875,16.860000610351562,97.05000305175781,2.4830000400543213,0.5,1.99,0.36,3478420359.246826,0.36
2013-06-28,1223.800048828125,19.451000213623047,83.16999816894531,1606.280029296875,16.860000610351562,96.55999755859375,2.4779999256134033,0.53,1.99,0.36,3928474129.130554,0.36
2013-07-01,1255.9000244140625,19.559999465942383,82.9800033569336,1614.9599609375,16.3700008392334,97.98999786376953,2.490000009536743,0.48,2.02,0.34,1931442032.2052002,0.34
2013-07-02,1243.5999755859375,19.29800033569336,83.54000091552734,1614.0799560546875,16.440000534057617,99.5999984741211,2.4690001010894775,0.44,2.04,0.34,1266563547.1969604,0.34
2013-07-03,1252.0999755859375,19.68899917602539,83.2300033569336,1615.4100341796875,16.200000762939453,101.23999786376953,2.500999927520752,0.48,2.04,0.36,815031207.5798035,0.36
2013-07-05,1212.9000244140625,18.72599983215332,84.41999816894531,1631.8900146484375,14.890000343322754,103.22000122070312,2.7149999141693115,0.66,2.07,0.4,1368958282.546997,0.4
2013-07-08,1234.9000244140625,19.024999618530273,84.19999694824219,1640.4599609375,14.779999732971191,103.13999938964844,2.6449999809265137,0.58,2.07,0.37,1034024440.4830933,0.37
2013-07-09,1245.9000244140625,19.125,84.58000183105469,1652.3199462890625,14.350000381469727,103.52999877929688,2.630000114440918,0.59,2.06,0.37,989252890.5258179,0.37
2013-07-10,1247.4000244140625,19.150999069213867,84.04000091552734,1652.6199951171875,14.210000038146973,106.5199966430664,2.680000066757202,0.64,2.06,0.38,1777614200.1480103,0.38
2013-07-11,1280.0999755859375,19.94300079345703,82.75,1675.02001953125,14.010000228881836,104.91000366210938,2.5739998817443848,0.56,2.04,0.34,1401352631.904602,0.34
2013-07-12,1277.800048828125,19.77899932861328,82.98999786376953,1680.18994140625,13.84000015258789,105.94999694824219,2.6010000705718994,0.55,2.06,0.37,817247075.9170532,0.37
2013-07-15,1283.800048828125,19.826000213623047,83.04000091552734,1682.5,13.789999961853027,106.31999969482422,2.555999994277954,0.47,2.1,0.34,513260777.26135254,0.34
2013-07-16,1290.800048828125,19.92300033569336,82.43000030517578,1676.260009765625,14.420000076293945,106.0,2.5320000648498535,0.41,2.14,0.34,696548993.5958862,0.34
2013-07-17,1277.9000244140625,19.409000396728516,82.70999908447266,1680.9100341796875,13.779999732971191,106.4800033569336,2.490999937057495,0.38,2.14,0.32,1342017564.678955,0.32
2013-07-18,1284.5999755859375,19.375999450683594,82.81999969482422,1689.3699951171875,13.770000457763672,108.04000091552734,2.5339999198913574,0.38,2.18,0.32,762773122.13974,0.32
2013-07-19,1293.300048828125,19.447999954223633,82.58000183105469,1692.0899658203125,12.539999961853027,108.05000305175781,2.490999937057495,0.29,2.21,0.32,721609461.5203857,0.32
2013-07-22,1336.4000244140625,20.49799919128418,82.22000122070312,1695.530029296875,12.289999961853027,106.91000366210938,2.48799991607666,0.28,2.22,0.32,1398158756.2591553,0.32
2013-07-23,1335.0999755859375,20.246000289916992,82.01000213623047,1692.3900146484375,12.65999984741211,107.2300033569336,2.5160000324249268,0.33,2.2,0.33,1144055230.21698,0.33
2013-07-24,1319.699951171875,20.013999938964844,82.30000305175781,1685.93994140625,13.180000305175781,105.38999938964844,2.5880000591278076,0.44,2.17,0.34,1272135701.499176,0.34
2013-07-25,1329.0,20.14699935913086,81.97000122070312,1690.25,12.970000267028809,105.48999786376953,2.6070001125335693,0.44,2.17,0.32,605057799.3896484,0.32
2013-07-26,1321.699951171875,19.764999389648438,81.62000274658203,1691.6500244140625,12.720000267028809,104.69999694824219,2.561000108718872,0.43,2.15,0.31,791803822.4945068,0.31
2013-07-29,1328.4000244140625,19.854000091552734,81.66000366210938,1685.3299560546875,13.390000343322754,104.55000305175781,2.5850000381469727,0.45,2.16,0.33,456595231.338501,0.33
2013-07-30,1324.0,19.666000366210938,81.83000183105469,1685.9599609375,13.390000343322754,103.08000183105469,2.6029999256134033,0.46,2.17,0.33,574964102.0874023,0.33
2013-07-31,1312.4000244140625,19.617000579833984,81.44999694824219,1685.72998046875,13.449999809265137,105.02999877929688,2.5929999351501465,0.38,2.22,0.31,2049317773.337555,0.31
2013-08-01,1311.0,19.614999771118164,82.33999633789062,1706.8699951171875,12.9399995803833,107.88999938964844,2.7230000495910645,0.48,2.26,0.35,1337546029.447937,0.35
2013-08-02,1310.5999755859375,19.902999877929688,81.91000366210938,1709.6700439453125,11.979999542236328,106.94000244140625,2.6019999980926514,0.42,2.21,0.3,817081671.9467163,0.3
2013-08-05,1302.5999755859375,19.711000442504883,81.87999725341797,1707.1400146484375,11.84000015258789,106.55999755859375,2.640000104904175,0.42,2.25,0.32,503290217.7810669,0.32
2013-08-06,1283.199951171875,19.514999389648438,81.5999984741211,1697.3699951171875,12.720000267028809,105.30000305175781,2.6419999599456787,0.39,2.28,0.32,745828321.3439941,0.32
2013-08-07,1286.0999755859375,19.49799919128418,81.29000091552734,1690.9100341796875,12.979999542236328,104.37000274658203,2.5999999046325684,0.35,2.26,0.32,658578513.0943298,0.32
2013-08-08,1310.699951171875,20.18400001525879,81.01000213623047,1697.47998046875,12.729999542236328,103.4000015258789,2.5869998931884766,0.34,2.24,0.3,1097795701.2817383,0.3
2013-08-09,1312.9000244140625,20.39900016784668,81.12999725341797,1691.4200439453125,13.40999984741211,105.97000122070312,2.5799999237060547,0.33,2.24,0.32,785517123.7792969,0.32
2013-08-12,1334.699951171875,21.332000732421875,81.33000183105469,1689.469970703125,12.8100004196167,106.11000061035156,2.6050000190734863,0.37,2.24,0.32,957408595.2026367,0.32
2013-08-13,1321.199951171875,21.336000442504883,81.7300033569336,1694.1600341796875,12.3100004196167,106.83000183105469,2.7149999141693115,0.48,2.23,0.34,937113398.3283997,0.34
2013-08-14,1334.0,21.7810001373291,81.69999694824219,1685.3900146484375,13.039999961853027,106.8499984741211,2.7119998931884766,0.5,2.21,0.34,1124002800.0,0.34
2013-08-15,1361.5999755859375,22.929000854492188,81.12999725341797,1661.3199462890625,14.729999542236328,107.33000183105469,2.755000114440918,0.6,2.17,0.36,2268531489.0563965,0.36
2013-08-16,1371.699951171875,23.316999435424805,81.26000213623047,1655.8299560546875,14.369999885559082,107.45999908447266,2.8289999961853027,0.68,2.16,0.36,1915396544.4534302,0.36
2013-08-19,1366.199951171875,23.160999298095703,81.2300033569336,1646.06005859375,15.100000381469727,107.0999984741211,2.884000062942505,0.75,2.13,0.36,1071709939.4042969,0.36
2013-08-20,1373.0999755859375,23.06599998474121,80.91000366210938,1652.3499755859375,14.90999984741211,104.97000122070312,2.813999891281128,0.67,2.15,0.36,1034315271.1685181,0.36
2013-08-21,1370.5999755859375,22.95800018310547,81.31999969482422,1642.800048828125,15.9399995803833,103.8499984741211,2.8550000190734863,0.73,2.14,0.38,1415816892.5170898,0.38
2013-08-22,1371.199951171875,23.030000686645508,81.48999786376953,1656.9599609375,14.760000228881836,105.02999877929688,2.9010000228881836,0.79,2.11,0.42,762568443.9819336,0.42
2013-08-23,1395.699951171875,23.732999801635742,81.33999633789062,1663.5,13.979999542236328,106.41999816894531,2.818000078201294,0.69,2.13,0.4,1567996589.0563965,0.4
2013-08-26,1393.0,24.007999420166016,81.37000274658203,1656.780029296875,14.989999771118164,105.91999816894531,2.805000066757202,0.64,2.15,0.41,1041894921.5255737,0.41
2013-08-27,1420.5999755859375,24.64900016784668,81.16999816894531,1630.47998046875,16.770000457763672,109.01000213623047,2.7209999561309814,0.57,2.15,0.38,1542991275.0,0.38
2013-08-28,1419.0,24.388999938964844,81.41999816894531,1634.9599609375,16.489999771118164,110.0999984741211,2.7820000648498535,0.63,2.15,0.4,1866146275.6469727,0.4
2013-08-29,1412.9000244140625,24.09000015258789,81.94999694824219,1638.1700439453125,16.809999465942383,108.80000305175781,2.750999927520752,0.65,2.1,0.39,1078726239.2333984,0.39
2013-08-30,1396.0999755859375,23.46299934387207,82.08999633789062,1632.969970703125,17.010000228881836,107.6500015258789,2.749000072479248,0.68,2.1,0.39,1033881562.5,0.39
2013-09-03,1412.0,24.381999969482422,82.36000061035156,1639.77001953125,16.610000610351562,108.54000091552734,2.8480000495910645,0.76,2.1,0.43,1105097479.1671753,0.43
2013-09-04,1389.9000244140625,23.368999481201172,82.16999816894531,1653.0799560546875,15.880000114440918,107.2300033569336,2.8970000743865967,0.83,2.07,0.46,1048381992.5109863,0.46
2013-09-05,1373.0999755859375,23.20599937438965,82.62999725341797,1655.0799560546875,15.770000457763672,108.37000274658203,2.9790000915527344,0.92,2.06,0.52,1469878886.0687256,0.52
2013-09-06,1386.699951171875,23.841999053955078,82.1500015258789,1655.1700439453125,15.850000381469727,110.52999877929688,2.937999963760376,0.87,2.07,0.46,1133393053.4332275,0.46
2013-09-09,1386.800048828125,23.667999267578125,81.79000091552734,1671.7099609375,15.630000114440918,109.5199966430664,2.8970000743865967,0.84,2.06,0.45,681668873.6419678,0.45
2013-09-10,1364.0999755859375,22.965999603271484,81.81999969482422,1683.989990234375,14.529999732971191,107.38999938964844,2.9590001106262207,0.86,2.1,0.5,1110976640.3244019,0.5
2013-09-11,1363.9000244140625,23.121000289916992,81.5199966430664,1689.1300048828125,13.819999694824219,107.55999755859375,2.9200000762939453,0.8,2.13,0.47,664637204.598999,0.47
2013-09-12,1330.4000244140625,22.099000930786133,81.48999786376953,1683.4200439453125,14.289999961853027,108.5999984741211,2.9070000648498535,0.81,2.11,0.45,1652560456.2988281,0.45
2013-09-13,1308.4000244140625,21.670000076293945,81.44999694824219,1687.989990234375,14.15999984741211,108.20999908447266,2.8980000019073486,0.8,2.1,0.45,1541560324.319458,0.45
2013-09-16,1317.9000244140625,21.96299934387207,81.25,1697.5999755859375,14.380000114440918,106.58999633789062,2.874000072479248,0.76,2.12,0.41,1242889665.0039673,0.41
2013-09-17,1309.5,21.735000610351562,81.16999816894531,1704.760009765625,14.529999732971191,105.41999816894531,2.8529999256134033,0.7,2.16,0.39,1029140750.0,0.39
2013-09-18,1307.800048828125,21.513999938964844,80.23999786376953,1725.52001953125,13.59000015258789,108.06999969482422,2.7079999446868896,0.49,2.2,0.34,3271207663.8793945,0.34
2013-09-19,1369.4000244140625,23.242000579833984,80.36000061035156,1722.3399658203125,13.15999984741211,106.38999938964844,2.747999906539917,0.55,2.21,0.34,1891126325.0,0.34
2013-09-20,1332.5,21.875999450683594,80.44000244140625,1709.9100341796875,13.119999885559082,104.68000030517578,2.7320001125335693,0.52,2.23,0.34,2502667254.093933,0.34
2013-09-23,1326.9000244140625,21.80500030517578,80.44999694824219,1701.8399658203125,14.3100004196167,103.58999633789062,2.7139999866485596,0.46,2.26,0.35,946650612.6495361,0.35
2013-09-24,1316.0,21.538999557495117,80.55999755859375,1697.4200439453125,14.079999923706055,103.12999725341797,2.6530001163482666,0.48,2.19,0.35,938262728.9154053,0.35
2013-09-25,1335.9000244140625,21.83799934387207,80.33000183105469,1692.77001953125,14.010000228881836,102.66000366210938,2.614000082015991,0.45,2.18,0.36,968384838.5177612,0.36
2013-09-26,1323.5999755859375,21.719999313354492,80.5199966430664,1698.6700439453125,14.0600004196167,103.02999877929688,2.6429998874664307,0.47,2.19,0.34,1212893235.6895447,0.34
2013-09-27,1338.4000244140625,21.783000946044922,80.2699966430664,1691.75,15.460000038146973,102.87000274658203,2.61899995803833,0.46,2.18,0.34,958272903.0700684,0.34
2013-09-30,1326.5,21.6560001373291,80.22000122070312,1681.550048828125,16.600000381469727,102.33000183105469,2.615000009536743,0.45,2.19,0.33,1150928154.2358398,0.33
2013-10-01,1286.0,21.124000549316406,80.0999984741211,1695.0,15.539999961853027,102.04000091552734,2.6459999084472656,0.46,2.2,0.33,2083281787.765503,0.33
2013-10-02,1320.5999755859375,21.84600067138672,79.87999725341797,1693.8699951171875,16.600000381469727,104.0999984741211,2.625999927520752,0.43,2.2,0.31,1523983022.7172852,0.31
2013-10-03,1317.4000244140625,21.73900032043457,79.7699966430664,1678.6600341796875,17.670000076293945,103.30999755859375,2.6059999465942383,0.43,2.19,0.33,1479472225.5500793,0.33
2013-10-04,1309.699951171875,21.704999923706055,80.12000274658203,1690.5,16.739999771118164,103.83999633789062,2.6519999504089355,0.46,2.2,0.33,876055752.5482178,0.33
2013-10-07,1324.800048828125,22.339000701904297,79.94000244140625,1676.1199951171875,19.40999984741211,103.02999877929688,2.634000062942505,0.45,2.2,0.37,859374587.890625,0.37
2013-10-08,1324.199951171875,22.39699935913086,80.05999755859375,1655.449951171875,20.34000015258789,103.48999786376953,2.635999917984009,0.48,2.18,0.4,891761790.6806946,0.4
2013-10-09,1306.9000244140625,21.84600067138672,80.37000274658203,1656.4000244140625,19.600000381469727,101.61000061035156,2.6500000953674316,0.47,2.21,0.37,1350020167.5338745,0.37
2013-10-10,1296.5999755859375,21.850000381469727,80.41999816894531,1692.56005859375,16.479999542236328,103.01000213623047,2.684999942779541,0.5,2.21,0.35,1307767736.6729736,0.35
2013-10-11,1268.0,21.21500015258789,80.36000061035156,1703.199951171875,15.720000267028809,102.0199966430664,2.681999921798706,0.5,2.2,0.35,1958240735.6277466,0.35
2013-10-14,1276.4000244140625,21.309999465942383,80.26000213623047,1710.1400146484375,16.06999969482422,102.41000366210938,2.690999984741211,0.5,2.2,0.35,751498517.2027588,0.35
2013-10-15,1273.0,21.145999908447266,80.4800033569336,1698.06005859375,18.65999984741211,101.20999908447266,2.7200000286102295,0.54,2.21,0.37,1037377094.1452026,0.37
2013-10-16,1282.0,21.31999969482422,80.5,1721.5400390625,14.710000038146973,102.29000091552734,2.6710000038146973,0.5,2.19,0.34,1052980843.8034058,0.34
2013-10-17,1322.699951171875,21.902999877929688,79.6500015258789,1733.1500244140625,13.479999542236328,100.66999816894531,2.5869998931884766,0.45,2.16,0.33,1501657420.4208374,0.33
2013-10-18,1314.4000244140625,21.868999481201172,79.63999938964844,1744.5,13.039999961853027,100.80999755859375,2.5889999866485596,0.42,2.18,0.33,678710916.8357849,0.33
2013-10-21,1315.699951171875,22.232999801635742,79.68000030517578,1744.6600341796875,13.15999984741211,99.22000122070312,2.6089999675750732,0.44,2.19,0.33,431122507.39746094,0.33
2013-10-22,1342.5,22.753999710083008,79.23999786376953,1754.6700439453125,13.329999923706055,97.80000305175781,2.51200008392334,0.37,2.17,0.31,1144529627.5939941,0.31
2013-10-23,1333.9000244140625,22.582000732421875,79.26000213623047,1746.3800048828125,13.420000076293945,96.86000061035156,2.484999895095825,0.36,2.15,0.31,655315230.4321289,0.31
2013-10-24,1350.199951171875,22.785999298095703,79.19000244140625,1752.0699462890625,13.199999809265137,97.11000061035156,2.5220000743865967,0.36,2.17,0.33,1327759797.6135254,0.33
2013-10-25,1352.4000244140625,22.60300064086914,79.18000030517578,1759.77001953125,13.09000015258789,97.8499984741211,2.503000020980835,0.34,2.19,0.32,1143860292.866516,0.32
2013-10-28,1352.0,22.49799919128418,79.25,1762.1099853515625,13.3100004196167,98.68000030517578,2.51200008392334,0.35,2.19,0.32,888826351.3793945,0.32
2013-10-29,1345.199951171875,22.45199966430664,79.62999725341797,1771.949951171875,13.40999984741211,98.19999694824219,2.506999969482422,0.35,2.18,0.31,691479467.7658081,0.31
2013-10-30,1349.0,22.945999145507812,79.75,1763.31005859375,13.649999618530273,96.7699966430664,2.5269999504089355,0.37,2.18,0.33,1152921654.296875,0.33
2013-10-31,1323.5999755859375,21.832000732421875,80.19999694824219,1756.5400390625,13.75,96.37999725341797,2.5420000553131104,0.4,2.17,0.31,990406525.4371643,0.31
2013-11-01,1313.0999755859375,21.804000854492188,80.7300033569336,1761.6400146484375,13.279999732971191,94.61000061035156,2.619999885559082,0.5,2.15,0.33,1214429060.8062744,0.33
2013-11-04,1314.5999755859375,21.67799949645996,80.55000305175781,1767.9300537109375,12.930000305175781,94.62000274658203,2.6019999980926514,0.5,2.13,0.32,484325423.6755371,0.32
2013-11-05,1308.0,21.61400032043457,80.70999908447266,1762.969970703125,13.270000457763672,93.37000274658203,2.6619999408721924,0.55,2.14,0.32,625358259.9365234,0.32
2013-11-06,1317.699951171875,21.746000289916992,80.4800033569336,1770.489990234375,12.670000076293945,94.80000305175781,2.640000104904175,0.48,2.19,0.3,450911269.18182373,0.3
2013-11-07,1308.4000244140625,21.638999938964844,80.81999969482422,1747.1500244140625,13.90999984741211,94.19999694824219,2.61299991607666,0.46,2.17,0.29,971444644.1986084,0.29
2013-11-08,1284.5,21.30699920654297,81.20999908447266,1770.6099853515625,12.899999618530273,94.5999984741211,2.746000051498413,0.59,2.18,0.32,1047344833.7127686,0.32
2013-11-11,1281.0,21.27199935913086,81.08999633789062,1771.8900146484375,12.529999732971191,95.13999938964844,2.750999927520752,0.59,2.18,0.32,406008708.0024719,0.32
2013-11-12,1271.0999755859375,20.76799964904785,81.19000244140625,1767.68994140625,12.819999694824219,93.04000091552734,2.7679998874664307,0.62,2.18,0.34,943550696.484375,0.34
2013-11-13,1268.300048828125,20.43199920654297,80.93000030517578,1782.0,12.520000457763672,93.87999725341797,2.7249999046325684,0.58,2.17,0.32,733045940.8950806,0.32
2013-11-14,1286.199951171875,20.711999893188477,80.9800033569336,1790.6199951171875,12.369999885559082,93.76000213623047,2.7019999027252197,0.51,2.18,0.29,953113593.2533264,0.29
2013-11-15,1287.300048828125,20.716999053955078,80.83999633789062,1798.1800537109375,12.1899995803833,93.83999633789062,2.7090001106262207,0.53,2.18,0.31,579418222.5776672,0.31
2013-11-18,1272.199951171875,20.349000930786133,80.83000183105469,1791.530029296875,13.100000381469727,93.02999877929688,2.677999973297119,0.48,2.19,0.31,767055779.523468,0.31
2013-11-19,1273.4000244140625,20.326000213623047,80.69999694824219,1787.8699951171875,13.390000343322754,93.33999633789062,2.7119998931884766,0.53,2.18,0.29,450796163.81073,0.29
2013-11-20,1257.9000244140625,20.049999237060547,81.11000061035156,1781.3699951171875,13.399999618530273,93.33000183105469,2.7920000553131104,0.64,2.16,0.28,1715433759.223938,0.28
2013-11-21,1243.5,19.92799949645996,81.05000305175781,1795.8499755859375,12.65999984741211,95.44000244140625,2.7839999198913574,0.6,2.19,0.29,906446568.4509277,0.29
2013-11-22,1244.0,19.856000900268555,80.70999908447266,1804.760009765625,12.260000228881836,94.83999633789062,2.752000093460083,0.56,2.19,0.31,812386035.5957031,0.31
2013-11-25,1241.0999755859375,19.8799991607666,80.91999816894531,1802.47998046875,12.789999961853027,94.08999633789062,2.740999937057495,0.56,2.18,0.3,875298491.3475037,0.3
2013-11-26,1241.4000244140625,19.84600067138672,80.61000061035156,1802.75,12.8100004196167,93.68000030517578,2.696000099182129,0.54,2.17,0.29,1084766403.237152,0.29
2013-11-27,1237.800048828125,19.632999420166016,80.73999786376953,1807.22998046875,12.979999542236328,92.30000305175781,2.7360000610351562,0.58,2.16,0.28,734033910.3744507,0.28
2013-11-29,1250.5999755859375,19.981000900268555,80.68000030517578,1805.81005859375,13.699999809265137,92.72000122070312,2.740999937057495,0.6,2.15,0.28,285419282.7835083,0.28
2013-12-02,1222.300048828125,19.232999801635742,80.91000366210938,1800.9000244140625,14.229999542236328,93.81999969482422,2.8010001182556152,0.66,2.15,0.3,1210733036.8545532,0.3
2013-12-03,1221.699951171875,19.01099967956543,80.62000274658203,1795.1500244140625,14.550000190734863,96.04000091552734,2.7750000953674316,0.64,2.15,0.28,826286201.5869141,0.28
2013-12-04,1248.199951171875,19.77400016784668,80.62999725341797,1792.81005859375,14.699999809265137,97.19999694824219,2.8410000801086426,0.73,2.11,0.3,1092919563.658905,0.3
2013-12-05,1233.199951171875,19.513999938964844,80.2699966430664,1785.030029296875,15.079999923706055,97.37999725341797,2.861999988555908,0.76,2.12,0.3,1213131041.2948608,0.3
2013-12-06,1230.300048828125,19.46500015258789,80.2699966430664,1805.0899658203125,13.789999961853027,97.6500015258789,2.882999897003174,0.77,2.11,0.3,937671249.1378784,0.3
2013-12-09,1235.300048828125,19.643999099731445,80.12999725341797,1808.3699951171875,13.489999771118164,97.33999633789062,2.8570001125335693,0.74,2.12,0.3,659705094.7265625,0.3
2013-12-10,1262.4000244140625,20.256000518798828,79.97000122070312,1802.6199951171875,13.90999984741211,98.51000213623047,2.796999931335449,0.69,2.12,0.3,1115335189.2059326,0.3
2013-12-11,1258.5,20.29800033569336,79.88999938964844,1782.219970703125,15.420000076293945,97.44000244140625,2.8440001010894775,0.71,2.15,0.31,1200732020.0637817,0.31
2013-12-12,1226.0,19.402000427246094,80.19999694824219,1775.5,15.539999961853027,97.5,2.877000093460083,0.75,2.14,0.34,1042229540.0665283,0.34
2013-12-13,1235.699951171875,19.55900001525879,80.20999908447266,1775.3199462890625,15.760000228881836,96.5999984741211,2.868000030517578,0.72,2.16,0.34,773833080.1963806,0.34
2013-12-16,1245.5,20.048999786376953,80.06999969482422,1786.5400390625,16.030000686645508,97.4800033569336,2.877000093460083,0.71,2.18,0.34,980201274.9938965,0.34
2013-12-17,1231.199951171875,19.79199981689453,80.05999755859375,1781.0,16.209999084472656,97.22000122070312,2.8429999351501465,0.67,2.18,0.34,1019096728.1059265,0.34
2013-12-18,1236.0999755859375,20.013999938964844,80.11000061035156,1810.6500244140625,13.800000190734863,97.80000305175781,2.884999990463257,0.72,2.17,0.32,1912926659.9273682,0.32
2013-12-19,1195.0,19.14299964904785,80.62999725341797,1809.5999755859375,14.149999618530273,98.7699966430664,2.924999952316284,0.79,2.15,0.35,1831999023.1307983,0.35
2013-12-20,1205.0999755859375,19.417999267578125,80.58000183105469,1818.3199462890625,13.789999961853027,99.31999969482422,2.88700008392334,0.73,2.16,0.37,1703587613.873291,0.37
2013-12-23,1198.4000244140625,19.378000259399414,80.44999694824219,1827.989990234375,13.039999961853027,98.91000366210938,2.928999900817871,0.76,2.18,0.38,720844759.0965271,0.38
2013-12-24,1205.0999755859375,19.452999114990234,80.52999877929688,1833.3199462890625,12.479999542236328,99.22000122070312,2.9830000400543213,0.8,2.19,0.38,389387784.88235474,0.38
2013-12-26,1214.0999755859375,19.885000228881836,80.4800033569336,1842.02001953125,12.329999923706055,99.55000305175781,2.990000009536743,0.8,2.2,0.42,451597007.73620605,0.42
2013-12-27,1216.0999755859375,20.01300048828125,80.38999938964844,1841.4000244140625,12.460000038146973,100.31999969482422,3.00600004196167,0.8,2.22,0.4,492630155.55267334,0.4
2013-12-30,1203.0999755859375,19.58099937438965,80.0,1841.0699462890625,13.5600004196167,99.29000091552734,2.9760000705718994,0.76,2.23,0.39,773482243.9086914,0.39
2013-12-31,1201.9000244140625,19.339000701904297,80.04000091552734,1848.3599853515625,13.720000267028809,98.41999816894531,3.0260000228881836,0.8,2.24,0.38,1490504743.2548523,0.38
2014-01-02,1225.0,20.097999572753906,80.62999725341797,1831.97998046875,14.229999542236328,95.44000244140625,2.984999895095825,0.74,2.26,0.39,891018000.0,0.39
2014-01-03,1238.4000244140625,20.18199920654297,80.79000091552734,1831.3699951171875,13.760000228881836,93.95999908447266,2.994999885559082,0.75,2.26,0.41,700757181.3781738,0.41
2014-01-06,1237.800048828125,20.07699966430664,80.6500015258789,1826.77001953125,13.550000190734863,93.43000030517578,2.9609999656677246,0.72,2.26,0.4,1207726750.0,0.4
2014-01-07,1229.4000244140625,19.764999389648438,80.83000183105469,1837.8800048828125,12.920000076293945,93.66999816894531,2.937000036239624,0.7,2.26,0.4,764452232.0365906,0.4
2014-01-08,1225.300048828125,19.51799964904785,81.04000091552734,1837.489990234375,12.869999885559082,92.33000183105469,2.993000030517578,0.72,2.29,0.43,877454440.4029846,0.43
2014-01-09,1229.300048828125,19.663000106811523,81.01000213623047,1838.1300048828125,12.890000343322754,91.66000366210938,2.9630000591278076,0.66,2.31,0.44,470617884.36279297,0.44
2014-01-10,1246.699951171875,20.201000213623047,80.66000366210938,1842.3699951171875,12.140000343322754,92.72000122070312,2.859999895095825,0.59,2.29,0.39,961262249.0753174,0.39
2014-01-13,1250.9000244140625,20.361000061035156,80.51000213623047,1819.199951171875,13.279999732971191,91.80000305175781,2.8269999027252197,0.57,2.27,0.39,710714134.2857361,0.39
2014-01-14,1245.199951171875,20.250999450683594,80.61000061035156,1838.8800048828125,12.279999732971191,92.58999633789062,2.86899995803833,0.62,2.26,0.39,899822401.4190674,0.39
2014-01-15,1238.0999755859375,20.10300064086914,81.0,1848.3800048828125,12.279999732971191,94.16999816894531,2.884000062942505,0.62,2.28,0.41,655054758.0474854,0.41
2014-01-16,1240.0,20.024999618530273,80.9000015258789,1845.8900146484375,12.529999732971191,93.95999908447266,2.8429999351501465,0.61,2.25,0.41,473110608.61587524,0.41
2014-01-17,1251.699951171875,20.267000198364258,81.26000213623047,1838.699951171875,12.4399995803833,94.37000274658203,2.8269999027252197,0.58,2.26,0.4,958176764.4180298,0.4
2014-01-21,1242.300048828125,19.83799934387207,81.0999984741211,1843.800048828125,12.869999885559082,94.98999786376953,2.825000047683716,0.59,2.26,0.4,809590929.359436,0.4
2014-01-22,1239.0,19.80900001525879,81.16999816894531,1844.8599853515625,12.84000015258789,96.7300033569336,2.859999895095825,0.62,2.25,0.44,583053653.9428711,0.44
2014-01-23,1262.5999755859375,19.986000061035156,80.44000244140625,1828.4599609375,13.770000457763672,97.31999969482422,2.7730000019073486,0.66,2.13,0.39,1343124488.0966187,0.39
2014-01-24,1264.5,19.743000030517578,80.45999908447266,1790.2900390625,18.139999389648438,96.63999938964844,2.734999895095825,0.61,2.14,0.37,1041384960.7963562,0.37
2014-01-27,1263.5999755859375,19.770999908447266,80.5,1781.56005859375,17.420000076293945,95.72000122070312,2.7660000324249268,0.64,2.14,0.37,910659449.1073608,0.37
2014-01-28,1251.0,19.482999801635742,80.56999969482422,1792.5,15.800000190734863,97.41000366210938,2.746000051498413,0.62,2.15,0.38,622832009.2849731,0.38
2014-01-29,1262.199951171875,19.533000946044922,80.51000213623047,1774.199951171875,17.350000381469727,97.36000061035156,2.674999952316284,0.55,2.14,0.36,1501176039.9627686,0.36
2014-01-30,1242.199951171875,19.111000061035156,81.08999633789062,1794.18994140625,17.290000915527344,98.2300033569336,2.693000078201294,0.57,2.15,0.36,1047568275.6385803,0.36
2014-01-31,1240.0999755859375,19.104999542236328,81.2699966430664,1782.5899658203125,18.40999984741211,97.48999786376953,2.6679999828338623,0.53,2.14,0.34,958690449.7650146,0.34
2014-02-03,1260.4000244140625,19.388999938964844,81.01000213623047,1741.8900146484375,21.440000534057617,96.43000030517578,2.5810000896453857,0.47,2.14,0.3,1124308833.1718445,0.3
2014-02-04,1251.699951171875,19.402000427246094,81.12000274658203,1755.199951171875,19.110000610351562,97.19000244140625,2.624000072479248,0.51,2.13,0.31,850245110.987854,0.31
2014-02-05,1257.300048828125,19.78499984741211,81.02999877929688,1751.6400146484375,19.950000762939453,97.37999725341797,2.6670000553131104,0.56,2.14,0.32,824772006.2255859,0.32
2014-02-06,1257.5999755859375,19.908000946044922,80.88999938964844,1773.4300537109375,17.229999542236328,97.83999633789062,2.7019999027252197,0.57,2.16,0.33,575380781.8618774,0.33
2014-02-07,1263.300048828125,19.920000076293945,80.69000244140625,1797.02001953125,15.289999961853027,99.87999725341797,2.674999952316284,0.53,2.18,0.3,815448086.7782593,0.3
2014-02-10,1274.800048828125,20.099000930786133,80.66999816894531,1799.8399658203125,15.260000228881836,100.05999755859375,2.677999973297119,0.51,2.19,0.32,974903089.4775391,0.32
2014-02-11,1290.0999755859375,20.14299964904785,80.62999725341797,1819.75,14.510000228881836,99.94000244140625,2.7190001010894775,0.56,2.19,0.35,1435860567.0471191,0.35
2014-02-12,1295.300048828125,20.33099937438965,80.68000030517578,1819.260009765625,14.300000190734863,100.37000274658203,2.763000011444092,0.59,2.21,0.35,827695919.0299988,0.35
2014-02-13,1300.4000244140625,20.385000228881836,80.29000091552734,1829.8299560546875,14.140000343322754,100.3499984741211,2.7360000610351562,0.56,2.17,0.32,1150479751.4152527,0.32
2014-02-14,1319.0,21.410999298095703,80.12999725341797,1838.6300048828125,13.569999694824219,100.30000305175781,2.746000051498413,0.59,2.16,0.32,1417455502.0103455,0.32
2014-02-18,1324.699951171875,21.891000747680664,80.01000213623047,1840.760009765625,13.869999885559082,102.43000030517578,2.7109999656677246,0.57,2.14,0.31,979170931.7276001,0.31
2014-02-19,1320.5999755859375,21.8439998626709,80.16999816894531,1828.75,15.5,103.30999755859375,2.7339999675750732,0.6,2.13,0.33,1184930275.4981995,0.33
2014-02-20,1317.0999755859375,21.67799949645996,80.29000091552734,1839.780029296875,14.789999961853027,102.91999816894531,2.753999948501587,0.63,2.13,0.34,1349102023.867035,0.34
2014-02-21,1323.9000244140625,21.777000427246094,80.23999786376953,1836.25,14.680000305175781,102.19999694824219,2.7339999675750732,0.61,2.12,0.33,931104369.3634033,0.33
2014-02-24,1338.300048828125,22.047000885009766,80.20999908447266,1847.6099853515625,14.229999542236328,102.81999969482422,2.75,0.59,2.16,0.35,1562610724.545288,0.35
2014-02-25,1343.0,21.959999084472656,80.1500015258789,1845.1199951171875,13.670000076293945,101.83000183105469,2.7009999752044678,0.55,2.15,0.34,747609098.8464355,0.34
2014-02-26,1328.199951171875,21.253999710083008,80.41000366210938,1845.1600341796875,14.350000381469727,102.58999633789062,2.6730000972747803,0.51,2.16,0.33,903547023.3047485,0.33
2014-02-27,1331.5999755859375,21.31399917602539,80.29000091552734,1854.2900390625,14.039999961853027,102.4000015258789,2.6419999599456787,0.49,2.16,0.33,649525284.538269,0.33
2014-02-28,1321.4000244140625,21.20400047302246,79.77999877929688,1859.449951171875,14.0,102.58999633789062,2.6579999923706055,0.49,2.17,0.33,1350742871.0700989,0.33
2014-03-03,1350.0999755859375,21.447999954223633,80.06999969482422,1845.72998046875,16.0,104.91999816894531,2.6070001125335693,0.44,2.16,0.32,1529747840.171814,0.32
2014-03-04,1337.800048828125,21.187999725341797,80.16000366210938,1873.9100341796875,14.100000381469727,103.33000183105469,2.690999984741211,0.52,2.18,0.33,816049909.552002,0.33
2014-03-05,1340.199951171875,21.23900032043457,80.11000061035156,1873.81005859375,13.890000343322754,101.44999694824219,2.697999954223633,0.52,2.18,0.33,628789862.0223999,0.33
2014-03-06,1351.699951171875,21.54199981689453,79.68000030517578,1877.030029296875,14.210000038146973,101.55999755859375,2.736999988555908,0.53,2.21,0.37,704076503.0960083,0.37
2014-03-07,1338.0999755859375,20.89699935913086,79.72000122070312,1878.0400390625,14.109999656677246,102.58000183105469,2.7899999618530273,0.57,2.23,0.38,977856722.2595215,0.38
2014-03-10,1341.4000244140625,20.878999710083008,79.75,1877.1700439453125,14.199999809265137,101.12000274658203,2.7839999198913574,0.57,2.22,0.37,538459207.3608398,0.37
2014-03-11,1346.5,20.784000396728516,79.7699966430664,1867.6300048828125,14.800000190734863,100.02999877929688,2.7660000324249268,0.57,2.2,0.37,946653432.4493408,0.37
2014-03-12,1370.300048828125,21.327999114990234,79.61000061035156,1868.199951171875,14.470000267028809,97.98999786376953,2.7260000705718994,0.54,2.19,0.37,1461771731.0577393,0.37
2014-03-13,1372.199951171875,21.16900062561035,79.62000274658203,1846.3399658203125,16.219999313354492,98.19999694824219,2.6530001163482666,0.49,2.17,0.34,1058698070.7626343,0.34
2014-03-14,1379.0,21.384000778198242,79.44000244140625,1841.1300048828125,17.81999969482422,98.88999938964844,2.6449999809265137,0.48,2.17,0.36,1589160832.8735352,0.36
2014-03-17,1372.9000244140625,21.249000549316406,79.38999938964844,1858.8299560546875,15.640000343322754,98.08000183105469,2.6989998817443848,0.52,2.18,0.38,1925471943.0725098,0.38
2014-03-18,1359.0,20.836000442504883,79.41000366210938,1872.25,14.520000457763672,99.69999694824219,2.680999994277954,0.5,2.18,0.36,839155096.6308594,0.36
2014-03-19,1341.4000244140625,20.799999237060547,79.98999786376953,1860.77001953125,15.119999885559082,100.37000274658203,2.7720000743865967,0.62,2.16,0.47,1656575113.6383057,0.47
2014-03-20,1330.5,20.40399932861328,80.20999908447266,1872.010009765625,14.520000457763672,99.43000030517578,2.7750000953674316,0.66,2.13,0.45,983345692.6940918,0.45
2014-03-21,1336.0,20.285999298095703,80.11000061035156,1866.52001953125,15.0,99.45999908447266,2.75,0.61,2.14,0.45,929775939.8345947,0.45
2014-03-24,1311.199951171875,20.042999267578125,79.93000030517578,1857.43994140625,15.09000015258789,99.5999984741211,2.7330000400543213,0.59,2.15,0.47,1649992773.990631,0.47
2014-03-25,1311.4000244140625,19.954999923706055,79.94000244140625,1865.6199951171875,14.020000457763672,99.19000244140625,2.734999895095825,0.61,2.14,0.47,830121853.048706,0.47
2014-03-26,1303.4000244140625,19.759000778198242,79.9800033569336,1852.56005859375,14.930000305175781,100.26000213623047,2.7009999752044678,0.57,2.14,0.45,1075440945.4040527,0.45
2014-03-27,1294.699951171875,19.690000534057617,80.11000061035156,1849.0400390625,14.619999885559082,101.27999877929688,2.671999931335449,0.56,2.13,0.45,911039430.2215576,0.45
2014-03-28,1293.800048828125,19.77199935913086,80.18000030517578,1857.6199951171875,14.40999984741211,101.66999816894531,2.7119998931884766,0.6,2.13,0.45,903520854.2907715,0.45
2014-03-31,1283.4000244140625,19.733999252319336,80.0999984741211,1872.3399658203125,13.880000114440918,101.58000183105469,2.7230000495910645,0.6,2.13,0.44,1530192919.555664,0.44
2014-04-01,1279.5999755859375,19.66900062561035,80.08000183105469,1885.52001953125,13.100000381469727,99.73999786376953,2.759000062942505,0.63,2.14,0.44,739352876.3427734,0.44
2014-04-02,1290.5,20.0310001373291,80.22000122070312,1890.9000244140625,13.09000015258789,99.62000274658203,2.802999973297119,0.68,2.14,0.47,610137694.5022583,0.47
2014-04-03,1284.4000244140625,19.785999298095703,80.47000122070312,1888.77001953125,13.369999885559082,100.29000091552734,2.7899999618530273,0.66,2.14,0.46,453398489.3005371,0.46
2014-04-04,1303.199951171875,19.927000045776367,80.41999816894531,1865.0899658203125,13.960000038146973,101.13999938964844,2.7260000705718994,0.61,2.13,0.43,913948685.7788086,0.43
2014-04-07,1298.0,19.891000747680664,80.22000122070312,1845.0400390625,15.569999694824219,100.44000244140625,2.694999933242798,0.59,2.12,0.41,495542966.5283203,0.41
2014-04-08,1308.699951171875,20.04199981689453,79.75,1851.9599609375,14.890000343322754,102.55999755859375,2.680999994277954,0.58,2.11,0.4,874951093.5882568,0.4
2014-04-09,1305.5,19.7549991607666,79.4800033569336,1872.1800537109375,13.819999694824219,103.5999984741211,2.684000015258789,0.57,2.14,0.37,670203390.3808594,0.37
2014-04-10,1320.0999755859375,20.077999114990234,79.37999725341797,1833.0799560546875,15.890000343322754,103.4000015258789,2.628000020980835,0.51,2.14,0.37,635456442.6879883,0.37
2014-04-11,1318.699951171875,19.933000564575195,79.44999694824219,1815.68994140625,17.030000686645508,103.73999786376953,2.61899995803833,0.5,2.13,0.37,596215597.4334717,0.37
2014-04-14,1327.199951171875,19.999000549316406,79.7300033569336,1830.6099853515625,16.110000610351562,104.05000305175781,2.6389999389648438,0.52,2.13,0.37,853705579.8110962,0.37
2014-04-15,1300.0,19.47800064086914,79.80000305175781,1842.97998046875,15.609999656677246,103.75,2.628000020980835,0.5,2.14,0.39,1250834102.7069092,0.39
2014-04-16,1303.0999755859375,19.62299919128418,79.81999969482422,1862.31005859375,14.180000305175781,103.76000213623047,2.63700008392334,0.48,2.17,0.39,511111005.7273865,0.39
2014-04-17,1293.4000244140625,19.586000442504883,79.83000183105469,1864.8499755859375,13.359999656677246,104.30000305175781,2.7209999561309814,0.52,2.21,0.43,736262025.0,0.43
2014-04-21,1288.0,19.340999603271484,79.94999694824219,1871.8900146484375,13.25,104.37000274658203,2.7209999561309814,0.53,2.2,0.42,817399793.9453125,0.42
2014-04-22,1280.5999755859375,19.35099983215332,79.91000366210938,1879.550048828125,13.1899995803833,102.12999725341797,2.7260000705718994,0.52,2.21,0.45,853846809.5794678,0.45
2014-04-23,1284.199951171875,19.43000030517578,79.86000061035156,1875.3900146484375,13.270000457763672,101.44000244140625,2.686000108718872,0.49,2.21,0.43,462441623.98223877,0.43
2014-04-24,1290.5,19.68199920654297,79.80000305175781,1878.6099853515625,13.319999694824219,101.94000244140625,2.687999963760376,0.49,2.21,0.43,1090423130.6274414,0.43
2014-04-25,1300.699951171875,19.684999465942383,79.7699966430664,1863.4000244140625,14.0600004196167,100.5999984741211,2.6659998893737793,0.48,2.2,0.43,880982693.1434631,0.43
2014-04-28,1298.9000244140625,19.584999084472656,79.68000030517578,1869.4300537109375,13.970000267028809,100.83999633789062,2.677000045776367,0.52,2.18,0.44,611649738.5475159,0.44
2014-04-29,1296.0,19.488000869750977,79.80999755859375,1878.3299560546875,13.710000038146973,101.27999877929688,2.694999933242798,0.53,2.18,0.44,654466179.1992188,0.44
2014-04-30,1295.5999755859375,19.118999481201172,79.48999786376953,1883.949951171875,13.40999984741211,99.73999786376953,2.6480000019073486,0.49,2.18,0.42,1286037250.6378174,0.42
2014-05-01,1283.0999755859375,18.98900032043457,79.52999877929688,1883.6800537109375,13.25,99.41999816894531,2.6059999465942383,0.43,2.2,0.41,827887760.40802,0.41
2014-05-02,1302.5999755859375,19.492000579833984,79.5199966430664,1881.1400146484375,12.90999984741211,99.76000213623047,2.5910000801086426,0.41,2.19,0.42,1239707249.798584,0.42
2014-05-05,1309.0,19.520000457763672,79.48999786376953,1884.6600341796875,13.289999961853027,99.4800033569336,2.6110000610351562,0.45,2.18,0.43,655902236.3433838,0.43
2014-05-06,1308.300048828125,19.597999572753906,79.13999938964844,1867.719970703125,13.800000190734863,99.5,2.5950000286102295,0.45,2.16,0.43,439418251.7089844,0.43
2014-05-07,1288.5999755859375,19.29800033569336,79.22000122070312,1878.2099609375,13.399999618530273,100.7699966430664,2.5899999141693115,0.42,2.2,0.41,1051707467.4911499,0.41
2014-05-08,1287.4000244140625,19.0939998626709,79.43000030517578,1875.6300048828125,13.430000305175781,100.26000213623047,2.6019999980926514,0.42,2.19,0.4,458870228.2333374,0.4
2014-05-09,1287.300048828125,19.07699966430664,79.9000015258789,1878.47998046875,12.920000076293945,99.98999786376953,2.622999906539917,0.44,2.18,0.4,387191995.2392578,0.4
2014-05-12,1295.5999755859375,19.5,79.9000015258789,1896.6500244140625,12.229999542236328,100.58999633789062,2.6559998989105225,0.48,2.18,0.41,502945979.82788086,0.41
2014-05-13,1294.5999755859375,19.503999710083008,80.13999938964844,1897.449951171875,12.130000114440918,101.69999694824219,2.618000030517578,0.45,2.16,0.39,329380095.9663391,0.39
2014-05-14,1305.699951171875,19.735000610351562,80.06999969482422,1888.530029296875,12.170000076293945,102.37000274658203,2.5429999828338623,0.37,2.17,0.39,505240369.19555664,0.39
2014-05-15,1293.5,19.44700050354004,80.0,1870.8499755859375,13.170000076293945,101.5,2.502000093460083,0.31,2.19,0.38,731289427.3246765,0.38
2014-05-16,1293.300048828125,19.29199981689453,80.04000091552734,1877.8599853515625,12.4399995803833,102.0199966430664,2.5179998874664307,0.34,2.18,0.38,504486450.0,0.38
2014-05-19,1293.699951171875,19.32200050354004,79.98999786376953,1885.0799560546875,12.420000076293945,102.61000061035156,2.5360000133514404,0.37,2.17,0.36,486185915.145874,0.36
2014-05-20,1294.5,19.367000579833984,80.04000091552734,1872.8299560546875,12.960000038146973,102.44000244140625,2.509000062942505,0.35,2.17,0.35,470181061.2060547,0.35
2014-05-21,1288.0,19.30699920654297,80.0999984741211,1888.030029296875,11.90999984741211,104.06999969482422,2.5369999408721924,0.36,2.18,0.37,851636130.821228,0.37
2014-05-22,1294.9000244140625,19.489999771118164,80.25,1892.489990234375,12.029999732971191,103.73999786376953,2.555000066757202,0.35,2.21,0.37,431208589.66674805,0.37
2014-05-23,1291.5999755859375,19.38800048828125,80.38999938964844,1900.530029296875,11.359999656677246,104.3499984741211,2.5360000133514404,0.32,2.22,0.37,274656613.7123108,0.37
2014-05-27,1265.4000244140625,19.038999557495117,80.3499984741211,1911.9100341796875,11.510000228881836,104.11000061035156,2.5179998874664307,0.31,2.21,0.39,1327653213.3743286,0.39
2014-05-28,1259.300048828125,19.03499984741211,80.56999969482422,1909.780029296875,11.680000305175781,102.72000122070312,2.437999963760376,0.22,2.22,0.37,816500139.440918,0.37
2014-05-29,1256.300048828125,18.982999801635742,80.48999786376953,1920.030029296875,11.569999694824219,103.58000183105469,2.447000026702881,0.22,2.23,0.37,671446799.5544434,0.37
2014-05-30,1245.5999755859375,18.652999877929688,80.37000274658203,1923.5699462890625,11.399999618530273,102.70999908447266,2.4570000171661377,0.26,2.22,0.37,1053714330.670166,0.37
2014-06-02,1243.699951171875,18.708999633789062,80.63999938964844,1924.969970703125,11.579999923706055,102.47000122070312,2.5339999198913574,0.32,2.22,0.39,708157151.9454956,0.39
2014-06-03,1244.300048828125,18.73200035095215,80.55000305175781,1924.239990234375,11.869999885559082,102.66000366210938,2.5929999351501465,0.41,2.19,0.41,601046093.698883,0.41
2014-06-04,1244.0,18.766000747680664,80.66999816894531,1927.8800048828125,12.079999923706055,102.63999938964844,2.6059999465942383,0.44,2.17,0.41,462213728.2447815,0.41
2014-06-05,1253.0,19.05500030517578,80.37000274658203,1940.4599609375,11.680000305175781,102.4800033569336,2.5840001106262207,0.41,2.18,0.4,504407079.30908203,0.4
2014-06-06,1252.0999755859375,18.96299934387207,80.41000366210938,1949.43994140625,10.729999542236328,102.66000366210938,2.5969998836517334,0.4,2.2,0.41,579856699.9343872,0.41
2014-06-09,1253.5,19.045000076293945,80.6500015258789,1951.27001953125,11.149999618530273,104.41000366210938,2.61299991607666,0.41,2.21,0.43,336372204.2541504,0.43
2014-06-10,1259.800048828125,19.14699935913086,80.81999969482422,1950.7900390625,10.989999771118164,104.3499984741211,2.634999990463257,0.43,2.21,0.45,431735671.82922363,0.45
2014-06-11,1260.800048828125,19.15399932861328,80.79000091552734,1943.8900146484375,11.600000381469727,104.4000015258789,2.640000104904175,0.43,2.22,0.44,433712956.0821533,0.44
2014-06-12,1273.5999755859375,19.514999389648438,80.58000183105469,1930.1099853515625,12.5600004196167,106.52999877929688,2.5859999656677246,0.39,2.19,0.42,906125635.4904175,0.42
2014-06-13,1273.699951171875,19.636999130249023,80.58000183105469,1936.1600341796875,12.180000305175781,106.91000366210938,2.6040000915527344,0.41,2.19,0.45,495110732.3135376,0.45
2014-06-16,1274.9000244140625,19.70199966430664,80.47000122070312,1937.780029296875,12.649999618530273,106.9000015258789,2.5969998836517334,0.41,2.2,0.49,714051365.3198242,0.49
2014-06-17,1271.699951171875,19.72100067138672,80.62999725341797,1941.989990234375,12.0600004196167,106.36000061035156,2.6549999713897705,0.43,2.23,0.51,493130779.07714844,0.51
2014-06-18,1272.4000244140625,19.767000198364258,80.58000183105469,1956.97998046875,10.609999656677246,105.97000122070312,2.61299991607666,0.38,2.23,0.48,564490530.5740356,0.48
2014-06-19,1313.699951171875,20.636999130249023,80.31999969482422,1959.47998046875,10.619999885559082,106.43000030517578,2.621999979019165,0.39,2.25,0.48,3094137171.508789,0.48
2014-06-20,1316.199951171875,20.941999435424805,80.37000274658203,1962.8699951171875,10.850000381469727,107.26000213623047,2.624000072479248,0.35,2.28,0.5,1259269550.0,0.5
2014-06-23,1318.0,20.909000396728516,80.26000213623047,1962.6099853515625,10.979999542236328,106.16999816894531,2.622999906539917,0.35,2.28,0.48,652364172.15271,0.48
2014-06-24,1320.9000244140625,21.038000106811523,80.33000183105469,1949.97998046875,12.130000114440918,106.02999877929688,2.5859999656677246,0.31,2.28,0.49,806348417.3171997,0.49
2014-06-25,1322.199951171875,21.111000061035156,80.22000122070312,1959.530029296875,11.59000015258789,106.5,2.559000015258789,0.29,2.28,0.48,849855162.7037048,0.48
2014-06-26,1316.0999755859375,21.10300064086914,80.2300033569336,1957.219970703125,11.630000114440918,105.83999633789062,2.5250000953674316,0.26,2.27,0.46,700791572.5631714,0.46
2014-06-27,1319.0,21.07699966430664,80.04000091552734,1960.9599609375,11.260000228881836,105.73999786376953,2.5320000648498535,0.27,2.27,0.45,532010013.381958,0.45
2014-06-30,1321.800048828125,21.006999969482422,79.77999877929688,1960.22998046875,11.569999694824219,105.37000274658203,2.5160000324249268,0.27,2.26,0.47,2320520014.3218994,0.47
2014-07-01,1326.4000244140625,21.066999435424805,79.81999969482422,1973.3199462890625,11.149999618530273,105.33999633789062,2.562999963760376,0.32,2.26,0.47,1040231405.140686,0.47
2014-07-02,1330.699951171875,21.253999710083008,79.95999908447266,1974.6199951171875,10.819999694824219,104.4800033569336,2.628000020980835,0.38,2.26,0.49,732857512.4862671,0.49
2014-07-03,1320.4000244140625,21.089000701904297,80.20999908447266,1985.43994140625,10.319999694824219,104.05999755859375,2.6480000019073486,0.37,2.28,0.52,625945118.0267334,0.52
2014-07-07,1316.5,20.965999603271484,80.22000122070312,1977.6500244140625,11.329999923706055,103.52999877929688,2.617000102996826,0.36,2.27,0.52,588127988.4567261,0.52
2014-07-08,1316.0,20.966999053955078,80.18000030517578,1963.7099609375,11.979999542236328,103.4000015258789,2.565000057220459,0.31,2.27,0.51,789943360.1028442,0.51
2014-07-09,1323.800048828125,21.02199935913086,79.98999786376953,1972.8299560546875,11.649999618530273,102.29000091552734,2.546999931335449,0.28,2.29,0.51,1069087537.3748779,0.51
2014-07-10,1338.699951171875,21.458999633789062,80.12999725341797,1964.6800537109375,12.59000015258789,102.93000030517578,2.5320000648498535,0.27,2.28,0.46,811511539.6133423,0.46
2014-07-11,1337.0,21.410999298095703,80.19000244140625,1967.5699462890625,12.079999923706055,100.83000183105469,2.5199999809265137,0.25,2.28,0.48,556600032.723999,0.48
2014-07-14,1306.300048828125,20.86400032043457,80.19000244140625,1977.0999755859375,11.819999694824219,100.91000366210938,2.5490000247955322,0.28,2.27,0.48,1441442673.9959717,0.48
2014-07-15,1296.9000244140625,20.841999053955078,80.38999938964844,1973.280029296875,11.960000038146973,99.95999908447266,2.5490000247955322,0.31,2.25,0.49,1312757888.1317139,0.49
2014-07-16,1299.5999755859375,20.726999282836914,80.55999755859375,1981.5699462890625,11.0,101.19999694824219,2.5380001068115234,0.32,2.23,0.5,512352011.0046387,0.5
2014-07-17,1316.699951171875,21.086000442504883,80.5199966430664,1958.1199951171875,14.539999961853027,103.19000244140625,2.4749999046325684,0.24,2.23,0.47,1451863409.1644287,0.47
2014-07-18,1309.199951171875,20.83799934387207,80.5199966430664,1978.219970703125,12.0600004196167,103.12999725341797,2.4839999675750732,0.26,2.24,0.51,814913299.2546082,0.51
2014-07-21,1313.699951171875,20.965999603271484,80.55999755859375,1973.6300048828125,12.8100004196167,104.58999633789062,2.4739999771118164,0.25,2.24,0.51,416454529.92858887,0.51
2014-07-22,1306.0999755859375,20.96500015258789,80.77999877929688,1983.530029296875,12.239999771118164,104.41999816894531,2.4660000801086426,0.25,2.23,0.49,488122671.7071533,0.49
2014-07-23,1304.5,20.95199966430664,80.80999755859375,1987.010009765625,11.520000457763672,103.12000274658203,2.4639999866485596,0.25,2.23,0.5,382060676.3534546,0.5
2014-07-24,1290.5999755859375,20.375999450683594,80.87000274658203,1987.97998046875,11.84000015258789,102.06999969482422,2.509000062942505,0.25,2.27,0.53,1008677447.6226807,0.53
2014-07-25,1303.0999755859375,20.58799934387207,81.02999877929688,1978.3399658203125,12.6899995803833,102.08999633789062,2.4690001010894775,0.2,2.28,0.53,709304657.1624756,0.53
2014-07-28,1303.300048828125,20.525999069213867,81.02999877929688,1978.9100341796875,12.5600004196167,101.66999816894531,2.490999937057495,0.22,2.28,0.54,403475987.8829956,0.54
2014-07-29,1298.300048828125,20.54599952697754,81.20999908447266,1969.949951171875,13.279999732971191,100.97000122070312,2.4619998931884766,0.2,2.27,0.54,659516023.9242554,0.54
2014-07-30,1294.9000244140625,20.558000564575195,81.41999816894531,1970.0699462890625,13.329999923706055,100.2699966430664,2.553999900817871,0.29,2.28,0.56,700895494.2810059,0.56
2014-07-31,1281.300048828125,20.37299919128418,81.45999908447266,1930.6700439453125,16.950000762939453,98.16999816894531,2.555999994277954,0.29,2.29,0.53,1221129128.9596558,0.53
2014-08-01,1293.5999755859375,20.332000732421875,81.30000305175781,1925.1500244140625,17.030000686645508,97.87999725341797,2.505000114440918,0.25,2.27,0.47,920038839.6835327,0.47
2014-08-04,1287.699951171875,20.194000244140625,81.33000183105469,1938.989990234375,15.119999885559082,98.29000091552734,2.490999937057495,0.26,2.25,0.47,805860592.1157837,0.47
2014-08-05,1284.0,19.79400062561035,81.5199966430664,1920.2099609375,16.8700008392334,97.37999725341797,2.4830000400543213,0.25,2.24,0.47,1033385497.9133606,0.47
2014-08-06,1306.699951171875,19.985000610351562,81.44000244140625,1920.239990234375,16.3700008392334,96.91999816894531,2.4739999771118164,0.24,2.25,0.48,1172224608.920288,0.48
2014-08-07,1310.800048828125,19.951000213623047,81.5199966430664,1909.5699462890625,16.65999984741211,97.33999633789062,2.4240000247955322,0.19,2.24,0.44,920975204.2274475,0.44
2014-08-08,1308.9000244140625,19.902000427246094,81.38999938964844,1931.5899658203125,15.770000457763672,97.6500015258789,2.4149999618530273,0.19,2.25,0.45,722841571.9848633,0.45
2014-08-11,1308.5,20.059999465942383,81.47000122070312,1936.9200439453125,14.229999542236328,98.08000183105469,2.4200000762939453,0.19,2.25,0.47,398474457.10372925,0.47
2014-08-12,1308.800048828125,19.8700008392334,81.5,1933.75,14.130000114440918,97.37000274658203,2.441999912261963,0.22,2.24,0.45,580776093.1526184,0.45
2014-08-13,1312.800048828125,19.809999465942383,81.5999984741211,1946.719970703125,12.899999618530273,97.58999633789062,2.4130001068115234,0.2,2.23,0.43,500698487.8921509,0.43
2014-08-14,1313.9000244140625,19.871000289916992,81.58999633789062,1955.1800537109375,12.420000076293945,95.58000183105469,2.4000000953674316,0.19,2.21,0.42,422949026.8249512,0.42
2014-08-15,1304.5,19.489999771118164,81.41999816894531,1955.06005859375,13.149999618530273,97.3499984741211,2.3450000286102295,0.16,2.18,0.42,1640086383.8768005,0.42
2014-08-18,1297.699951171875,19.600000381469727,81.58000183105469,1971.739990234375,12.319999694824219,96.41000366210938,2.38700008392334,0.21,2.18,0.44,618864395.4658508,0.44
2014-08-19,1295.0999755859375,19.386999130249023,81.87999725341797,1981.5999755859375,12.210000038146973,94.4800033569336,2.4049999713897705,0.23,2.17,0.46,608238913.4887695,0.46
2014-08-20,1293.4000244140625,19.472000122070312,82.25,1986.510009765625,11.779999732971191,96.06999969482422,2.4260001182556152,0.26,2.17,0.49,546021437.3657227,0.49
2014-08-21,1273.699951171875,19.389999389648438,82.1500015258789,1992.3699951171875,11.760000228881836,93.95999908447266,2.4070000648498535,0.24,2.17,0.49,984121322.0031738,0.49
2014-08-22,1278.5999755859375,19.361000061035156,82.33999633789062,1988.4000244140625,11.470000267028809,93.6500015258789,2.4030001163482666,0.26,2.14,0.53,583822059.5703125,0.53
2014-08-25,1277.300048828125,19.33799934387207,82.55000305175781,1997.9200439453125,11.699999809265137,93.3499984741211,2.38700008392334,0.24,2.15,0.53,615221965.2923584,0.53
2014-08-26,1283.800048828125,19.3700008392334,82.6500015258789,2000.02001953125,11.630000114440918,93.86000061035156,2.3910000324249268,0.25,2.14,0.52,478881699.0760803,0.52
2014-08-27,1281.9000244140625,19.395000457763672,82.43000030517578,2000.1199951171875,11.779999732971191,93.87999725341797,2.3610000610351562,0.23,2.14,0.51,317770975.21362305,0.51
2014-08-28,1288.699951171875,19.534000396728516,82.4800033569336,1996.739990234375,12.050000190734863,94.55000305175781,2.3340001106262207,0.21,2.13,0.5,408790800.0,0.5
2014-08-29,1285.800048828125,19.398000717163086,82.75,2003.3699951171875,12.09000015258789,95.95999908447266,2.3429999351501465,0.23,2.12,0.48,456238312.24823,0.48
2014-09-02,1263.699951171875,19.070999145507812,82.98999786376953,2002.280029296875,12.25,92.87999725341797,2.4189999103546143,0.27,2.15,0.53,1232144205.455017,0.53
2014-09-03,1268.9000244140625,19.107999801635742,82.87000274658203,2000.719970703125,12.359999656677246,95.54000091552734,2.4100000858306885,0.24,2.17,0.52,417093395.2102661,0.52
2014-09-04,1265.0999755859375,19.06399917602539,83.81999969482422,1997.6500244140625,12.640000343322754,94.44999694824219,2.447999954223633,0.28,2.17,0.54,888091712.5411987,0.54
2014-09-05,1265.800048828125,19.082000732421875,83.76000213623047,2007.7099609375,12.09000015258789,93.29000091552734,2.4609999656677246,0.31,2.15,0.52,426001597.47924805,0.52
2014-09-08,1252.699951171875,18.886999130249023,84.2300033569336,2001.5400390625,12.65999984741211,92.66000366210938,2.4690001010894775,0.35,2.13,0.54,906259770.198822,0.54
2014-09-09,1246.800048828125,18.8439998626709,84.27999877929688,1988.43994140625,13.5,92.75,2.5,0.39,2.11,0.56,744232867.9115295,0.56
2014-09-10,1243.5,18.856000900268555,84.25,1995.68994140625,12.880000114440918,91.66999816894531,2.5339999198913574,0.44,2.1,0.58,844405604.9995422,0.58
2014-09-11,1237.4000244140625,18.533000946044922,84.30000305175781,1997.449951171875,12.800000190734863,92.83000183105469,2.5309998989105225,0.42,2.12,0.58,909405649.2919922,0.58
2014-09-12,1229.9000244140625,18.54599952697754,84.23999786376953,1985.5400390625,13.3100004196167,92.2699966430664,2.614000082015991,0.49,2.13,0.58,962015047.6799011,0.58
2014-09-15,1233.5999755859375,18.555999755859375,84.26000213623047,1984.1300048828125,14.119999885559082,92.91999816894531,2.5910000801086426,0.47,2.13,0.58,566553453.0853271,0.58
2014-09-16,1235.199951171875,18.6560001373291,84.06999969482422,1998.97998046875,12.729999542236328,94.87999725341797,2.5889999866485596,0.48,2.12,0.55,777682946.9833374,0.55
2014-09-17,1234.4000244140625,18.663000106811523,84.69999694824219,2001.5699462890625,12.649999618530273,94.41999816894531,2.5999999046325684,0.56,2.06,0.59,978955405.6251526,0.59
2014-09-18,1225.699951171875,18.45199966430664,84.31999969482422,2011.3599853515625,12.029999732971191,93.06999969482422,2.628999948501587,0.61,2.02,0.59,632325479.4464111,0.59
2014-09-19,1215.300048828125,17.7810001373291,84.80000305175781,2010.4000244140625,12.109999656677246,92.41000366210938,2.5869998931884766,0.56,2.03,0.59,1279817077.972412,0.59
2014-09-22,1216.800048828125,17.698999404907227,84.66999816894531,1994.2900390625,13.6899995803833,91.5199966430664,2.565999984741211,0.58,1.99,0.58,888246948.4008789,0.58
2014-09-23,1221.0,17.71299934387207,84.66000366210938,1982.77001953125,14.930000305175781,91.55999755859375,2.5350000858306885,0.52,2.02,0.57,548580472.8820801,0.57
2014-09-24,1218.5999755859375,17.64299964904785,85.05000305175781,1998.300048828125,13.270000457763672,92.80000305175781,2.569000005722046,0.54,2.03,0.59,645530766.8304443,0.59
2014-09-25,1221.199951171875,17.378999710083008,85.19999694824219,1965.989990234375,15.640000343322754,92.52999877929688,2.510999917984009,0.5,2.02,0.56,895885258.34198,0.56
2014-09-26,1214.0999755859375,17.476999282836914,85.63999938964844,1982.8499755859375,14.850000381469727,93.54000091552734,2.5350000858306885,0.57,1.97,0.59,489919501.78222656,0.59
2014-09-29,1217.5,17.516000747680664,85.58999633789062,1977.800048828125,15.979999542236328,94.56999969482422,2.490999937057495,0.55,1.95,0.58,473912980.0567627,0.58
2014-09-30,1210.5,17.006000518798828,85.94000244140625,1972.2900390625,16.309999465942383,91.16000366210938,2.507999897003174,0.55,1.97,0.58,1181867311.6889954,0.58
2014-10-01,1214.5999755859375,17.209999084472656,85.97000122070312,1946.1600341796875,16.709999084472656,90.7300033569336,2.4030001163482666,0.46,1.96,0.53,819585252.4383545,0.53
2014-10-02,1214.199951171875,17.000999450683594,85.5999984741211,1946.1700439453125,16.15999984741211,91.01000213623047,2.437999963760376,0.49,1.95,0.53,741287312.4351501,0.53
2014-10-03,1192.199951171875,16.780000686645508,86.69000244140625,1967.9000244140625,14.550000190734863,89.73999786376953,2.447000026702881,0.52,1.93,0.57,1295241999.897766,0.57
2014-10-06,1206.699951171875,17.18000030517578,85.70999908447266,1964.8199462890625,15.460000038146973,90.33999633789062,2.424999952316284,0.5,1.93,0.54,886944913.6688232,0.54
2014-10-07,1211.699951171875,17.19099998474121,85.66999816894531,1935.0999755859375,17.200000762939453,88.8499984741211,2.3499999046325684,0.44,1.92,0.52,613764095.2194214,0.52
2014-10-08,1205.300048828125,17.014999389648438,85.30000305175781,1968.8900146484375,15.109999656677246,87.30999755859375,2.3299999237060547,0.39,1.96,0.46,1253510636.026001,0.46
2014-10-09,1224.5999755859375,17.367000579833984,85.5199966430664,1928.2099609375,18.760000228881836,85.7699966430664,2.3269999027252197,0.37,1.97,0.46,777659215.965271,0.46
2014-10-10,1221.0,17.25200080871582,85.91000366210938,1906.1300048828125,21.239999771118164,85.81999969482422,2.306999921798706,0.35,1.96,0.45,546958108.9660645,0.45
2014-10-13,1229.300048828125,17.29400062561035,85.43000030517578,1874.739990234375,24.639999389648438,85.73999786376953,2.2860000133514404,0.35,1.96,0.45,639569457.8849792,0.45
2014-10-14,1233.5999755859375,17.35300064086914,85.81999969482422,1877.699951171875,22.790000915527344,81.83999633789062,2.2060000896453857,0.29,1.92,0.39,613679513.0493164,0.39
2014-10-15,1244.0999755859375,17.415000915527344,85.1500015258789,1862.489990234375,25.270000457763672,81.77999877929688,2.0899999141693115,0.29,1.86,0.34,1124907641.8045044,0.34
2014-10-16,1240.5,17.38800048828125,85.0,1862.760009765625,25.200000762939453,82.69999694824219,2.1530001163482666,0.28,1.89,0.35,780342595.9899902,0.35
2014-10-17,1238.300048828125,17.281999588012695,85.19000244140625,1886.760009765625,21.989999771118164,82.75,2.1989998817443848,0.3,1.92,0.39,958940392.7841187,0.39
2014-10-20,1244.0,17.304000854492188,84.94999694824219,1904.010009765625,18.56999969482422,82.70999908447266,2.180999994277954,0.29,1.91,0.37,363437269.2581177,0.37
2014-10-21,1251.0,17.503999710083008,85.30999755859375,1941.280029296875,16.079999923706055,82.80999755859375,2.2079999446868896,0.33,1.9,0.38,548023306.6719055,0.38
2014-10-22,1244.800048828125,17.18600082397461,85.73999786376953,1927.1099853515625,17.8700008392334,80.5199966430664,2.2290000915527344,0.34,1.91,0.41,446355454.3029785,0.41
2014-10-23,1228.5,17.11400032043457,85.83999633789062,1950.8199462890625,16.530000686645508,82.08999633789062,2.2750000953674316,0.38,1.91,0.41,760602078.4568787,0.41
2014-10-24,1231.199951171875,17.13599967956543,85.7300033569336,1964.5799560546875,16.110000610351562,81.01000213623047,2.2730000019073486,0.39,1.9,0.41,427314504.4906616,0.41
2014-10-27,1229.0999755859375,17.114999771118164,85.5,1961.6300048828125,16.040000915527344,81.0,2.256999969482422,0.38,1.89,0.41,288491410.0341797,0.41
2014-10-28,1229.199951171875,17.184999465942383,85.41000366210938,1985.050048828125,14.390000343322754,81.41999816894531,2.2839999198913574,0.39,1.91,0.42,385017805.0254822,0.42
2014-10-29,1224.300048828125,17.2189998626709,85.94999694824219,1982.300048828125,15.149999618530273,82.19999694824219,2.322999954223633,0.42,1.92,0.48,919732156.9335938,0.48
2014-10-30,1198.0999755859375,16.391000747680664,86.1500015258789,1994.6500244140625,14.520000457763672,81.12000274658203,2.305000066757202,0.42,1.9,0.48,904494937.1704102,0.48
2014-10-31,1171.0999755859375,16.07699966430664,86.87999725341797,2018.050048828125,14.029999732971191,80.54000091552734,2.3350000381469727,0.43,1.92,0.5,2051335878.68042,0.5
2014-11-03,1169.4000244140625,16.174999237060547,87.30999755859375,2017.81005859375,14.729999542236328,78.77999877929688,2.3480000495910645,0.43,1.93,0.52,739046080.0552368,0.52
2014-11-04,1167.4000244140625,15.927000045776367,86.9800033569336,2012.0999755859375,14.890000343322754,77.19000244140625,2.3420000076293945,0.43,1.92,0.52,721585829.8492432,0.52
2014-11-05,1145.4000244140625,15.418000221252441,87.44000244140625,2023.5699462890625,14.170000076293945,78.68000030517578,2.3499999046325684,0.43,1.93,0.52,1488763391.4146423,0.52
2014-11-06,1142.300048828125,15.392000198364258,88.01000213623047,2031.2099609375,13.670000076293945,77.91000366210938,2.375,0.45,1.94,0.54,771346592.7192688,0.54
2014-11-07,1169.5999755859375,15.699000358581543,87.63999938964844,2031.9200439453125,13.119999885559082,78.6500015258789,2.312000036239624,0.38,1.94,0.51,1233237018.3258057,0.51
2014-11-10,1159.5999755859375,15.656999588012695,87.80999755859375,2038.260009765625,12.670000076293945,77.4000015258789,2.3589999675750732,0.44,1.94,0.55,944267302.1736145,0.55
2014-11-11,1162.800048828125,15.663999557495117,87.52999877929688,2039.6800537109375,12.920000076293945,77.94000244140625,2.359999895095825,0.44,1.94,0.55,963902535.8764648,0.55
2014-11-12,1158.9000244140625,15.619000434875488,87.81999969482422,2038.25,13.020000457763672,77.18000030517578,2.3589999675750732,0.46,1.91,0.55,572362950.0,0.55
2014-11-13,1161.0999755859375,15.616999626159668,87.66999816894531,2039.3299560546875,13.789999961853027,74.20999908447266,2.3469998836517334,0.47,1.88,0.53,544346573.0743408,0.53
2014-11-14,1185.0,16.309999465942383,87.52999877929688,2039.8199462890625,13.3100004196167,75.81999969482422,2.319999933242798,0.43,1.89,0.54,1622452009.3017578,0.54
2014-11-17,1183.0,16.05299949645996,87.93000030517578,2041.3199462890625,13.989999771118164,75.63999938964844,2.3399999141693115,0.48,1.86,0.54,620546066.6046143,0.54
2014-11-18,1196.699951171875,16.170000076293945,87.58000183105469,2051.800048828125,13.859999656677246,74.61000061035156,2.322000026702881,0.48,1.84,0.53,642749852.0492554,0.53
2014-11-19,1193.5999755859375,16.290000915527344,87.6500015258789,2048.719970703125,13.960000038146973,74.58000183105469,2.3510000705718994,0.53,1.83,0.54,1363898539.6614075,0.54
2014-11-20,1190.699951171875,16.132999420166016,87.58999633789062,2052.75,13.579999923706055,75.58000183105469,2.3350000381469727,0.49,1.85,0.53,644111911.4227295,0.53
2014-11-21,1197.5,16.391000747680664,88.30999755859375,2063.5,12.899999618530273,76.51000213623047,2.315000057220459,0.45,1.86,0.53,757454572.9934692,0.53
2014-11-24,1195.5,16.37700080871582,88.1500015258789,2069.409912109375,12.619999885559082,75.77999877929688,2.309999942779541,0.44,1.86,0.53,540441452.8656006,0.53
2014-11-25,1197.0999755859375,16.554000854492188,87.91999816894531,2067.030029296875,12.25,74.08999633789062,2.259999990463257,0.42,1.85,0.51,1044396659.1384888,0.51
2014-11-26,1196.5999755859375,16.54800033569336,87.61000061035156,2072.830078125,12.069999694824219,73.69000244140625,2.2339999675750732,0.42,1.82,0.53,366669451.66015625,0.53
2014-11-28,1175.199951171875,15.48900032043457,88.36000061035156,2067.56005859375,13.329999923706055,66.1500015258789,2.194000005722046,0.39,1.79,0.47,1078083398.8693237,0.47
2014-12-01,1218.0,16.648000717163086,87.94999694824219,2053.43994140625,14.15999984741211,69.0,2.2179999351501465,0.43,1.79,0.49,1823777548.6450195,0.49
2014-12-02,1199.199951171875,16.408000946044922,88.6500015258789,2066.550048828125,12.850000381469727,66.87999725341797,2.2850000858306885,0.51,1.77,0.55,734374430.1071167,0.55
2014-12-03,1208.5,16.358999252319336,88.95999908447266,2074.330078125,12.5,67.37999725341797,2.2869999408721924,0.5,1.79,0.57,669921214.5446777,0.57
2014-12-04,1207.5,16.520000457763672,88.69999694824219,2071.919921875,12.380000114440918,66.80999755859375,2.256999969482422,0.48,1.77,0.55,419902758.04748535,0.55
2014-12-05,1190.0999755859375,16.195999145507812,89.33000183105469,2075.3701171875,11.890000343322754,65.83999633789062,2.306999921798706,0.56,1.75,0.65,724456331.9320679,0.65
2014-12-08,1194.699951171875,16.215999603271484,89.04000091552734,2060.31005859375,14.210000038146973,63.04999923706055,2.256999969482422,0.55,1.71,0.64,604892603.6224365,0.64
2014-12-09,1231.5,17.08099937438965,88.69000244140625,2059.820068359375,15.350000381469727,63.81999969482422,2.2200000286102295,0.49,1.73,0.64,1237118393.5546875,0.64
2014-12-10,1228.9000244140625,17.132999420166016,88.2699966430664,2026.1400146484375,18.530000686645508,60.939998626708984,2.1689999103546143,0.47,1.71,0.59,504562100.08392334,0.59
2014-12-11,1225.0999755859375,17.05900001525879,88.66000366210938,2035.3299560546875,20.079999923706055,59.95000076293945,2.177999973297119,0.49,1.7,0.62,613694517.7307129,0.62
2014-12-12,1222.0,17.018999099731445,88.36000061035156,2002.3299560546875,21.079999923706055,57.810001373291016,2.1029999256134033,0.46,1.64,0.56,556112482.345581,0.56
2014-12-15,1207.199951171875,16.527000427246094,88.45999908447266,1989.6300048828125,20.420000076293945,55.90999984741211,2.115999937057495,0.5,1.62,0.6,1006174434.6313477,0.6
2014-12-16,1193.9000244140625,15.71500015258789,88.12999725341797,1972.739990234375,23.56999969482422,55.93000030517578,2.071000099182129,0.42,1.65,0.58,1054551272.0031738,0.58
2014-12-17,1194.300048828125,15.890999794006348,89.12999725341797,2012.8900146484375,19.440000534057617,56.470001220703125,2.1480000019073486,0.49,1.65,0.62,1039548440.460968,0.62
2014-12-18,1194.699951171875,15.894000053405762,89.23999786376953,2061.22998046875,16.809999465942383,54.11000061035156,2.2039999961853027,0.57,1.65,0.67,605470223.0232239,0.67
2014-12-19,1195.9000244140625,15.991000175476074,89.5999984741211,2070.64990234375,16.489999771118164,56.52000045776367,2.1760001182556152,0.49,1.68,0.67,533944455.38253784,0.67
2014-12-22,1179.699951171875,15.64900016784668,89.7699966430664,2078.5400390625,15.25,55.2599983215332,2.1619999408721924,0.47,1.7,0.71,842234182.8369141,0.71
2014-12-23,1177.9000244140625,15.729999542236328,90.05999755859375,2082.169921875,14.800000190734863,57.119998931884766,2.256999969482422,0.56,1.7,0.73,875234425.415802,0.73
2014-12-24,1173.5,15.67300033569336,89.97000122070312,2081.8798828125,14.369999885559082,55.84000015258789,2.2639999389648438,0.59,1.68,0.73,169335426.95922852,0.73
2014-12-26,1195.300048828125,16.11199951171875,90.02999877929688,2088.77001953125,14.5,54.72999954223633,2.25,0.58,1.67,0.73,432403854.89501953,0.73
2014-12-29,1181.699951171875,15.744000434875488,90.19000244140625,2090.570068359375,15.0600004196167,53.61000061035156,2.2070000171661377,0.57,1.65,0.72,1473583755.2627563,0.72
2014-12-30,1200.199951171875,16.239999771118164,89.98999786376953,2080.35009765625,15.920000076293945,54.119998931884766,2.190000057220459,0.56,1.64,0.69,920136935.6246948,0.69
2014-12-31,1183.9000244140625,15.5649995803833,90.2699966430664,2058.89990234375,19.200000762939453,53.27000045776367,2.1700000762939453,0.49,1.68,0.67,865956649.9603271,0.67
2015-01-02,1186.0,15.734000205993652,91.08000183105469,2058.199951171875,17.790000915527344,52.689998626708984,2.122999906539917,0.41,1.71,0.66,811063181.0180664,0.66
2015-01-05,1203.9000244140625,16.179000854492188,91.37999725341797,2020.5799560546875,19.920000076293945,50.040000915527344,2.0390000343322754,0.4,1.64,0.68,946942944.9554443,0.68
2015-01-06,1219.300048828125,16.60300064086914,91.5,2002.6099853515625,21.1200008392334,47.93000030517578,1.9630000591278076,0.41,1.56,0.65,1316229726.8669128,0.65
2015-01-07,1210.5999755859375,16.510000228881836,91.88999938964844,2025.9000244140625,19.309999465942383,48.650001525878906,1.9539999961853027,0.39,1.57,0.62,749133907.963562,0.62
2015-01-08,1208.4000244140625,16.35099983215332,92.37000274658203,2062.139892578125,17.010000228881836,48.790000915527344,2.0160000324249268,0.41,1.62,0.62,815487195.1721191,0.62
2015-01-09,1216.0,16.38599967956543,91.94000244140625,2044.81005859375,17.549999237060547,48.36000061035156,1.9709999561309814,0.36,1.62,0.59,933729671.0105896,0.59
2015-01-12,1232.699951171875,16.53499984741211,91.9800033569336,2028.260009765625,19.600000381469727,46.06999969482422,1.9119999408721924,0.35,1.57,0.56,986205771.6918945,0.56
2015-01-13,1234.300048828125,17.125,92.30999755859375,2023.030029296875,20.559999465942383,45.88999938964844,1.8899999856948853,0.37,1.54,0.54,909028540.1733398,0.54
2015-01-14,1234.4000244140625,16.95599937438965,92.16000366210938,2011.27001953125,21.479999542236328,48.47999954223633,1.8370000123977661,0.29,1.57,0.51,911601387.4328613,0.51
2015-01-15,1264.699951171875,17.072999954223633,92.3499984741211,1992.6700439453125,22.389999389648438,46.25,1.774999976158142,0.19,1.58,0.44,2139730993.19458,0.44
2015-01-16,1276.9000244140625,17.73900032043457,92.5199966430664,2019.4200439453125,20.950000762939453,48.689998626708984,1.815000057220459,0.23,1.6,0.49,1767743015.5654907,0.49
2015-01-20,1294.199951171875,17.94700050354004,93.05000305175781,2022.550048828125,19.889999389648438,46.38999938964844,1.8070000410079956,0.23,1.59,0.53,1859100074.319458,0.53
2015-01-21,1293.699951171875,18.179000854492188,92.9000015258789,2032.1199951171875,18.850000381469727,47.779998779296875,1.8530000448226929,0.26,1.61,0.53,1376803858.203888,0.53
2015-01-22,1300.699951171875,18.34600067138672,94.23999786376953,2063.14990234375,16.399999618530273,46.310001373291016,1.8960000276565552,0.29,1.61,0.53,1317219267.3095703,0.53
2015-01-23,1292.5999755859375,18.284000396728516,95.0,2051.820068359375,16.65999984741211,45.59000015258789,1.8170000314712524,0.21,1.6,0.52,779033928.0509949,0.52
2015-01-26,1279.4000244140625,17.966999053955078,94.80000305175781,2057.090087890625,15.520000457763672,45.150001525878906,1.8279999494552612,0.22,1.61,0.54,832470099.5407104,0.54
2015-01-27,1291.699951171875,18.06800079345703,94.0199966430664,2029.550048828125,17.219999313354492,46.22999954223633,1.8250000476837158,0.17,1.66,0.54,1192349134.6252441,0.54
2015-01-28,1285.9000244140625,18.06800079345703,94.47000122070312,2002.1600341796875,20.440000534057617,44.45000076293945,1.7239999771118164,0.12,1.61,0.5,1045441436.4898682,0.5
2015-01-29,1254.5999755859375,16.757999420166016,94.77999877929688,2021.25,18.760000228881836,44.529998779296875,1.7510000467300415,0.15,1.62,0.51,1448878505.6304932,0.51
2015-01-30,1278.5,17.191999435424805,94.80000305175781,1994.989990234375,20.969999313354492,48.2400016784668,1.6749999523162842,0.03,1.65,0.47,1796925810.5789185,0.47
2015-02-02,1276.199951171875,17.235000610351562,94.5,2020.8499755859375,19.43000030517578,49.56999969482422,1.6729999780654907,0.03,1.65,0.49,1087726167.730713,0.49
2015-02-03,1259.699951171875,17.30500030517578,93.5999984741211,2050.030029296875,17.329999923706055,53.04999923706055,1.7799999713897705,0.09,1.7,0.52,999376720.1950073,0.52
2015-02-04,1263.800048828125,17.378999710083008,93.98999786376953,2041.510009765625,18.329999923706055,48.45000076293945,1.7970000505447388,0.1,1.71,0.52,654914995.8633423,0.52
2015-02-05,1262.0,17.18000030517578,94.69999694824219,2062.52001953125,16.850000381469727,50.47999954223633,1.815000057220459,0.13,1.7,0.52,837903027.2987366,0.52
2015-02-06,1233.9000244140625,16.67799949645996,94.69999694824219,2055.469970703125,17.290000915527344,51.689998626708984,1.937999963760376,0.24,1.71,0.65,1566866607.939148,0.65
2015-02-09,1240.800048828125,17.054000854492188,94.44999694824219,2046.739990234375,18.549999237060547,52.86000061035156,1.9479999542236328,0.25,1.71,0.65,624117114.4104004,0.65
2015-02-10,1231.5999755859375,16.85700035095215,94.76000213623047,2068.590087890625,17.229999542236328,50.02000045776367,1.9910000562667847,0.31,1.7,0.67,484103965.9881592,0.67
2015-02-11,1219.0,16.7450008392334,94.98999786376953,2068.530029296875,16.959999084472656,48.84000015258789,1.9880000352859497,0.32,1.68,0.67,794249705.9295654,0.67
2015-02-12,1220.0999755859375,16.777999877929688,94.08999633789062,2088.47998046875,15.34000015258789,51.209999084472656,1.9859999418258667,0.33,1.66,0.61,509771880.09033203,0.61
2015-02-13,1226.5,17.277999877929688,94.19999694824219,2096.989990234375,14.6899995803833,52.779998779296875,2.0209999084472656,0.34,1.68,0.66,484768035.79330444,0.66
2015-02-17,1208.0999755859375,16.36199951171875,94.05999755859375,2100.340087890625,15.800000190734863,53.529998779296875,2.1449999809265137,0.43,1.71,0.7,838195467.4346924,0.7
2015-02-18,1199.699951171875,16.25,94.19999694824219,2099.679931640625,15.449999809265137,52.13999938964844,2.065999984741211,0.36,1.71,0.62,969810209.4726562,0.62
2015-02-19,1207.0999755859375,16.371000289916992,94.4000015258789,2097.449951171875,15.289999961853027,51.15999984741211,2.11299991607666,0.37,1.74,0.67,756937493.939209,0.67
2015-02-20,1204.4000244140625,16.26300048828125,94.25,2110.300048828125,14.300000190734863,50.34000015258789,2.132999897003174,0.38,1.75,0.67,770266367.8436279,0.67
2015-02-23,1200.300048828125,16.246999740600586,94.56999969482422,2109.659912109375,14.5600004196167,49.45000076293945,2.059000015258789,0.34,1.72,0.64,555495333.4686279,0.64
2015-02-24,1196.9000244140625,16.18199920654297,94.48999786376953,2115.47998046875,13.6899995803833,49.279998779296875,1.9880000352859497,0.27,1.72,0.6,877462870.2629089,0.6
2015-02-25,1201.0,16.423999786376953,94.20999908447266,2113.860107421875,13.84000015258789,50.9900016784668,1.968999981880188,0.24,1.72,0.61,582260234.6420288,0.61
2015-02-26,1209.5999755859375,16.58300018310547,95.29000091552734,2110.739990234375,13.90999984741211,48.16999816894531,2.0160000324249268,0.24,1.79,0.66,467228176.7715454,0.66
2015-02-27,1212.5999755859375,16.51300048828125,95.25,2104.5,13.34000015258789,49.7599983215332,2.002000093460083,0.17,1.83,0.63,958970526.2329102,0.63
2015-03-02,1207.699951171875,16.406999588012695,95.45999908447266,2117.389892578125,13.039999961853027,49.59000015258789,2.0840001106262207,0.25,1.83,0.66,924664946.4393616,0.66
2015-03-03,1204.0,16.257999420166016,95.37999725341797,2107.780029296875,13.859999656677246,50.52000045776367,2.121999979019165,0.26,1.86,0.68,547131506.7840576,0.68
2015-03-04,1200.5999755859375,16.131999969482422,95.97000122070312,2098.530029296875,14.229999542236328,51.529998779296875,2.122999906539917,0.25,1.87,0.66,548199866.9067383,0.66
2015-03-05,1195.9000244140625,16.131999969482422,96.37999725341797,2101.0400390625,14.039999961853027,50.7599983215332,2.111999988555908,0.27,1.84,0.65,675303000.0,0.65
2015-03-06,1164.0999755859375,15.784000396728516,97.62000274658203,2071.260009765625,15.199999809265137,49.61000061035156,2.240000009536743,0.41,1.83,0.73,1251802894.8303223,0.73
2015-03-09,1166.4000244140625,15.755000114440918,97.58999633789062,2079.429931640625,15.0600004196167,50.0,2.194999933242798,0.44,1.76,0.7,619641986.7553711,0.7
2015-03-10,1160.0999755859375,15.61299991607666,98.62000274658203,2044.1600341796875,16.690000534057617,48.290000915527344,2.125999927520752,0.41,1.73,0.7,782146103.1463623,0.7
2015-03-11,1150.699951171875,15.345000267028809,99.80000305175781,2040.239990234375,16.8700008392334,48.16999816894531,2.1089999675750732,0.39,1.72,0.7,725456800.0,0.7
2015-03-12,1152.0999755859375,15.493000030517578,99.1500015258789,2065.949951171875,15.420000076293945,47.04999923706055,2.0959999561309814,0.39,1.71,0.67,734239688.0950928,0.67
2015-03-13,1152.5999755859375,15.47700023651123,100.33000183105469,2053.39990234375,16.0,44.84000015258789,2.111999988555908,0.44,1.69,0.68,505346675.48217773,0.68
2015-03-16,1153.300048828125,15.60099983215332,99.5999984741211,2081.18994140625,15.609999656677246,43.880001068115234,2.0980000495910645,0.45,1.65,0.66,361827885.0280762,0.66
2015-03-17,1148.300048828125,15.562000274658203,99.58999633789062,2074.280029296875,15.65999984741211,43.459999084472656,2.058000087738037,0.42,1.64,0.7,983436884.8304749,0.7
2015-03-18,1151.4000244140625,15.524999618530273,98.55000305175781,2099.5,13.970000267028809,44.65999984741211,1.9509999752044678,0.23,1.7,0.57,1398781794.1894531,0.57
2015-03-19,1169.0999755859375,16.097999572753906,99.0999984741211,2089.27001953125,14.069999694824219,43.959999084472656,1.9769999980926514,0.19,1.79,0.63,734118338.9854431,0.63
2015-03-20,1184.800048828125,16.867000579833984,97.91000366210938,2108.10009765625,13.020000457763672,45.720001220703125,1.9299999475479126,0.17,1.76,0.6,912353235.5484009,0.6
2015-03-23,1188.0,16.871999740600586,97.02999877929688,2104.419921875,13.40999984741211,47.45000076293945,1.9149999618530273,0.17,1.75,0.6,484623890.8821106,0.6
2015-03-24,1191.699951171875,16.96299934387207,97.19000244140625,2091.5,13.619999885559082,47.5099983215332,1.878000020980835,0.11,1.77,0.58,341338400.0907898,0.58
2015-03-25,1197.300048828125,16.979999542236328,96.9800033569336,2061.050048828125,15.4399995803833,49.209999084472656,1.9199999570846558,0.12,1.81,0.59,346645232.14263916,0.59
2015-03-26,1205.0999755859375,17.121999740600586,97.44000244140625,2056.14990234375,15.800000190734863,51.43000030517578,2.006999969482422,0.21,1.8,0.61,634585714.4470215,0.61
2015-03-27,1199.800048828125,17.052000045776367,97.29000091552734,2061.02001953125,15.069999694824219,48.869998931884766,1.9479999542236328,0.19,1.76,0.58,566290789.9841309,0.58
2015-03-30,1184.800048828125,16.656999588012695,97.9800033569336,2086.239990234375,14.510000228881836,48.68000030517578,1.9630000591278076,0.23,1.73,0.58,498668625.0,0.58
2015-03-31,1183.0999755859375,16.58099937438965,98.36000061035156,2067.889892578125,15.289999961853027,47.599998474121094,1.934000015258789,0.18,1.76,0.56,498205894.052124,0.56
2015-04-01,1208.0999755859375,17.04400062561035,98.19000244140625,2059.68994140625,15.109999656677246,50.09000015258789,1.8680000305175781,0.07,1.8,0.55,846654388.8244629,0.55
2015-04-02,1200.9000244140625,16.68600082397461,97.44000244140625,2066.9599609375,14.670000076293945,49.13999938964844,1.9040000438690186,0.11,1.81,0.55,447759043.258667,0.55
2015-04-06,1218.5999755859375,17.094999313354492,97.11000061035156,2080.6201171875,14.739999771118164,52.13999938964844,1.9040000438690186,0.07,1.85,0.51,690128012.4389648,0.51
2015-04-07,1210.5999755859375,16.825000762939453,97.83000183105469,2076.330078125,14.779999732971191,53.97999954223633,1.8930000066757202,0.04,1.85,0.52,286617536.50665283,0.52
2015-04-08,1203.0999755859375,16.440000534057617,98.06999969482422,2081.89990234375,13.979999542236328,50.41999816894531,1.8949999809265137,0.08,1.84,0.54,642994701.7974854,0.54
2015-04-09,1193.5999755859375,16.163999557495117,99.16000366210938,2091.179931640625,13.09000015258789,50.790000915527344,1.9579999446868896,0.13,1.84,0.56,539751681.3812256,0.56
2015-04-10,1204.5999755859375,16.3700008392334,99.38999938964844,2102.06005859375,12.579999923706055,51.63999938964844,1.9509999752044678,0.14,1.82,0.57,456040432.80029297,0.57
2015-04-13,1199.300048828125,16.280000686645508,99.48999786376953,2092.429931640625,13.9399995803833,51.90999984741211,1.9390000104904175,0.14,1.8,0.54,367308112.0529175,0.54
2015-04-14,1192.800048828125,16.150999069213867,98.76000213623047,2095.840087890625,13.670000076293945,53.290000915527344,1.9040000438690186,0.1,1.8,0.53,417877668.9147949,0.53
2015-04-15,1201.5,16.268999099731445,98.33000183105469,2106.6298828125,12.84000015258789,56.38999938964844,1.899999976158142,0.07,1.84,0.51,422012081.11572266,0.51
2015-04-16,1198.0,16.275999069213867,97.41999816894531,2104.989990234375,12.600000381469727,56.709999084472656,1.878000020980835,0.05,1.85,0.5,360308465.1763916,0.5
2015-04-17,1202.9000244140625,16.22100067138672,97.5199966430664,2081.179931640625,13.890000343322754,55.7400016784668,1.850000023841858,-0.02,1.89,0.51,404172274.6650696,0.51
2015-04-20,1193.5,15.883000373840332,97.94000244140625,2100.39990234375,13.300000190734863,56.380001068115234,1.8949999809265137,0.01,1.89,0.55,451170820.80078125,0.55
2015-04-21,1202.9000244140625,16.00200080871582,97.9800033569336,2097.2900390625,13.25,55.2599983215332,1.9160000085830688,0.06,1.86,0.55,382796216.8876648,0.55
2015-04-22,1186.9000244140625,15.791000366210938,98.0199966430664,2107.9599609375,12.710000038146973,56.15999984741211,1.972000002861023,0.12,1.87,0.57,648375690.4296875,0.57
2015-04-23,1194.4000244140625,15.824000358581543,97.27999877929688,2112.929931640625,12.479999542236328,57.7400016784668,1.9470000267028809,0.07,1.89,0.55,396666282.6690674,0.55
2015-04-24,1175.199951171875,15.630999565124512,96.91999816894531,2117.68994140625,12.289999961853027,57.150001525878906,1.9170000553131104,0.04,1.89,0.54,808635366.8289185,0.54
2015-04-27,1203.300048828125,16.389999389648438,96.7699966430664,2108.919921875,13.119999885559082,56.9900016784668,1.9240000247955322,0.03,1.91,0.54,863544921.7102051,0.54
2015-04-28,1214.0,16.586999893188477,96.08999633789062,2114.760009765625,12.40999984741211,57.060001373291016,1.9730000495910645,0.11,1.89,0.56,936968366.7480469,0.56
2015-04-29,1209.800048828125,16.670000076293945,95.12000274658203,2106.85009765625,13.390000343322754,58.58000183105469,2.0350000858306885,0.14,1.92,0.56,828264470.3178406,0.56
2015-04-30,1182.4000244140625,16.124000549316406,94.5999984741211,2085.510009765625,14.550000190734863,59.630001068115234,2.0460000038146973,0.11,1.94,0.58,1071190852.5238037,0.58
2015-05-01,1174.5,16.111000061035156,95.30000305175781,2108.2900390625,12.699999809265137,59.150001525878906,2.117000102996826,0.18,1.94,0.6,859068773.9105225,0.6
2015-05-04,1186.800048828125,16.417999267578125,95.4800033569336,2114.489990234375,12.850000381469727,58.93000030517578,2.134999990463257,0.24,1.92,0.6,416248204.43344116,0.6
2015-05-05,1193.199951171875,16.55699920654297,95.12999725341797,2089.4599609375,14.3100004196167,60.400001525878906,2.1760001182556152,0.25,1.94,0.62,441260722.9385376,0.62
2015-05-06,1190.300048828125,16.483999252319336,94.12999725341797,2080.14990234375,15.149999618530273,60.93000030517578,2.240000009536743,0.34,1.91,0.65,375180854.0023804,0.65
2015-05-07,1182.4000244140625,16.27199935913086,94.62000274658203,2088.0,15.130000114440918,58.939998626708984,2.184000015258789,0.3,1.88,0.63,618717432.0114136,0.63
2015-05-08,1189.0999755859375,16.441999435424805,94.79000091552734,2116.10009765625,12.859999656677246,59.38999938964844,2.1500000953674316,0.28,1.88,0.59,1135608489.163208,0.59
2015-05-11,1183.199951171875,16.29800033569336,95.01000213623047,2105.330078125,13.850000381469727,59.25,2.2739999294281006,0.4,1.88,0.62,331132947.4395752,0.62
2015-05-12,1192.5999755859375,16.510000228881836,94.52999877929688,2099.1201171875,13.859999656677246,60.75,2.259999990463257,0.4,1.88,0.61,372892150.0,0.61
2015-05-13,1218.4000244140625,17.207000732421875,93.62000274658203,2098.47998046875,13.760000228881836,60.5,2.2820000648498535,0.41,1.86,0.59,1371583745.9136963,0.59
2015-05-14,1225.4000244140625,17.448999404907227,93.36000061035156,2121.10009765625,12.739999771118164,59.880001068115234,2.239000082015991,0.36,1.87,0.56,811237142.1127319,0.56
2015-05-15,1225.5,17.545000076293945,93.13999938964844,2122.72998046875,12.380000114440918,59.689998626708984,2.1410000324249268,0.31,1.83,0.55,522691163.571167,0.55
2015-05-18,1227.800048828125,17.711999893188477,94.19000244140625,2129.199951171875,12.729999542236328,59.43000030517578,2.2279999256134033,0.37,1.86,0.58,596989830.947113,0.58
2015-05-19,1206.9000244140625,17.049999237060547,95.2699966430664,2127.830078125,12.850000381469727,57.2599983215332,2.26200008392334,0.42,1.85,0.63,585487865.9164429,0.63
2015-05-20,1208.9000244140625,17.091999053955078,95.44999694824219,2125.85009765625,12.880000114440918,58.97999954223633,2.250999927520752,0.38,1.88,0.6,514536216.116333,0.6
2015-05-21,1204.4000244140625,17.111000061035156,95.26000213623047,2130.820068359375,12.109999656677246,60.720001220703125,2.184999942779541,0.35,1.84,0.6,290925649.1394043,0.6
2015-05-22,1204.300048828125,17.030000686645508,96.01000213623047,2126.06005859375,12.130000114440918,59.720001220703125,2.2149999141693115,0.34,1.87,0.64,205791117.28363037,0.64
2015-05-26,1187.199951171875,16.733999252319336,97.30000305175781,2104.199951171875,14.0600004196167,58.029998779296875,2.13700008392334,0.32,1.82,0.64,657215157.1289062,0.64
2015-05-27,1185.9000244140625,16.63800048828125,97.37000274658203,2123.47998046875,13.270000457763672,57.5099983215332,2.134999990463257,0.34,1.8,0.64,305350477.3635864,0.64
2015-05-28,1188.0999755859375,16.652999877929688,96.97000122070312,2120.7900390625,13.3100004196167,57.68000030517578,2.130000114440918,0.33,1.8,0.62,600429302.3223877,0.62
2015-05-29,1189.4000244140625,16.68400001525879,96.91000366210938,2107.389892578125,13.84000015258789,60.29999923706055,2.0950000286102295,0.32,1.8,0.61,388795744.8005676,0.61
2015-06-01,1188.300048828125,16.663999557495117,97.38999938964844,2111.72998046875,13.970000267028809,60.20000076293945,2.191999912261963,0.39,1.8,0.64,940956000.0,0.64
2015-06-02,1194.0999755859375,16.783000946044922,95.83999633789062,2109.60009765625,14.239999771118164,61.2599983215332,2.2660000324249268,0.44,1.83,0.64,456535152.34832764,0.64
2015-06-03,1184.699951171875,16.464000701904297,95.47000122070312,2114.070068359375,13.65999984741211,59.63999938964844,2.365999937057495,0.55,1.83,0.69,555154125.0183105,0.69
2015-06-04,1174.9000244140625,16.089000701904297,95.45999908447266,2095.840087890625,14.710000038146973,58.0,2.306999921798706,0.5,1.81,0.66,628135123.614502,0.66
2015-06-05,1167.800048828125,15.970999717712402,96.30999755859375,2092.830078125,14.210000038146973,59.130001068115234,2.4019999504089355,0.55,1.86,0.73,624200300.1197815,0.73
2015-06-08,1173.199951171875,15.951000213623047,95.30000305175781,2079.280029296875,15.289999961853027,58.13999938964844,2.38100004196167,0.54,1.85,0.7,351454796.0472107,0.7
2015-06-09,1177.300048828125,15.949000358581543,95.16999816894531,2080.14990234375,14.470000267028809,60.13999938964844,2.4170000553131104,0.56,1.86,0.72,398243316.92276,0.72
2015-06-10,1186.0999755859375,15.95199966430664,94.6500015258789,2105.199951171875,13.220000267028809,61.43000030517578,2.4779999256134033,0.63,1.87,0.75,620430955.3436279,0.75
2015-06-11,1179.9000244140625,15.95300006866455,94.9800033569336,2108.860107421875,12.850000381469727,60.77000045776367,2.382999897003174,0.56,1.83,0.73,502274131.47354126,0.73
2015-06-12,1178.800048828125,15.817999839782715,94.97000122070312,2094.110107421875,13.779999732971191,59.959999084472656,2.384999990463257,0.55,1.84,0.74,339520165.0657654,0.74
2015-06-15,1185.300048828125,16.076000213623047,94.80999755859375,2084.429931640625,15.390000343322754,59.52000045776367,2.3580000400543213,0.51,1.85,0.72,574916539.969635,0.72
2015-06-16,1180.5,15.958000183105469,95.0,2096.2900390625,14.8100004196167,59.970001220703125,2.318000078201294,0.44,1.88,0.71,457053554.7691345,0.71
2015-06-17,1176.4000244140625,15.9399995803833,94.30000305175781,2100.43994140625,14.5,59.91999816894531,2.305999994277954,0.42,1.9,0.67,735015590.1489258,0.67
2015-06-18,1201.5,16.148000717163086,94.04000091552734,2121.239990234375,13.1899995803833,60.45000076293945,2.3510000705718994,0.46,1.89,0.66,927322713.54599,0.66
2015-06-19,1201.5,16.104000091552734,94.08999633789062,2109.989990234375,13.960000038146973,59.61000061035156,2.2669999599456787,0.4,1.86,0.65,530887404.6661377,0.65
2015-06-22,1183.699951171875,16.136999130249023,94.33000183105469,2122.85009765625,12.739999771118164,59.68000030517578,2.359999895095825,0.47,1.9,0.68,654986864.4821167,0.68
2015-06-23,1176.199951171875,15.732000350952148,95.43000030517578,2124.199951171875,12.109999656677246,61.0099983215332,2.4089999198913574,0.5,1.92,0.7,510578889.23950195,0.7
2015-06-24,1172.5999755859375,15.847999572753906,95.26000213623047,2108.580078125,13.260000228881836,60.27000045776367,2.371000051498413,0.48,1.9,0.68,335011534.10339355,0.68
2015-06-25,1171.5,15.805000305175781,95.19000244140625,2102.31005859375,14.010000228881836,59.70000076293945,2.3929998874664307,0.49,1.91,0.68,326604475.09155273,0.68
2015-06-26,1172.9000244140625,15.734999656677246,95.47000122070312,2101.489990234375,14.020000457763672,59.630001068115234,2.4760000705718994,0.57,1.92,0.72,494431045.2758789,0.72
2015-06-29,1178.5,15.663999557495117,94.79000091552734,2057.639892578125,18.850000381469727,58.33000183105469,2.3310000896453857,0.46,1.87,0.64,658090012.2238159,0.64
2015-06-30,1171.5,15.550999641418457,95.48999786376953,2063.110107421875,18.229999542236328,59.470001220703125,2.3350000381469727,0.48,1.87,0.64,887385911.6897583,0.64
2015-07-01,1169.0,15.552000045776367,96.30999755859375,2077.419921875,16.09000015258789,56.959999084472656,2.4179999828338623,0.54,1.89,0.69,493719834.8007202,0.69
2015-07-02,1163.0,15.536999702453613,96.11000061035156,2076.780029296875,16.790000915527344,56.93000030517578,2.3929998874664307,0.49,1.91,0.64,429001944.2001343,0.64
2015-07-06,1172.9000244140625,15.72599983215332,96.30000305175781,2068.760009765625,17.010000228881836,52.529998779296875,2.2780001163482666,0.43,1.87,0.6,477353177.60009766,0.6
2015-07-07,1152.4000244140625,14.949999809265137,96.87000274658203,2081.340087890625,16.09000015258789,52.33000183105469,2.2309999465942383,0.4,1.87,0.58,1004969803.3828735,0.58
2015-07-08,1163.300048828125,15.147000312805176,96.29000091552734,2046.6800537109375,19.65999984741211,51.650001525878906,2.2060000896453857,0.39,1.83,0.55,632646420.1446533,0.55
2015-07-09,1159.0,15.345000267028809,96.61000061035156,2051.31005859375,19.969999313354492,52.779998779296875,2.3010001182556152,0.47,1.85,0.6,423490946.32110596,0.6
2015-07-10,1157.699951171875,15.468000411987305,96.02999877929688,2076.6201171875,16.829999923706055,52.7400016784668,2.4170000553131104,0.55,1.87,0.65,400795393.3204651,0.65
2015-07-13,1155.199951171875,15.435999870300293,96.86000061035156,2099.60009765625,13.899999618530273,52.20000076293945,2.430000066757202,0.58,1.86,0.69,474959497.85842896,0.69
2015-07-14,1153.300048828125,15.295000076293945,96.63999938964844,2108.949951171875,13.369999885559082,53.040000915527344,2.3989999294281006,0.56,1.85,0.66,288034734.44366455,0.66
2015-07-15,1147.199951171875,15.027999877929688,97.12999725341797,2107.39990234375,13.229999542236328,51.40999984741211,2.3499999046325684,0.52,1.84,0.64,1022967826.0070801,0.64
2015-07-16,1143.800048828125,14.96399974822998,97.66000366210938,2124.2900390625,12.109999656677246,50.90999984741211,2.3519999980926514,0.52,1.84,0.67,508155881.8901062,0.67
2015-07-17,1131.800048828125,14.819999694824219,97.86000061035156,2126.639892578125,11.949999809265137,50.88999938964844,2.3489999771118164,0.51,1.83,0.68,1614354317.6719666,0.68
2015-07-20,1106.699951171875,14.744999885559082,98.02999877929688,2128.280029296875,12.25,50.150001525878906,2.371999979019165,0.56,1.82,0.71,1664954641.9296265,0.71
2015-07-21,1103.4000244140625,14.769000053405762,97.33000183105469,2119.2099609375,12.220000267028809,50.36000061035156,2.3399999141693115,0.53,1.82,0.71,1108471354.8934937,0.71
2015-07-22,1091.4000244140625,14.71399974822998,97.5999984741211,2114.14990234375,12.119999885559082,49.189998626708984,2.322000026702881,0.53,1.8,0.75,874996185.4797363,0.75
2015-07-23,1094.0,14.682999610900879,97.12000274658203,2102.14990234375,12.640000343322754,48.45000076293945,2.2769999504089355,0.49,1.79,0.71,602954379.5822144,0.71
2015-07-24,1085.5999755859375,14.47700023651123,97.23999786376953,2079.64990234375,13.739999771118164,48.13999938964844,2.2709999084472656,0.51,1.76,0.7,1219183927.3414612,0.7
2015-07-27,1096.5,14.593999862670898,96.5,2067.639892578125,15.600000381469727,47.38999938964844,2.2279999256134033,0.5,1.73,0.68,1120963892.5247192,0.68
2015-07-28,1096.300048828125,14.630999565124512,96.7699966430664,2093.25,13.4399995803833,47.97999954223633,2.25,0.51,1.75,0.69,582776965.3717041,0.69
2015-07-29,1092.699951171875,14.734000205993652,96.9800033569336,2108.570068359375,12.5,48.790000915527344,2.2790000438690186,0.52,1.77,0.7,590729362.7151489,0.7
2015-07-30,1088.4000244140625,14.690999984741211,97.55999755859375,2108.6298828125,12.130000114440918,48.52000045776367,2.2679998874664307,0.51,1.77,0.72,693604017.6696777,0.72
2015-07-31,1094.9000244140625,14.746000289916992,97.37000274658203,2103.840087890625,12.119999885559082,47.119998931884766,2.2049999237060547,0.46,1.74,0.67,701897758.0413818,0.67
2015-08-03,1089.4000244140625,14.515999794006348,97.48999786376953,2098.0400390625,12.5600004196167,45.16999816894531,2.1500000953674316,0.46,1.7,0.68,367327254.6157837,0.68
2015-08-04,1090.699951171875,14.550000190734863,97.93000030517578,2093.320068359375,13.0,45.7400016784668,2.2109999656677246,0.52,1.71,0.74,338068702.08740234,0.74
2015-08-05,1085.699951171875,14.545999526977539,97.95999908447266,2099.840087890625,12.510000228881836,45.150001525878906,2.2679998874664307,0.58,1.7,0.73,523911131.5383911,0.73
2015-08-06,1090.199951171875,14.670000076293945,97.83000183105469,2083.56005859375,13.770000457763672,44.65999984741211,2.2339999675750732,0.56,1.67,0.71,407966556.61468506,0.71
2015-08-07,1094.0999755859375,14.815999984741211,97.55999755859375,2077.570068359375,13.390000343322754,43.869998931884766,2.174999952316284,0.52,1.66,0.73,460554191.7152405,0.73
2015-08-10,1104.199951171875,15.288999557495117,97.16000366210938,2104.179931640625,12.229999542236328,44.959999084472656,2.23799991607666,0.55,1.69,0.73,622965679.1931152,0.73
2015-08-11,1107.5999755859375,15.281000137329102,97.29000091552734,2084.070068359375,13.710000038146973,43.08000183105469,2.13700008392334,0.49,1.66,0.68,431511242.6750183,0.68
2015-08-12,1123.199951171875,15.472999572753906,96.26000213623047,2086.050048828125,13.609999656677246,43.29999923706055,2.130000114440918,0.52,1.62,0.67,1079924375.0,0.67
2015-08-13,1115.699951171875,15.395999908447266,96.44999694824219,2083.389892578125,13.489999771118164,42.22999954223633,2.188999891281128,0.57,1.62,0.72,508835264.90631104,0.72
2015-08-14,1112.9000244140625,15.210000038146973,96.56999969482422,2091.5400390625,12.829999923706055,42.5,2.196000099182129,0.58,1.62,0.73,374958014.64538574,0.73
2015-08-17,1118.5999755859375,15.295000076293945,96.81999969482422,2102.43994140625,13.020000457763672,41.869998931884766,2.1500000953674316,0.58,1.58,0.72,618043667.1546936,0.72
2015-08-18,1117.0999755859375,14.786999702453613,96.97000122070312,2096.919921875,13.789999961853027,42.619998931884766,2.196000099182129,0.62,1.58,0.74,441486000.5157471,0.74
2015-08-19,1128.0999755859375,15.175999641418457,96.45999908447266,2079.610107421875,15.25,40.79999923706055,2.128999948501587,0.55,1.57,0.67,763660126.4694214,0.67
2015-08-20,1153.0,15.517000198364258,95.75,2035.72998046875,19.139999389648438,41.13999938964844,2.0840001106262207,0.53,1.56,0.69,1385911590.637207,0.69
2015-08-21,1159.5999755859375,15.300999641418457,94.83000183105469,1970.8900146484375,28.030000686645508,40.45000076293945,2.053999900817871,0.52,1.53,0.64,1546662849.77417,0.64
2015-08-24,1153.4000244140625,14.76200008392334,93.30999755859375,1893.2099609375,40.7400016784668,38.2400016784668,1.996999979019165,0.52,1.49,0.59,2032502988.5528564,0.59
2015-08-25,1138.199951171875,14.609999656677246,94.52999877929688,1867.6099853515625,36.02000045776367,39.310001373291016,2.132999897003174,0.59,1.53,0.67,1088783708.5266113,0.67
2015-08-26,1124.5999755859375,14.045000076293945,95.0999984741211,1940.510009765625,30.31999969482422,38.599998474121094,2.171999931335449,0.65,1.53,0.67,1168930102.1209717,0.67
2015-08-27,1122.4000244140625,14.420999526977539,95.61000061035156,1987.6600341796875,26.100000381469727,42.560001373291016,2.1679999828338623,0.6,1.58,0.68,872839260.1982117,0.68
2015-08-28,1133.0999755859375,14.53499984741211,96.11000061035156,1988.8699951171875,26.049999237060547,45.220001220703125,2.186000108718872,0.58,1.61,0.72,821652406.9320679,0.72
2015-08-31,1131.5999755859375,14.57699966430664,95.94999694824219,1972.1800537109375,28.43000030517578,49.20000076293945,2.200000047683716,0.58,1.63,0.74,493183120.61691284,0.74
2015-09-01,1138.699951171875,14.61299991607666,95.44999694824219,1913.8499755859375,31.399999618530273,45.40999984741211,2.171999931335449,0.6,1.57,0.7,772895738.4002686,0.7
2015-09-02,1132.5,14.66100025177002,95.83000183105469,1948.8599853515625,26.09000015258789,46.25,2.193000078201294,0.64,1.56,0.72,447047345.30410767,0.72
2015-09-03,1123.699951171875,14.70199966430664,96.41000366210938,1951.1300048828125,25.610000610351562,46.75,2.1679999828338623,0.64,1.54,0.71,421988689.6697998,0.71
2015-09-04,1120.5999755859375,14.543999671936035,96.2300033569336,1921.219970703125,27.799999237060547,46.04999923706055,2.128000020980835,0.62,1.51,0.71,432647241.40167236,0.71
2015-09-08,1120.4000244140625,14.75,95.87999725341797,1969.4100341796875,24.899999618530273,45.939998626708984,2.194000005722046,0.67,1.53,0.74,643195371.9184875,0.74
2015-09-09,1102.199951171875,14.567999839782715,96.01000213623047,1942.0400390625,26.229999542236328,44.150001525878906,2.180999994277954,0.65,1.56,0.75,939791738.6787415,0.75
2015-09-10,1109.5,14.633999824523926,95.45999908447266,1952.2900390625,24.3700008392334,45.91999816894531,2.2219998836517334,0.64,1.59,0.75,659981502.9602051,0.75
2015-09-11,1103.5,14.489999771118164,95.19000244140625,1961.050048828125,23.200000762939453,44.630001068115234,2.183000087738037,0.61,1.59,0.71,427177238.7359619,0.71
2015-09-14,1107.699951171875,14.357000350952148,95.25,1953.030029296875,24.25,44.0,2.180000066757202,0.62,1.56,0.73,249701978.8696289,0.73
2015-09-15,1102.800048828125,14.319000244140625,95.61000061035156,1978.0899658203125,22.540000915527344,44.59000015258789,2.2809998989105225,0.72,1.56,0.82,307639504.4326782,0.82
2015-09-16,1119.199951171875,14.878000259399414,95.41999816894531,1995.31005859375,21.350000381469727,47.150001525878906,2.302999973297119,0.73,1.57,0.82,570417023.0224609,0.82
2015-09-17,1117.300048828125,14.975000381469727,94.55000305175781,1990.199951171875,21.139999389648438,46.900001525878906,2.2170000076293945,0.63,1.58,0.7,911055988.7756348,0.7
2015-09-18,1138.0999755859375,15.154000282287598,94.86000061035156,1958.030029296875,22.280000686645508,44.68000030517578,2.130000114440918,0.58,1.55,0.69,742005496.7796326,0.69
2015-09-21,1133.0999755859375,15.215999603271484,95.88999938964844,1966.969970703125,20.139999389648438,46.68000030517578,2.2139999866485596,0.66,1.54,0.72,445493938.9892578,0.72
2015-09-22,1125.0,14.75,96.27999877929688,1942.739990234375,22.440000534057617,45.83000183105469,2.125,0.63,1.51,0.69,591044912.0201111,0.69
2015-09-23,1131.5999755859375,14.779999732971191,96.06999969482422,1938.760009765625,22.1299991607666,44.47999954223633,2.1440000534057617,0.64,1.52,0.7,296977327.3498535,0.7
2015-09-24,1153.800048828125,15.125,95.98999786376953,1932.239990234375,23.469999313354492,44.90999984741211,2.119999885559082,0.64,1.49,0.67,1218074883.4495544,0.67
2015-09-25,1146.0,15.105999946594238,96.2699966430664,1931.3399658203125,23.6200008392334,45.70000076293945,2.1679999828338623,0.71,1.46,0.7,572055182.2814941,0.7
2015-09-28,1132.0,14.538000106811523,96.02999877929688,1881.77001953125,27.6299991607666,44.43000030517578,2.0950000286102295,0.71,1.39,0.67,413036825.02441406,0.67
2015-09-29,1127.0999755859375,14.569000244140625,95.88999938964844,1884.0899658203125,26.829999923706055,45.22999954223633,2.053999900817871,0.66,1.39,0.64,436627941.5740967,0.64
2015-09-30,1115.5,14.512999534606934,96.3499984741211,1920.030029296875,24.5,45.09000015258789,2.059999942779541,0.65,1.41,0.64,791362420.5200195,0.64
2015-10-01,1114.199951171875,14.505999565124512,96.19000244140625,1923.8199462890625,22.549999237060547,44.7400016784668,2.0420000553131104,0.59,1.46,0.64,456654992.3629761,0.64
2015-10-02,1137.0999755859375,15.256999969482422,95.83000183105469,1951.3599853515625,20.940000534057617,45.540000915527344,1.9889999628067017,0.51,1.48,0.58,842558077.4856567,0.58
2015-10-05,1138.0999755859375,15.70199966430664,96.11000061035156,1987.050048828125,19.540000915527344,46.2599983215332,2.055999994277954,0.56,1.51,0.61,597169035.5697632,0.61
2015-10-06,1146.800048828125,15.979000091552734,95.45999908447266,1979.9200439453125,19.399999618530273,48.529998779296875,2.0350000858306885,0.53,1.52,0.61,825477058.5861206,0.61
2015-10-07,1149.0,16.08799934387207,95.5,1995.8299560546875,18.399999618530273,47.810001373291016,2.062000036239624,0.53,1.55,0.65,587498333.656311,0.65
2015-10-08,1144.699951171875,15.760000228881836,95.31999969482422,2013.4300537109375,17.420000076293945,49.43000030517578,2.1080000400543213,0.54,1.58,0.65,549869144.9249268,0.65
2015-10-09,1156.300048828125,15.809000015258789,94.80999755859375,2014.8900146484375,17.079999923706055,49.630001068115234,2.0989999771118164,0.58,1.54,0.65,876682372.7180481,0.65
2015-10-12,1164.9000244140625,15.854999542236328,94.83999633789062,2017.4599609375,16.170000076293945,47.099998474121094,2.0899999141693115,0.58,1.54,0.65,696566833.7219238,0.65
2015-10-13,1165.800048828125,15.897000312805176,94.76000213623047,2003.68994140625,17.670000076293945,46.65999984741211,2.055000066757202,0.54,1.52,0.64,576034259.1430664,0.64
2015-10-14,1180.0999755859375,16.101999282836914,93.93000030517578,1994.239990234375,18.030000686645508,46.63999938964844,1.9809999465942383,0.5,1.49,0.57,1161749693.0786133,0.57
2015-10-15,1187.9000244140625,16.152000427246094,94.37000274658203,2023.8599853515625,16.049999237060547,46.380001068115234,2.0230000019073486,0.54,1.5,0.61,1595565043.8941956,0.61
2015-10-16,1183.5999755859375,16.101999282836914,94.54000091552734,2033.1099853515625,15.050000190734863,47.2599983215332,2.0230000019073486,0.56,1.48,0.61,824326704.3457031,0.61
2015-10-19,1173.300048828125,15.829000473022461,94.95999908447266,2033.6600341796875,14.979999542236328,45.88999938964844,2.0280001163482666,0.59,1.45,0.61,443531974.7085571,0.61
2015-10-20,1178.0,15.904999732971191,94.8499984741211,2030.77001953125,15.75,45.54999923706055,2.071000099182129,0.6,1.48,0.66,552737752.4597168,0.66
2015-10-21,1167.5999755859375,15.696000099182129,95.05000305175781,2018.93994140625,16.700000762939453,45.20000076293945,2.0299999713897705,0.59,1.45,0.64,436730237.12158203,0.64
2015-10-22,1166.5999755859375,15.822999954223633,96.33999633789062,2052.510009765625,14.449999809265137,45.380001068115234,2.0250000953674316,0.57,1.47,0.61,383811524.38964844,0.61
2015-10-23,1163.300048828125,15.817999839782715,97.06999969482422,2075.14990234375,14.460000038146973,44.599998474121094,2.0829999446868896,0.58,1.51,0.66,542826600.0,0.66
2015-10-26,1167.0,15.899999618530273,96.86000061035156,2071.179931640625,15.289999961853027,43.97999954223633,2.058000087738037,0.59,1.48,0.66,286765105.7853699,0.66
2015-10-27,1166.800048828125,15.857999801635742,96.91000366210938,2065.889892578125,15.430000305175781,43.20000076293945,2.0280001163482666,0.57,1.48,0.65,295516448.80752563,0.65
2015-10-28,1177.0999755859375,16.288000106811523,97.77999877929688,2090.35009765625,14.329999923706055,45.939998626708984,2.0920000076293945,0.63,1.47,0.73,908528925.9887695,0.73
2015-10-29,1147.199951171875,15.543999671936035,97.27999877929688,2089.409912109375,14.609999656677246,46.060001373291016,2.1730000972747803,0.67,1.52,0.75,565145782.2875977,0.75
2015-10-30,1141.5,15.565999984741211,96.94999694824219,2079.360107421875,15.069999694824219,46.59000015258789,2.1510000228881836,0.63,1.53,0.75,605871776.9165039,0.75
2015-11-02,1135.800048828125,15.413000106811523,96.93000030517578,2104.050048828125,14.149999618530273,46.13999938964844,2.187000036239624,0.65,1.55,0.77,634523925.6011963,0.77
2015-11-03,1114.199951171875,15.244000434875488,97.16000366210938,2109.7900390625,14.539999961853027,47.900001525878906,2.2200000286102295,0.65,1.58,0.8,764404217.9862976,0.8
2015-11-04,1106.5,15.062999725341797,97.94999694824219,2102.31005859375,15.510000228881836,46.31999969482422,2.2300000190734863,0.68,1.57,0.84,807258275.2990723,0.84
2015-11-05,1104.4000244140625,14.98799991607666,97.94000244140625,2099.929931640625,15.050000190734863,45.20000076293945,2.244999885559082,0.71,1.55,0.85,626561400.3799438,0.85
2015-11-06,1087.5999755859375,14.696000099182129,99.16000366210938,2099.199951171875,14.329999923706055,44.290000915527344,2.3329999446868896,0.75,1.59,0.9,919400776.5235901,0.9
2015-11-09,1087.9000244140625,14.418000221252441,98.9800033569336,2078.580078125,16.520000457763672,43.869998931884766,2.3420000076293945,0.76,1.6,0.89,431088486.3006592,0.89
2015-11-10,1088.199951171875,14.355999946594238,99.29000091552734,2081.719970703125,15.289999961853027,44.209999084472656,2.322000026702881,0.77,1.55,0.87,463684345.35827637,0.87
2015-11-11,1084.699951171875,14.26200008392334,99.01000213623047,2075.0,16.059999465942383,42.93000030517578,2.3380000591278076,0.77,1.55,0.87,366270714.4592285,0.87
2015-11-12,1080.800048828125,14.223999977111816,98.6500015258789,2045.969970703125,18.3700008392334,41.75,2.319000005722046,0.78,1.54,0.89,654306915.3862,0.89
2015-11-13,1080.800048828125,14.20300006866455,98.98999786376953,2023.0400390625,20.079999923706055,40.7400016784668,2.2799999713897705,0.76,1.52,0.86,333898144.12841797,0.86
2015-11-16,1083.699951171875,14.220999717712402,99.44000244140625,2053.18994140625,18.15999984741211,41.7400016784668,2.2730000019073486,0.76,1.51,0.88,306068949.2980957,0.88
2015-11-17,1068.699951171875,14.170000076293945,99.62999725341797,2050.43994140625,18.84000015258789,40.66999816894531,2.260999917984009,0.72,1.53,0.86,879417822.5311279,0.86
2015-11-18,1068.800048828125,14.079999923706055,99.6500015258789,2083.580078125,16.850000381469727,40.75,2.2690000534057617,0.71,1.56,0.9,516636435.5392456,0.9
2015-11-19,1078.0,14.241999626159668,98.98999786376953,2081.239990234375,16.989999771118164,40.540000915527344,2.247999906539917,0.68,1.56,0.91,526871843.57910156,0.91
2015-11-20,1076.4000244140625,14.105999946594238,99.56999969482422,2089.169921875,15.470000267028809,40.38999938964844,2.26200008392334,0.66,1.6,0.93,615612222.1313477,0.93
2015-11-23,1066.800048828125,14.041999816894531,99.80000305175781,2086.590087890625,15.619999885559082,41.75,2.25,0.64,1.61,0.94,413386058.63571167,0.94
2015-11-24,1074.300048828125,14.168999671936035,99.52999877929688,2089.139892578125,15.930000305175781,42.869998931884766,2.243000030517578,0.62,1.62,0.93,358190032.4951172,0.93
2015-11-25,1070.5,14.168000221252441,99.80000305175781,2088.8701171875,15.1899995803833,43.040000915527344,2.2320001125335693,0.62,1.61,0.93,300340995.3163147,0.93
2015-11-27,1056.199951171875,14.008000373840332,100.0199966430664,2090.110107421875,15.119999885559082,41.709999084472656,2.2249999046325684,0.62,1.6,0.92,505602000.0,0.92
2015-11-30,1065.800048828125,14.050000190734863,100.16999816894531,2080.409912109375,16.1299991607666,41.650001525878906,2.2179999351501465,0.62,1.59,0.94,690304147.5982666,0.94
2015-12-01,1063.800048828125,14.055000305175781,99.80000305175781,2102.6298828125,14.670000076293945,41.849998474121094,2.1549999713897705,0.58,1.57,0.91,475182646.32873535,0.91
2015-12-02,1054.199951171875,13.979000091552734,99.98999786376953,2079.510009765625,15.90999984741211,39.939998626708984,2.177999973297119,0.62,1.56,0.94,1029404239.9597168,0.94
2015-12-03,1061.699951171875,14.053000450134277,97.62000274658203,2049.6201171875,18.110000610351562,41.08000183105469,2.3299999237060547,0.72,1.61,0.96,661429837.8852844,0.96
2015-12-04,1084.5,14.505000114440918,98.3499984741211,2091.68994140625,14.8100004196167,39.970001220703125,2.2750000953674316,0.68,1.6,0.96,1109914168.1808472,0.96
2015-12-07,1076.4000244140625,14.307000160217285,98.66000366210938,2077.070068359375,15.84000015258789,37.650001525878906,2.2249999046325684,0.67,1.56,0.94,451080636.95526123,0.94
2015-12-08,1076.300048828125,14.090999603271484,98.47000122070312,2063.590087890625,17.600000381469727,37.5099983215332,2.23799991607666,0.68,1.56,0.94,350920919.5037842,0.94
2015-12-09,1077.5999755859375,14.163999557495117,97.3499984741211,2047.6199951171875,19.610000610351562,37.15999984741211,2.2079999446868896,0.69,1.53,0.93,618539428.3218384,0.93
2015-12-10,1073.0999755859375,14.085000038146973,97.94000244140625,2052.22998046875,19.34000015258789,36.7599983215332,2.239000082015991,0.73,1.51,0.95,395176436.75994873,0.95
2015-12-11,1076.9000244140625,13.859000205993652,97.56999969482422,2012.3699951171875,24.389999389648438,35.619998931884766,2.1389999389648438,0.67,1.46,0.88,700983028.1494141,0.88
2015-12-14,1064.699951171875,13.666000366210938,97.5999984741211,2021.93994140625,22.729999542236328,36.310001373291016,2.2249999046325684,0.78,1.45,0.97,566339207.093811,0.97
2015-12-15,1062.9000244140625,13.739999771118164,98.22000122070312,2043.4100341796875,20.950000762939453,37.349998474121094,2.2679998874664307,0.8,1.48,0.98,693493249.0684509,0.98
2015-12-16,1078.0,14.218000411987305,97.87000274658203,2073.070068359375,17.860000610351562,35.52000045776367,2.2869999408721924,0.84,1.46,1.02,852023550.0,1.02
2015-12-17,1050.800048828125,13.682999610900879,99.2699966430664,2041.8900146484375,18.940000534057617,34.95000076293945,2.23799991607666,0.77,1.47,1.0,1020698100.0,1.0
2015-12-18,1066.199951171875,14.079999923706055,98.69999694824219,2005.550048828125,20.700000762939453,34.72999954223633,2.1989998817443848,0.73,1.46,0.97,851615643.6408997,0.97
2015-12-21,1081.9000244140625,14.300999641418457,98.45999908447266,2021.1500244140625,18.700000762939453,34.7400016784668,2.197000026702881,0.75,1.45,0.96,657983544.733429,0.96
2015-12-22,1074.800048828125,14.302000045776367,98.23999786376953,2038.969970703125,16.600000381469727,36.13999938964844,2.239000082015991,0.78,1.46,0.99,423112337.51678467,0.99
2015-12-23,1069.4000244140625,14.277000427246094,98.33999633789062,2064.2900390625,15.569999694824219,37.5,2.2639999389648438,0.76,1.51,1.01,288657427.1118164,1.01
2015-12-24,1077.199951171875,14.369000434875488,97.9800033569336,2060.989990234375,15.739999771118164,38.099998474121094,2.243000030517578,0.73,1.52,1.03,176236115.2191162,1.03
2015-12-28,1070.5,13.873000144958496,97.91999816894531,2056.5,16.90999984741211,36.810001373291016,2.2249999046325684,0.74,1.5,1.05,343238562.7334595,1.05
2015-12-29,1077.5,13.916999816894531,98.0999984741211,2078.360107421875,16.079999923706055,37.869998931884766,2.306999921798706,0.79,1.53,1.09,289450831.3568115,1.09
2015-12-30,1060.0999755859375,13.814000129699707,98.2699966430664,2063.360107421875,17.290000915527344,36.599998474121094,2.302999973297119,0.77,1.54,1.08,379817893.1427002,1.08
2015-12-31,1060.300048828125,13.774999618530273,98.62999725341797,2043.93994140625,18.209999084472656,37.040000915527344,2.2690000534057617,0.73,1.54,1.06,387942452.49938965,1.06
2016-01-04,1075.0999755859375,13.817000389099121,98.87000274658203,2012.6600341796875,20.700000762939453,36.7599983215332,2.244999885559082,0.69,1.55,1.02,662611596.0693359,1.02
2016-01-05,1078.4000244140625,13.949000358581543,99.4000015258789,2016.7099609375,19.34000015258789,35.970001220703125,2.247999906539917,0.69,1.56,1.04,361160955.0682068,1.04
2016-01-06,1091.9000244140625,13.956999778747559,99.18000030517578,1990.260009765625,20.59000015258789,33.970001220703125,2.177000045776367,0.65,1.53,0.99,975168504.9407959,0.99
2016-01-07,1107.699951171875,14.335000038146973,98.22000122070312,1943.0899658203125,24.989999771118164,33.27000045776367,2.1530001163482666,0.66,1.5,0.96,1245181977.89917,0.96
2016-01-08,1097.800048828125,13.907999992370605,98.54000091552734,1922.030029296875,27.010000228881836,33.15999984741211,2.130000114440918,0.65,1.48,0.94,811432178.3432007,0.94
2016-01-11,1096.5,13.854999542236328,98.7300033569336,1923.6700439453125,24.299999237060547,31.40999984741211,2.1579999923706055,0.72,1.45,0.94,656971162.600708,0.94
2016-01-12,1085.5999755859375,13.739999771118164,98.97000122070312,1938.6800537109375,22.469999313354492,30.440000534057617,2.1019999980926514,0.69,1.43,0.93,577344236.9277954,0.93
2016-01-13,1087.5,14.145000457763672,98.93000030517578,1890.280029296875,25.219999313354492,30.479999542236328,2.065999984741211,0.65,1.43,0.91,766990232.9406738,0.91
2016-01-14,1073.9000244140625,13.737000465393066,99.08999633789062,1921.8399658203125,23.950000762939453,31.200000762939453,2.0980000495910645,0.67,1.43,0.9,1029077048.4672546,0.9
2016-01-15,1091.5,13.883999824523926,98.95999908447266,1880.3299560546875,27.020000457763672,29.420000076293945,2.0329999923706055,0.67,1.36,0.85,1046285034.4070435,0.85
2016-01-18,1091.5,13.883999824523926,99.12000274658203,1880.3299560546875,27.020000457763672,29.420000076293945,2.0329999923706055,0.67,1.36,0.85,1046285034.4070435,0.85
2016-01-19,1089.9000244140625,14.109999656677246,98.98999786376953,1881.3299560546875,26.049999237060547,28.459999084472656,2.0350000858306885,0.68,1.38,0.88,477101847.4029541,0.88
2016-01-20,1107.0999755859375,14.147000312805176,99.08999633789062,1859.3299560546875,27.59000015258789,26.549999237060547,1.9839999675750732,0.69,1.32,0.85,1066439260.7978821,0.85
2016-01-21,1099.0999755859375,14.083000183105469,99.05999755859375,1868.989990234375,26.690000534057617,29.530000686645508,2.0190000534057617,0.74,1.28,0.84,572283238.4109497,0.84
2016-01-22,1097.199951171875,14.043000221252441,99.56999969482422,1906.9000244140625,22.34000015258789,32.189998626708984,2.0480000972747803,0.72,1.35,0.88,439456500.0,0.88
2016-01-25,1106.199951171875,14.239999771118164,99.36000061035156,1877.0799560546875,24.149999618530273,30.34000015258789,2.0220000743865967,0.69,1.34,0.88,723401964.4866943,0.88
2016-01-26,1121.699951171875,14.543999671936035,99.36000061035156,1903.6300048828125,22.5,31.450000762939453,1.99399995803833,0.65,1.36,0.85,905892393.7301636,0.85
2016-01-27,1116.0999755859375,14.4399995803833,98.9000015258789,1882.949951171875,23.110000610351562,32.29999923706055,2.000999927520752,0.62,1.4,0.84,890962466.1987305,0.84
2016-01-28,1115.5999755859375,14.215999603271484,98.51000213623047,1893.3599853515625,22.420000076293945,33.220001220703125,1.9850000143051147,0.58,1.42,0.83,630098873.4146118,0.83
2016-01-29,1116.4000244140625,14.229000091552734,99.61000061035156,1940.239990234375,20.200000762939453,33.619998931884766,1.930999994277954,0.53,1.41,0.76,866155940.284729,0.76
2016-02-01,1127.9000244140625,14.329000473022461,99.0,1939.3800048828125,19.979999542236328,31.6200008392334,1.965999960899353,0.57,1.4,0.81,1131478021.9573975,0.81
2016-02-02,1127.300048828125,14.276000022888184,98.87000274658203,1903.030029296875,21.979999542236328,29.8799991607666,1.8639999628067017,0.51,1.36,0.75,719447015.625,0.75
2016-02-03,1141.300048828125,14.720000267028809,97.29000091552734,1912.530029296875,21.649999618530273,32.279998779296875,1.88100004196167,0.5,1.38,0.72,1724533100.0,0.72
2016-02-04,1157.5999755859375,14.836000442504883,96.47000122070312,1915.449951171875,21.84000015258789,31.719999313354492,1.8639999628067017,0.51,1.36,0.7,1461038804.9674988,0.7
2016-02-05,1157.800048828125,14.763999938964844,97.02999877929688,1880.050048828125,23.3799991607666,30.889999389648438,1.8480000495910645,0.53,1.33,0.74,1659786331.490326,0.74
2016-02-08,1197.9000244140625,15.416000366210938,96.56999969482422,1853.43994140625,26.0,29.690000534057617,1.7350000143051147,0.52,1.23,0.66,3226078847.894287,0.66
2016-02-09,1198.699951171875,15.444000244140625,96.06999969482422,1852.2099609375,26.540000915527344,27.940000534057617,1.7289999723434448,0.53,1.21,0.69,2062238019.2459106,0.69
2016-02-10,1194.699951171875,15.277000427246094,95.88999938964844,1851.8599853515625,26.290000915527344,27.450000762939453,1.7050000429153442,0.5,1.21,0.71,1523588493.813324,0.71
2016-02-11,1247.9000244140625,15.788999557495117,95.55999755859375,1829.0799560546875,28.139999389648438,26.209999084472656,1.6440000534057617,0.45,1.18,0.64,5850489220.031738,0.64
2016-02-12,1239.0999755859375,15.78499984741211,95.9800033569336,1864.780029296875,25.399999618530273,29.440000534057617,1.7480000257492065,0.49,1.25,0.71,2009894842.364502,0.71
2016-02-16,1207.9000244140625,15.329000473022461,96.87000274658203,1895.5799560546875,24.110000610351562,29.040000915527344,1.777999997138977,0.53,1.25,0.74,1675837059.9830627,0.74
2016-02-17,1211.0999755859375,15.371999740600586,96.79000091552734,1926.8199462890625,22.309999465942383,30.65999984741211,1.819000005722046,0.53,1.28,0.74,1222055587.524414,0.74
2016-02-18,1226.0999755859375,15.427000045776367,96.94999694824219,1917.8299560546875,21.639999389648438,30.770000457763672,1.7589999437332153,0.51,1.24,0.71,1607147097.4388123,0.71
2016-02-19,1230.4000244140625,15.368000030517578,96.5999984741211,1917.780029296875,20.530000686645508,29.639999389648438,1.7480000257492065,0.5,1.26,0.76,1786275387.8173828,0.76
2016-02-22,1209.5,15.178999900817871,97.37999725341797,1945.5,19.3799991607666,31.479999542236328,1.7660000324249268,0.46,1.31,0.78,1233179099.1897583,0.78
2016-02-23,1222.300048828125,15.234999656677246,97.4800033569336,1921.27001953125,20.979999542236328,31.8700008392334,1.7450000047683716,0.42,1.32,0.76,1058895159.0270996,0.76
2016-02-24,1238.699951171875,15.291999816894531,97.45999908447266,1929.800048828125,20.719999313354492,32.150001525878906,1.7419999837875366,0.39,1.36,0.75,2109782278.9489746,0.75
2016-02-25,1238.199951171875,15.164999961853027,97.29000091552734,1951.699951171875,19.110000610351562,33.06999969482422,1.6970000267028809,0.32,1.39,0.72,1474035353.111267,0.72
2016-02-26,1219.800048828125,14.689000129699707,98.1500015258789,1948.050048828125,19.809999465942383,32.779998779296875,1.7619999647140503,0.35,1.41,0.8,1464472268.6325073,0.8
2016-02-29,1233.9000244140625,14.895999908447266,98.20999908447266,1932.22998046875,20.549999237060547,33.75,1.7400000095367432,0.32,1.42,0.78,1366436192.9702759,0.78
2016-03-01,1230.300048828125,14.732999801635742,98.3499984741211,1978.3499755859375,17.700000762939453,34.400001525878906,1.8339999914169312,0.35,1.48,0.85,1665185313.5353088,0.85
2016-03-02,1241.0999755859375,15.003000259399414,98.20999908447266,1986.449951171875,17.09000015258789,34.65999984741211,1.8480000495910645,0.33,1.51,0.85,1056608042.71698,0.85
2016-03-03,1257.4000244140625,15.130999565124512,97.56999969482422,1993.4000244140625,16.700000762939453,34.56999969482422,1.8300000429153442,0.3,1.53,0.85,2260560655.8555603,0.85
2016-03-04,1269.9000244140625,15.680999755859375,97.33999633789062,1999.989990234375,16.860000610351562,35.91999816894531,1.8830000162124634,0.37,1.51,0.88,1960113008.8874817,0.88
2016-03-07,1263.199951171875,15.623000144958496,97.06999969482422,2001.760009765625,17.350000381469727,37.900001525878906,1.9019999504089355,0.43,1.48,0.91,1133700798.2879639,0.91
2016-03-08,1262.0999755859375,15.383999824523926,97.20999908447266,1979.260009765625,18.670000076293945,36.5,1.8320000171661377,0.37,1.46,0.88,1390408001.1138916,0.88
2016-03-09,1256.5999755859375,15.354999542236328,97.16999816894531,1989.260009765625,18.34000015258789,38.290000915527344,1.8919999599456787,0.39,1.51,0.9,1037105397.8805542,0.9
2016-03-10,1272.0,15.545999526977539,96.06999969482422,1989.5699462890625,18.049999237060547,37.84000015258789,1.9290000200271606,0.45,1.48,0.93,2199745350.0,0.93
2016-03-11,1258.699951171875,15.607000350952148,96.16999816894531,2022.18994140625,16.5,38.5,1.9769999980926514,0.44,1.54,0.97,1291096782.5958252,0.97
2016-03-14,1244.4000244140625,15.517999649047852,96.62000274658203,2019.6400146484375,16.920000076293945,37.18000030517578,1.9630000591278076,0.45,1.52,0.97,1678020933.100891,0.97
2016-03-15,1230.4000244140625,15.255000114440918,96.62999725341797,2015.9300537109375,16.84000015258789,36.34000015258789,1.9589999914169312,0.47,1.5,0.98,1172734718.8980103,0.98
2016-03-16,1229.300048828125,15.21399974822998,95.88999938964844,2027.219970703125,14.989999771118164,38.459999084472656,1.937999963760376,0.36,1.58,0.87,2090306996.520996,0.87
2016-03-17,1264.5,16.02199935913086,94.76000213623047,2040.5899658203125,14.4399995803833,40.20000076293945,1.902999997138977,0.34,1.57,0.87,1191004831.7695618,0.87
2016-03-18,1253.800048828125,15.805999755859375,94.98999786376953,2049.580078125,14.020000457763672,39.439998626708984,1.871000051498413,0.27,1.61,0.84,2032514871.7758179,0.84
2016-03-21,1243.800048828125,15.840999603271484,95.29000091552734,2051.60009765625,13.789999961853027,39.90999984741211,1.9229999780654907,0.28,1.64,0.87,861341769.3710327,0.87
2016-03-22,1248.199951171875,15.876999855041504,95.6500015258789,2049.800048828125,14.170000076293945,41.45000076293945,1.934999942779541,0.31,1.63,0.91,809733091.4306641,0.91
2016-03-23,1223.699951171875,15.262999534606934,96.05000305175781,2036.7099609375,14.9399995803833,39.790000915527344,1.875,0.3,1.58,0.87,1865025366.7617798,0.87
2016-03-24,1221.4000244140625,15.190999984741211,96.13999938964844,2035.93994140625,14.739999771118164,39.459999084472656,1.899999976158142,0.34,1.57,0.89,730657108.5006714,0.89
2016-03-28,1219.9000244140625,15.194000244140625,95.94000244140625,2037.050048828125,15.239999771118164,39.38999938964844,1.8700000047683716,0.33,1.56,0.89,452303054.08096313,0.89
2016-03-29,1235.5999755859375,15.237000465393066,95.16000366210938,2055.010009765625,13.819999694824219,38.279998779296875,1.8140000104904175,0.2,1.61,0.78,1718742254.9163818,0.78
2016-03-30,1226.9000244140625,15.206000328063965,94.83999633789062,2063.949951171875,13.5600004196167,38.31999969482422,1.8300000429153442,0.18,1.65,0.76,1261061593.5676575,0.76
2016-03-31,1234.199951171875,15.460000038146973,94.58999633789062,2059.739990234375,13.949999809265137,38.34000015258789,1.7860000133514404,0.16,1.62,0.73,1099722242.2943115,0.73
2016-04-01,1222.199951171875,15.041999816894531,94.62000274658203,2072.780029296875,13.100000381469727,36.790000915527344,1.7920000553131104,0.17,1.62,0.76,1216703425.175476,0.76
2016-04-04,1218.0,14.942000389099121,94.51000213623047,2066.1298828125,14.119999885559082,35.70000076293945,1.7790000438690186,0.14,1.64,0.75,887815766.6633606,0.75
2016-04-05,1228.4000244140625,15.11400032043457,94.62999725341797,2045.1700439453125,15.420000076293945,35.88999938964844,1.7269999980926514,0.14,1.59,0.72,1043161826.4678955,0.72
2016-04-06,1222.5,15.052000045776367,94.43000030517578,2066.659912109375,14.09000015258789,37.75,1.7549999952316284,0.17,1.59,0.73,882826854.4311523,0.73
2016-04-07,1236.199951171875,15.156000137329102,94.4800033569336,2041.9100341796875,16.15999984741211,37.2599983215332,1.690999984741211,0.12,1.58,0.7,1411518312.2634888,0.7
2016-04-08,1242.5,15.381999969482422,94.23999786376953,2047.5999755859375,15.359999656677246,39.720001220703125,1.7200000286102295,0.14,1.58,0.7,1075214129.7706604,0.7
2016-04-11,1256.699951171875,15.973999977111816,93.94999694824219,2041.989990234375,16.260000228881836,40.36000061035156,1.7239999771118164,0.17,1.56,0.7,1181815367.980957,0.7
2016-04-12,1259.4000244140625,16.219999313354492,93.95999908447266,2061.719970703125,14.850000381469727,42.16999816894531,1.781000018119812,0.22,1.57,0.74,1163224504.5700073,0.74
2016-04-13,1246.800048828125,16.322999954223633,94.73999786376953,2082.419921875,13.84000015258789,41.7599983215332,1.7619999647140503,0.21,1.56,0.75,1050104925.3196716,0.75
2016-04-14,1225.0,16.16900062561035,94.9000015258789,2082.780029296875,13.720000267028809,41.5,1.781000018119812,0.24,1.56,0.77,1541846846.0357666,0.77
2016-04-15,1233.0999755859375,16.30900001525879,94.69999694824219,2080.72998046875,13.619999885559082,40.36000061035156,1.7519999742507935,0.2,1.56,0.74,924268737.6480103,0.74
2016-04-18,1233.5999755859375,16.249000549316406,94.48999786376953,2094.340087890625,13.350000381469727,39.779998779296875,1.7730000019073486,0.21,1.57,0.75,684045839.5889282,0.75
2016-04-19,1253.0,16.968000411987305,93.9800033569336,2100.800048828125,13.239999771118164,41.08000183105469,1.7829999923706055,0.19,1.6,0.77,2514946808.5098267,0.77
2016-04-20,1253.199951171875,17.131000518798828,94.48999786376953,2102.39990234375,13.279999732971191,42.630001068115234,1.8539999723434448,0.23,1.62,0.8,1217443816.4916992,0.8
2016-04-21,1249.0,17.086000442504883,94.5999984741211,2091.47998046875,13.949999809265137,43.18000030517578,1.8700000047683716,0.24,1.64,0.82,1745060549.243164,0.82
2016-04-22,1228.699951171875,16.895999908447266,95.12000274658203,2091.580078125,13.220000267028809,43.72999954223633,1.8880000114440918,0.25,1.64,0.84,1184440823.8677979,0.84
2016-04-25,1238.9000244140625,17.0049991607666,94.83999633789062,2087.7900390625,14.079999923706055,42.63999938964844,1.9019999504089355,0.26,1.65,0.85,516594176.66778564,0.85
2016-04-26,1242.199951171875,17.106000900268555,94.56999969482422,2091.699951171875,13.960000038146973,44.040000915527344,1.930999994277954,0.27,1.67,0.86,1175937129.7668457,0.86
2016-04-27,1249.199951171875,17.285999298095703,94.38999938964844,2095.14990234375,13.770000457763672,45.33000183105469,1.8600000143051147,0.19,1.68,0.83,949510663.3026123,0.83
2016-04-28,1265.5,17.55299949645996,93.76000213623047,2075.81005859375,15.220000267028809,46.029998779296875,1.8380000591278076,0.12,1.72,0.78,1835554357.8552246,0.78
2016-04-29,1289.199951171875,17.788999557495117,93.08000183105469,2065.300048828125,15.699999809265137,45.91999816894531,1.819000005722046,0.12,1.71,0.77,2354778264.0586853,0.77
2016-05-02,1294.699951171875,17.6560001373291,92.62999725341797,2081.429931640625,14.680000305175781,44.779998779296875,1.8650000095367432,0.2,1.68,0.8,1495825474.0715027,0.8
2016-05-03,1290.699951171875,17.474000930786133,92.94000244140625,2063.3701171875,15.600000381469727,43.650001525878906,1.7999999523162842,0.17,1.64,0.75,1114460247.7020264,0.75
2016-05-04,1273.300048828125,17.277000427246094,93.18000030517578,2051.1201171875,16.049999237060547,43.779998779296875,1.784000039100647,0.16,1.63,0.75,1148554013.395691,0.75
2016-05-05,1271.4000244140625,17.302000045776367,93.77999877929688,2050.6298828125,15.90999984741211,44.31999969482422,1.746999979019165,0.13,1.63,0.72,1079941080.3001404,0.72
2016-05-06,1292.9000244140625,17.506999969482422,93.88999938964844,2057.139892578125,14.720000267028809,44.65999984741211,1.7790000438690186,0.18,1.61,0.74,1400162427.468872,0.74
2016-05-09,1265.5999755859375,17.06999969482422,94.1500015258789,2058.68994140625,14.569999694824219,43.439998626708984,1.7599999904632568,0.18,1.59,0.72,1114347544.0933228,0.72
2016-05-10,1263.9000244140625,17.075000762939453,94.29000091552734,2084.389892578125,13.630000114440918,44.65999984741211,1.7599999904632568,0.15,1.62,0.72,1191048133.0490112,0.72
2016-05-11,1274.5999755859375,17.302000045776367,93.81999969482422,2064.4599609375,14.6899995803833,46.22999954223633,1.7369999885559082,0.14,1.59,0.74,926903032.8468323,0.74
2016-05-12,1270.300048828125,17.086999893188477,94.13999938964844,2064.110107421875,14.40999984741211,46.70000076293945,1.7569999694824219,0.15,1.6,0.76,902290663.2720947,0.76
2016-05-13,1271.9000244140625,17.114999771118164,94.61000061035156,2046.6099853515625,15.039999961853027,46.209999084472656,1.7050000429153442,0.13,1.58,0.76,933856480.9753418,0.76
2016-05-16,1273.4000244140625,17.142000198364258,94.56999969482422,2066.659912109375,14.680000305175781,47.720001220703125,1.753000020980835,0.15,1.6,0.79,865145421.6766357,0.79
2016-05-17,1276.199951171875,17.235000610351562,94.55000305175781,2047.2099609375,15.569999694824219,48.310001373291016,1.7589999437332153,0.15,1.61,0.82,1053511966.5222168,0.82
2016-05-18,1273.699951171875,17.1200008392334,95.08000183105469,2047.6300048828125,15.949999809265137,48.189998626708984,1.8799999952316284,0.26,1.61,0.9,1607142149.5811462,0.9
2016-05-19,1254.199951171875,16.479000091552734,95.29000091552734,2040.0400390625,16.329999923706055,48.15999984741211,1.8450000286102295,0.29,1.56,0.89,1718899878.3851624,0.89
2016-05-20,1252.4000244140625,16.518999099731445,95.30999755859375,2052.320068359375,15.199999809265137,47.75,1.8489999771118164,0.29,1.56,0.89,1242517964.4973755,0.89
2016-05-23,1251.0999755859375,16.40999984741211,95.2300033569336,2048.0400390625,15.819999694824219,48.08000183105469,1.8380000591278076,0.3,1.54,0.91,1029948257.6980591,0.91
2016-05-24,1228.9000244140625,16.238000869750977,95.56999969482422,2076.06005859375,14.420000076293945,48.619998931884766,1.8589999675750732,0.31,1.55,0.92,1498155638.9770508,0.92
2016-05-25,1223.5,16.2549991607666,95.3499984741211,2090.5400390625,13.899999618530273,49.560001373291016,1.8700000047683716,0.29,1.58,0.92,1226804389.2051697,0.92
2016-05-26,1220.0999755859375,16.33799934387207,95.16999816894531,2090.10009765625,13.430000305175781,49.47999954223633,1.8229999542236328,0.25,1.58,0.87,687064240.7913208,0.87
2016-05-27,1213.800048828125,16.246000289916992,95.5199966430664,2099.06005859375,13.119999885559082,49.33000183105469,1.8509999513626099,0.27,1.58,0.9,1004356277.8587341,0.9
2016-05-31,1214.800048828125,15.972000122070312,95.88999938964844,2096.949951171875,14.1899995803833,49.099998474121094,1.8339999914169312,0.3,1.54,0.87,950252836.0107422,0.87
2016-06-01,1211.9000244140625,15.906000137329102,95.45999908447266,2099.330078125,14.199999809265137,49.0099983215332,1.8459999561309814,0.31,1.54,0.91,973849644.5068359,0.91
2016-06-02,1209.800048828125,16.0049991607666,95.55999755859375,2105.260009765625,13.630000114440918,49.16999816894531,1.8109999895095825,0.27,1.54,0.89,531110363.5925293,0.89
2016-06-03,1240.0999755859375,16.34600067138672,94.02999877929688,2099.1298828125,13.470000267028809,48.619998931884766,1.7039999961853027,0.19,1.52,0.78,1736254247.8858948,0.78
2016-06-06,1244.5999755859375,16.42799949645996,93.9000015258789,2109.409912109375,13.649999618530273,49.689998626708984,1.7230000495910645,0.19,1.54,0.8,1175869049.8947144,0.8
2016-06-07,1244.4000244140625,16.37700080871582,93.83000183105469,2112.1298828125,14.050000190734863,50.36000061035156,1.7130000591278076,0.15,1.57,0.78,546916576.5953064,0.78
2016-06-08,1259.800048828125,16.968000411987305,93.58999633789062,2119.1201171875,14.079999923706055,51.22999954223633,1.7059999704360962,0.12,1.59,0.78,1406167807.3532104,0.78
2016-06-09,1270.199951171875,17.253000259399414,94.0999984741211,2115.47998046875,14.640000343322754,50.560001373291016,1.6799999475479126,0.12,1.56,0.77,1476097500.0,0.77
2016-06-10,1273.4000244140625,17.315000534057617,94.5999984741211,2096.070068359375,17.030000686645508,49.06999969482422,1.6390000581741333,0.12,1.52,0.73,1697055570.2209473,0.73
2016-06-13,1284.4000244140625,17.42799949645996,94.37000274658203,2079.06005859375,20.969999313354492,48.880001068115234,1.6160000562667847,0.15,1.47,0.73,1544552680.3131104,0.73
2016-06-14,1285.5999755859375,17.40999984741211,94.93000030517578,2075.320068359375,20.5,48.4900016784668,1.6109999418258667,0.17,1.45,0.74,1430479169.8860168,0.74
2016-06-15,1285.800048828125,17.48900032043457,94.61000061035156,2071.5,20.139999389648438,48.0099983215332,1.5959999561309814,0.13,1.47,0.69,1861755044.593811,0.69
2016-06-16,1296.0999755859375,17.5939998626709,94.56999969482422,2077.989990234375,19.3700008392334,46.209999084472656,1.5640000104904175,0.15,1.42,0.7,3259591226.8447876,0.7
2016-06-17,1292.5,17.399999618530273,94.20999908447266,2071.219970703125,19.40999984741211,47.97999954223633,1.6180000305175781,0.2,1.42,0.7,1930372462.4725342,0.7
2016-06-20,1290.0,17.503000259399414,93.61000061035156,2083.25,18.3700008392334,49.369998931884766,1.6699999570846558,0.24,1.43,0.74,1462034491.1361694,0.74
2016-06-21,1270.5,17.31100082397461,94.0199966430664,2088.89990234375,18.479999542236328,48.849998474121094,1.6970000267028809,0.28,1.43,0.76,1762523850.5859375,0.76
2016-06-22,1268.0,17.30500030517578,93.72000122070312,2085.449951171875,21.170000076293945,49.130001068115234,1.684999942779541,0.25,1.44,0.75,950394911.9949341,0.75
2016-06-23,1261.199951171875,17.347999572753906,93.52999877929688,2113.320068359375,17.25,50.11000061035156,1.7389999628067017,0.24,1.5,0.78,1285765545.5337524,0.78
2016-06-24,1320.0,17.78499984741211,95.44999694824219,2037.4100341796875,25.760000228881836,47.63999938964844,1.5789999961853027,0.15,1.42,0.64,4508645400.0,0.64
2016-06-27,1322.5,17.739999771118164,96.54000091552734,2000.5400390625,23.850000381469727,46.33000183105469,1.4600000381469727,0.12,1.34,0.61,2689264390.4785156,0.61
2016-06-28,1315.300048828125,17.839000701904297,96.25,2036.0899658203125,18.75,47.849998474121094,1.4609999656677246,0.09,1.37,0.61,2005307975.1167297,0.61
2016-06-29,1323.9000244140625,18.36199951171875,95.7699966430664,2070.77001953125,16.639999389648438,49.880001068115234,1.4769999980926514,0.1,1.4,0.62,1537563411.2548828,0.62
2016-06-30,1318.4000244140625,18.582000732421875,96.13999938964844,2098.860107421875,15.630000114440918,48.33000183105469,1.4880000352859497,0.09,1.4,0.58,2021192971.508789,0.58
2016-07-01,1336.699951171875,19.54400062561035,95.6500015258789,2102.949951171875,14.770000457763672,48.9900016784668,1.4559999704360962,0.03,1.43,0.59,1918535341.7144775,0.59
2016-07-05,1356.4000244140625,19.865999221801758,96.16999816894531,2088.550048828125,15.579999923706055,46.599998474121094,1.3669999837875366,-0.03,1.4,0.56,2463322137.225342,0.56
2016-07-06,1364.9000244140625,20.15999984741211,96.05999755859375,2099.72998046875,14.960000038146973,47.43000030517578,1.3849999904632568,-0.05,1.43,0.58,2262967566.758728,0.58
2016-07-07,1360.0999755859375,19.79800033569336,96.33000183105469,2097.89990234375,14.760000228881836,45.13999938964844,1.3869999647140503,-0.03,1.43,0.58,2141812880.683899,0.58
2016-07-08,1356.5999755859375,20.058000564575195,96.30000305175781,2129.89990234375,13.199999809265137,45.40999984741211,1.3660000562667847,-0.06,1.43,0.61,2301615859.3414307,0.61
2016-07-11,1355.0,20.263999938964844,96.56999969482422,2137.159912109375,13.539999961853027,44.7599983215332,1.434000015258789,0.01,1.42,0.66,1403520451.1169434,0.66
2016-07-12,1334.0999755859375,20.1299991607666,96.44000244140625,2152.139892578125,13.550000190734863,46.79999923706055,1.5130000114440918,0.07,1.46,0.69,3364338180.3741455,0.69
2016-07-13,1342.4000244140625,20.3700008392334,96.22000122070312,2152.429931640625,13.039999961853027,44.75,1.468000054359436,0.03,1.45,0.68,946706518.0358887,0.68
2016-07-14,1331.300048828125,20.2810001373291,96.08000183105469,2163.75,12.819999694824219,45.68000030517578,1.531000018119812,0.08,1.45,0.68,1544818514.215088,0.68
2016-07-15,1326.5,20.125,96.58000183105469,2161.739990234375,12.670000076293945,45.95000076293945,1.593999981880188,0.11,1.49,0.71,1762073913.1256104,0.71
2016-07-18,1328.4000244140625,20.04400062561035,96.55999755859375,2166.889892578125,12.4399995803833,45.2400016784668,1.5870000123977661,0.1,1.49,0.68,1078531495.7725525,0.68
2016-07-19,1331.5,19.975000381469727,97.05000305175781,2163.780029296875,11.970000267028809,44.650001525878906,1.5579999685287476,0.12,1.44,0.7,657764742.2660828,0.7
2016-07-20,1318.800048828125,19.582000732421875,97.19999694824219,2173.02001953125,11.770000457763672,44.939998626708984,1.5800000429153442,0.13,1.46,0.73,1476805795.8114624,0.73
2016-07-21,1330.5,19.784000396728516,97.0,2165.169921875,12.739999771118164,44.75,1.565000057220459,0.05,1.52,0.7,1196518188.684082,0.7
2016-07-22,1323.0999755859375,19.656999588012695,97.47000122070312,2175.030029296875,12.020000457763672,44.189998626708984,1.5700000524520874,0.06,1.51,0.71,974916588.2263184,0.71
2016-07-25,1319.300048828125,19.614999771118164,97.29000091552734,2168.47998046875,12.869999885559082,43.130001068115234,1.5709999799728394,0.08,1.5,0.72,1648600534.0393066,0.72
2016-07-26,1320.699951171875,19.655000686645508,97.16000366210938,2169.179931640625,13.050000190734863,42.91999816894531,1.562999963760376,0.07,1.5,0.75,959263200.0,0.75
2016-07-27,1326.5999755859375,19.96500015258789,97.05000305175781,2166.580078125,12.829999923706055,41.91999816894531,1.5149999856948853,0.03,1.49,0.73,2185011171.166992,0.73
2016-07-28,1332.300048828125,20.15999984741211,96.73999786376953,2170.06005859375,12.720000267028809,41.13999938964844,1.5110000371932983,0.0,1.52,0.72,1182361421.9177246,0.72
2016-07-29,1349.0,20.312000274658203,95.52999877929688,2173.60009765625,11.869999885559082,41.599998474121094,1.4579999446868896,-0.03,1.49,0.67,1768083577.432251,0.67
2016-08-01,1351.4000244140625,20.46500015258789,95.70999908447266,2170.840087890625,12.4399995803833,40.060001373291016,1.496000051498413,0.05,1.46,0.67,918741286.6790771,0.67
2016-08-02,1364.4000244140625,20.666000366210938,95.05999755859375,2157.030029296875,13.369999885559082,39.5099983215332,1.5369999408721924,0.11,1.44,0.67,996930288.6962891,0.67
2016-08-03,1356.0999755859375,20.43600082397461,95.55999755859375,2163.7900390625,12.859999656677246,40.83000183105469,1.5420000553131104,0.09,1.46,0.67,649637224.4171143,0.67
2016-08-04,1358.800048828125,20.4060001373291,95.76000213623047,2164.25,12.420000076293945,41.93000030517578,1.503000020980835,0.04,1.47,0.64,637414923.034668,0.64
2016-08-05,1336.4000244140625,19.780000686645508,96.19000244140625,2182.8701171875,11.390000343322754,41.79999923706055,1.5820000171661377,0.09,1.5,0.72,2066960554.4540405,0.72
2016-08-08,1333.4000244140625,19.76799964904785,96.4000015258789,2180.889892578125,11.5,43.02000045776367,1.5829999446868896,0.08,1.51,0.74,863253088.5375977,0.74
2016-08-09,1339.0,19.81399917602539,96.18000030517578,2181.739990234375,11.65999984741211,42.77000045776367,1.5449999570846558,0.06,1.49,0.71,959751177.1331787,0.71
2016-08-10,1344.300048828125,20.134000778198242,95.6500015258789,2175.489990234375,12.050000190734863,41.709999084472656,1.5089999437332153,0.06,1.44,0.69,796583456.8725586,0.69
2016-08-11,1342.5,19.983999252319336,95.86000061035156,2185.7900390625,11.680000305175781,43.4900016784668,1.5729999542236328,0.1,1.47,0.76,1246544328.1219482,0.76
2016-08-12,1335.800048828125,19.672000885009766,95.72000122070312,2184.050048828125,11.550000190734863,44.4900016784668,1.5149999856948853,0.07,1.44,0.71,1961424943.4921265,0.71
2016-08-15,1340.300048828125,19.820999145507812,95.62999725341797,2190.14990234375,11.8100004196167,45.7400016784668,1.5529999732971191,0.1,1.45,0.72,579217455.4077148,0.72
2016-08-16,1350.5,19.847999572753906,94.79000091552734,2178.14990234375,12.640000343322754,46.58000183105469,1.5759999752044678,0.13,1.44,0.76,1114875517.5933838,0.76
2016-08-17,1342.699951171875,19.62700080871582,94.72000122070312,2182.219970703125,12.1899995803833,46.790000915527344,1.5609999895095825,0.09,1.47,0.74,1546471800.0,0.74
2016-08-18,1351.199951171875,19.719999313354492,94.16000366210938,2187.02001953125,11.430000305175781,48.220001220703125,1.5360000133514404,0.06,1.47,0.71,1226622471.798706,0.71
2016-08-19,1340.4000244140625,19.301000595092773,94.51000213623047,2183.8701171875,11.34000015258789,48.52000045776367,1.5779999494552612,0.1,1.48,0.76,1364173010.0128174,0.76
2016-08-22,1337.699951171875,18.843000411987305,94.5199966430664,2182.639892578125,12.270000457763672,47.04999923706055,1.5390000343322754,0.08,1.47,0.76,1102383605.46875,0.76
2016-08-23,1340.5999755859375,18.90999984741211,94.54000091552734,2186.89990234375,12.380000114440918,48.099998474121094,1.5529999732971191,0.07,1.48,0.74,1154758779.308319,0.74
2016-08-24,1324.4000244140625,18.545000076293945,94.79000091552734,2175.43994140625,13.449999809265137,46.77000045776367,1.559000015258789,0.08,1.48,0.76,1710605648.4161377,0.76
2016-08-25,1320.0999755859375,18.47800064086914,94.7699966430664,2172.469970703125,13.630000114440918,47.33000183105469,1.5770000219345093,0.09,1.49,0.78,748076868.8941956,0.78
2016-08-26,1321.5,18.645000457763672,95.56999969482422,2169.0400390625,13.649999618530273,47.63999938964844,1.6349999904632568,0.15,1.47,0.84,2264828639.833069,0.84
2016-08-29,1322.9000244140625,18.761999130249023,95.58000183105469,2180.3798828125,12.9399995803833,46.97999954223633,1.565999984741211,0.11,1.46,0.81,702531136.9750977,0.81
2016-08-30,1311.699951171875,18.57699966430664,96.05000305175781,2176.1201171875,13.119999885559082,46.349998474121094,1.5700000524520874,0.11,1.46,0.8,1234921297.9431152,0.8
2016-08-31,1306.9000244140625,18.621999740600586,96.0199966430664,2170.949951171875,13.420000076293945,44.70000076293945,1.5679999589920044,0.11,1.47,0.8,1662581181.7352295,0.8
2016-09-01,1312.199951171875,18.85700035095215,95.6500015258789,2170.860107421875,13.479999542236328,43.15999984741211,1.5700000524520874,0.12,1.45,0.78,1613447044.7898865,0.78
2016-09-02,1322.0999755859375,19.275999069213867,95.87999725341797,2179.97998046875,11.979999542236328,44.439998626708984,1.5959999561309814,0.13,1.47,0.8,1432595198.5458374,0.8
2016-09-06,1349.4000244140625,20.048999786376953,94.81999969482422,2186.47998046875,12.020000457763672,44.83000183105469,1.5429999828338623,0.06,1.49,0.74,1945490364.4821167,0.74
2016-09-07,1344.300048828125,19.759000778198242,94.95999908447266,2186.159912109375,11.9399995803833,45.5,1.5410000085830688,0.03,1.51,0.74,1136446583.8531494,0.74
2016-09-08,1336.800048828125,19.590999603271484,95.02999877929688,2181.300048828125,12.510000228881836,47.619998931884766,1.6160000562667847,0.09,1.52,0.78,1347580023.3215332,0.78
2016-09-09,1330.0999755859375,19.281999588012695,95.33999633789062,2127.81005859375,17.5,45.880001068115234,1.6720000505447388,0.17,1.5,0.79,1582549800.0,0.79
2016-09-12,1321.0,18.915000915527344,95.0999984741211,2159.0400390625,15.15999984741211,46.290000915527344,1.6720000505447388,0.17,1.51,0.79,1410250536.203003,0.79
2016-09-13,1319.0,18.889999389648438,95.62999725341797,2127.02001953125,17.850000381469727,44.900001525878906,1.7339999675750732,0.24,1.49,0.8,1114949800.0,0.8
2016-09-14,1321.5,18.98200035095215,95.33000183105469,2125.77001953125,18.139999389648438,43.58000183105469,1.6890000104904175,0.21,1.49,0.77,734455927.7763367,0.77
2016-09-15,1313.5,18.958999633789062,95.29000091552734,2147.260009765625,16.299999237060547,43.90999984741211,1.7029999494552612,0.22,1.49,0.74,1603532483.1298828,0.74
2016-09-16,1305.800048828125,18.7810001373291,96.11000061035156,2139.159912109375,15.369999885559082,43.029998779296875,1.7009999752044678,0.19,1.51,0.77,2375527159.625244,0.77
2016-09-19,1313.5,19.20599937438965,95.83999633789062,2139.1201171875,15.529999732971191,43.29999923706055,1.6959999799728394,0.2,1.5,0.79,621537070.4864502,0.79
2016-09-20,1313.699951171875,19.19499969482422,96.0199966430664,2139.760009765625,15.920000076293945,43.439998626708984,1.687999963760376,0.2,1.49,0.79,711495693.8476562,0.79
2016-09-21,1326.9000244140625,19.68600082397461,95.66000366210938,2163.1201171875,13.300000190734863,45.34000015258789,1.6679999828338623,0.15,1.51,0.79,1736777282.1899414,0.79
2016-09-22,1340.4000244140625,20.020000457763672,95.44999694824219,2177.179931640625,12.020000457763672,46.31999969482422,1.6319999694824219,0.08,1.55,0.79,1937533155.3649902,0.79
2016-09-23,1337.199951171875,19.732999801635742,95.4800033569336,2164.68994140625,12.289999961853027,44.47999954223633,1.6150000095367432,0.05,1.57,0.77,983198606.7527771,0.77
2016-09-26,1339.699951171875,19.516000747680664,95.30999755859375,2146.10009765625,14.5,45.93000030517578,1.5889999866485596,0.05,1.54,0.76,745236402.8305054,0.76
2016-09-27,1325.9000244140625,19.086999893188477,95.44000244140625,2159.929931640625,13.100000381469727,44.66999816894531,1.555999994277954,0.04,1.52,0.75,787665051.0856628,0.75
2016-09-28,1319.4000244140625,19.04400062561035,95.43000030517578,2171.3701171875,12.390000343322754,47.04999923706055,1.5670000314712524,0.01,1.56,0.75,852956902.2491455,0.75
2016-09-29,1321.699951171875,19.114999771118164,95.54000091552734,2151.1298828125,14.020000457763672,47.83000183105469,1.5570000410079956,0.02,1.54,0.73,939019785.7269287,0.73
2016-09-30,1313.300048828125,19.138999938964844,95.45999908447266,2168.27001953125,13.289999961853027,48.2400016784668,1.6080000400543213,0.0,1.6,0.77,1407708245.161438,0.77
2016-10-03,1309.0,18.795000076293945,95.75,2161.199951171875,13.569999694824219,48.810001373291016,1.621999979019165,0.0,1.63,0.8,1133406609.2399597,0.8
2016-10-04,1266.300048828125,17.71299934387207,96.12000274658203,2150.489990234375,13.630000114440918,48.689998626708984,1.6829999685287476,0.07,1.62,0.82,2948365548.751831,0.82
2016-10-05,1265.199951171875,17.634000778198242,96.12999725341797,2159.72998046875,12.989999771118164,49.83000183105469,1.715999960899353,0.1,1.62,0.85,1777652100.0335693,0.85
2016-10-06,1249.800048828125,17.288000106811523,96.66000366210938,2160.77001953125,12.84000015258789,50.439998626708984,1.7419999837875366,0.11,1.64,0.86,2144032047.6165771,0.86
2016-10-07,1248.9000244140625,17.323999404907227,96.5199966430664,2153.739990234375,13.479999542236328,49.810001373291016,1.7359999418258667,0.1,1.63,0.83,2144220063.7458801,0.83
2016-10-10,1248.9000244140625,17.323999404907227,96.5199966430664,2163.659912109375,13.380000114440918,49.810001373291016,1.7230000495910645,0.1,1.63,0.83,542450320.5322266,0.83
2016-10-11,1253.0,17.45599937438965,97.69999694824219,2136.72998046875,15.359999656677246,50.790000915527344,1.7589999437332153,0.13,1.64,0.87,725106633.5098267,0.87
2016-10-12,1251.0999755859375,17.454999923706055,97.97000122070312,2139.179931640625,15.90999984741211,50.18000030517578,1.777999997138977,0.15,1.64,0.87,580571353.642273,0.87
2016-10-13,1255.0,17.40999984741211,97.5199966430664,2132.550048828125,16.690000534057617,50.439998626708984,1.7380000352859497,0.12,1.63,0.85,862367529.2297363,0.85
2016-10-14,1253.0999755859375,17.39299964904785,98.0199966430664,2132.97998046875,16.1200008392334,50.349998474121094,1.7940000295639038,0.13,1.67,0.84,785066532.0144653,0.84
2016-10-17,1254.4000244140625,17.426000595092773,97.88999938964844,2126.5,16.209999084472656,49.939998626708984,1.7660000324249268,0.09,1.68,0.81,571819073.4580994,0.81
2016-10-18,1260.800048828125,17.590999603271484,97.9000015258789,2139.60009765625,15.279999732971191,50.290000915527344,1.7489999532699585,0.09,1.66,0.82,592430264.9917603,0.82
2016-10-19,1267.9000244140625,17.615999221801758,97.87000274658203,2144.2900390625,14.40999984741211,51.599998474121094,1.7519999742507935,0.08,1.68,0.81,729057981.6741943,0.81
2016-10-20,1265.5999755859375,17.50200080871582,98.31999969482422,2141.340087890625,13.75,50.43000030517578,1.746999979019165,0.08,1.68,0.84,784411544.1215515,0.84
2016-10-21,1265.9000244140625,17.447999954223633,98.69999694824219,2141.159912109375,13.34000015258789,50.849998474121094,1.7400000095367432,0.07,1.67,0.84,810503486.2823486,0.84
2016-10-24,1262.0,17.562000274658203,98.66999816894531,2151.330078125,13.020000457763672,50.52000045776367,1.7630000114440918,0.11,1.66,0.84,660801402.6184082,0.84
2016-10-25,1271.9000244140625,17.736000061035156,98.72000122070312,2143.159912109375,13.460000038146973,49.959999084472656,1.7580000162124634,0.07,1.7,0.86,745959424.49646,0.86
2016-10-26,1264.800048828125,17.584999084472656,98.62999725341797,2139.429931640625,14.239999771118164,49.18000030517578,1.7899999618530273,0.08,1.71,0.86,471793664.57595825,0.86
2016-10-27,1267.9000244140625,17.604000091552734,98.88999938964844,2133.0400390625,15.359999656677246,49.720001220703125,1.843000054359436,0.13,1.72,0.87,524699369.2626953,0.87
2016-10-28,1275.5,17.761999130249023,98.3499984741211,2126.409912109375,16.190000534057617,48.70000076293945,1.8450000286102295,0.13,1.73,0.86,1415179063.3132935,0.86
2016-10-31,1271.5,17.761999130249023,98.44999694824219,2126.14990234375,17.059999465942383,46.86000061035156,1.8339999914169312,0.11,1.73,0.86,941632892.8527832,0.86
2016-11-01,1286.4000244140625,18.385000228881836,97.69999694824219,2111.719970703125,18.559999465942383,46.66999816894531,1.8200000524520874,0.11,1.72,0.83,1642655183.9302063,0.83
2016-11-02,1306.800048828125,18.65999984741211,97.4000015258789,2097.93994140625,19.31999969482422,45.34000015258789,1.7990000247955322,0.11,1.7,0.81,1940208326.4221191,0.81
2016-11-03,1302.0999755859375,18.382999420166016,97.16000366210938,2088.659912109375,22.079999923706055,44.65999984741211,1.812000036239624,0.14,1.68,0.81,1254572360.8016968,0.81
2016-11-04,1303.300048828125,18.341999053955078,97.06999969482422,2085.179931640625,22.510000228881836,44.06999969482422,1.7829999923706055,0.11,1.68,0.8,1069082288.7542725,0.8
2016-11-07,1278.300048828125,18.124000549316406,97.77999877929688,2131.52001953125,18.709999084472656,44.88999938964844,1.8279999494552612,0.12,1.71,0.82,1223332265.2816772,0.82
2016-11-08,1273.4000244140625,18.329999923706055,97.86000061035156,2139.56005859375,18.739999771118164,44.97999954223633,1.8619999885559082,0.15,1.73,0.87,1153220178.213501,0.87
2016-11-09,1272.5999755859375,18.35700035095215,98.5,2163.260009765625,14.380000114440918,45.27000045776367,2.072000026702881,0.25,1.82,0.9,2216828895.477295,0.9
2016-11-10,1265.5,18.715999603271484,98.79000091552734,2167.47998046875,14.739999771118164,44.65999984741211,2.117000102996826,0.27,1.88,0.92,2666593000.0,0.92
2016-11-11,1265.5,18.715999603271484,98.79000091552734,2164.449951171875,14.170000076293945,44.65999984741211,2.117000102996826,0.27,1.88,0.92,2386708748.8998413,0.92
2016-11-14,1221.199951171875,16.87700080871582,100.11000061035156,2164.199951171875,14.479999542236328,43.31999969482422,2.2219998836517334,0.4,1.83,1.0,2406890646.6522217,1.0
2016-11-15,1224.0,17.02899932861328,100.19000244140625,2180.389892578125,13.369999885559082,45.810001373291016,2.23799991607666,0.41,1.82,1.02,1094908057.6766968,1.02
2016-11-16,1223.4000244140625,16.913999557495117,100.41000366210938,2176.93994140625,13.720000267028809,45.56999969482422,2.2230000495910645,0.39,1.83,1.0,640611878.5835266,1.0
2016-11-17,1216.5,16.76099967956543,100.88999938964844,2187.1201171875,13.350000381469727,45.41999816894531,2.2760000228881836,0.42,1.87,1.04,1201464972.062683,1.04
2016-11-18,1208.5,16.613000869750977,101.20999908447266,2181.89990234375,12.850000381469727,45.689998626708984,2.3350000381469727,0.44,1.9,1.07,1202661160.936737,1.07
2016-11-21,1209.5999755859375,16.511999130249023,101.05000305175781,2198.179931640625,12.420000076293945,47.4900016784668,2.3389999866485596,0.42,1.91,1.08,769092448.1842041,1.08
2016-11-22,1211.0,16.62299919128418,101.04000091552734,2202.93994140625,12.40999984741211,48.029998779296875,2.321000099182129,0.41,1.9,1.07,738520131.8519592,1.07
2016-11-23,1189.0999755859375,16.382999420166016,101.69999694824219,2204.719970703125,12.430000305175781,47.959999084472656,2.3570001125335693,0.44,1.92,1.12,2376222825.0,1.12
2016-11-25,1178.199951171875,16.464000701904297,101.48999786376953,2213.35009765625,12.34000015258789,46.060001373291016,2.371999979019165,0.47,1.89,1.12,602001802.2628784,1.12
2016-11-28,1190.5999755859375,16.577999114990234,101.33000183105469,2201.719970703125,13.149999618530273,47.08000183105469,2.319999933242798,0.47,1.85,1.11,643584537.2589111,1.11
2016-11-29,1187.9000244140625,16.660999298095703,100.93000030517578,2204.659912109375,12.899999618530273,45.22999954223633,2.302000045776367,0.44,1.86,1.09,842570197.0291138,1.09
2016-11-30,1170.800048828125,16.4060001373291,101.5,2198.81005859375,13.329999923706055,49.439998626708984,2.368000030517578,0.43,1.94,1.11,1220924625.0,1.11
2016-12-01,1166.9000244140625,16.427000045776367,101.04000091552734,2191.080078125,14.069999694824219,51.060001373291016,2.440999984741211,0.48,1.97,1.14,1141834989.3722534,1.14
2016-12-02,1175.0999755859375,16.753000259399414,100.7699966430664,2191.949951171875,14.119999885559082,51.68000030517578,2.390000104904175,0.49,1.91,1.11,831686305.4733276,1.11
2016-12-05,1174.0,16.823999404907227,100.13999938964844,2204.7099609375,12.140000343322754,51.790000915527344,2.38700008392334,0.45,1.94,1.13,1136358375.327301,1.13
2016-12-06,1167.5999755859375,16.739999771118164,100.48999786376953,2212.22998046875,11.789999961853027,50.93000030517578,2.3959999084472656,0.44,1.95,1.12,616620192.6887512,1.12
2016-12-07,1175.0,17.202999114990234,100.2300033569336,2241.35009765625,12.220000267028809,49.77000045776367,2.3469998836517334,0.42,1.92,1.1,548168302.9754639,1.1
2016-12-08,1169.800048828125,17.024999618530273,101.06999969482422,2246.18994140625,12.640000343322754,50.84000015258789,2.38700008392334,0.45,1.95,1.12,666943144.1757202,1.12
2016-12-09,1159.4000244140625,16.89699935913086,101.56999969482422,2259.530029296875,11.75,51.5,2.4639999866485596,0.51,1.96,1.15,1160050096.0334778,1.15
2016-12-12,1163.5,17.115999221801758,100.95999908447266,2256.9599609375,12.640000343322754,52.83000183105469,2.4790000915527344,0.51,1.98,1.15,682285492.1211243,1.15
2016-12-13,1156.699951171875,16.910999298095703,101.02999877929688,2271.719970703125,12.720000267028809,52.97999954223633,2.4809999465942383,0.53,1.95,1.17,879358695.703125,1.17
2016-12-14,1161.300048828125,17.152000427246094,102.0,2253.280029296875,13.1899995803833,51.040000915527344,2.5250000953674316,0.6,1.94,1.27,1407563711.682129,1.27
2016-12-15,1127.800048828125,15.897000312805176,103.12999725341797,2262.030029296875,12.789999961853027,50.900001525878906,2.5799999237060547,0.7,1.9,1.29,1548647797.164917,1.29
2016-12-16,1135.300048828125,16.152999877929688,102.94999694824219,2258.070068359375,12.199999809265137,51.900001525878906,2.5969998836517334,0.74,1.86,1.28,1145632572.3571777,1.28
2016-12-19,1140.5,16.025999069213867,103.13999938964844,2262.530029296875,11.710000038146973,52.119998931884766,2.5420000553131104,0.68,1.86,1.24,579772849.4476318,1.24
2016-12-20,1131.5,16.054000854492188,103.29000091552734,2270.760009765625,11.449999809265137,52.22999954223633,2.568000078201294,0.67,1.9,1.25,789141375.7026672,1.25
2016-12-21,1131.0999755859375,15.918000221252441,103.0199966430664,2265.179931640625,11.270000457763672,52.4900016784668,2.5460000038146973,0.64,1.91,1.21,559601287.0826721,1.21
2016-12-22,1128.800048828125,15.8149995803833,103.08999633789062,2260.9599609375,11.430000305175781,52.95000076293945,2.552999973297119,0.6,1.95,1.22,531795833.8989258,1.22
2016-12-23,1131.9000244140625,15.704000473022461,103.01000213623047,2263.7900390625,11.4399995803833,53.02000045776367,2.5429999828338623,0.58,1.97,1.22,540966747.529602,1.22
2016-12-27,1137.300048828125,15.928999900817871,103.0199966430664,2268.8798828125,11.989999771118164,53.900001525878906,2.562999963760376,0.58,1.99,1.28,400097871.00219727,1.28
2016-12-28,1139.4000244140625,15.98799991607666,103.26000213623047,2249.919921875,12.949999809265137,54.060001373291016,2.50600004196167,0.56,1.95,1.26,554228035.1074219,1.26
2016-12-29,1156.4000244140625,16.163000106811523,102.68000030517578,2249.260009765625,13.369999885559082,53.77000045776367,2.4769999980926514,0.55,1.94,1.22,834222537.9249573,1.22
2016-12-30,1150.0,15.935999870300293,102.38999938964844,2238.830078125,14.039999961853027,53.720001220703125,2.446000099182129,0.5,1.95,1.2,972646262.4160767,1.2
2017-01-03,1160.4000244140625,16.356000900268555,103.20999908447266,2257.830078125,12.850000381469727,52.33000183105469,2.450000047683716,0.47,1.98,1.22,831551887.1887207,1.22
2017-01-04,1163.800048828125,16.499000549316406,102.69999694824219,2270.75,11.850000381469727,53.2599983215332,2.4519999027252197,0.47,1.99,1.24,543668528.9932251,1.24
2017-01-05,1179.699951171875,16.583999633789062,101.5199966430664,2269.0,11.670000076293945,53.7599983215332,2.368000030517578,0.42,1.95,1.17,1081533561.5905762,1.17
2017-01-06,1171.9000244140625,16.465999603271484,102.22000122070312,2276.97998046875,11.319999694824219,53.9900016784668,2.4179999828338623,0.46,1.96,1.22,858921675.0,1.22
2017-01-09,1183.5,16.6299991607666,101.93000030517578,2268.89990234375,11.5600004196167,51.959999084472656,2.375999927520752,0.43,1.95,1.21,639357171.6094971,1.21
2017-01-10,1184.199951171875,16.80299949645996,102.01000213623047,2268.89990234375,11.489999771118164,50.81999969482422,2.378999948501587,0.43,1.95,1.19,689468219.2977905,1.19
2017-01-11,1195.5999755859375,16.783000946044922,101.77999877929688,2275.320068359375,11.260000228881836,52.25,2.369999885559082,0.39,1.99,1.2,1125772450.0,1.2
2017-01-12,1198.9000244140625,16.780000686645508,101.3499984741211,2270.43994140625,11.539999961853027,53.0099983215332,2.3610000610351562,0.38,1.98,1.18,963371073.9715576,1.18
2017-01-13,1195.300048828125,16.719999313354492,101.18000030517578,2274.639892578125,11.229999542236328,52.369998931884766,2.380000114440918,0.41,1.99,1.21,829335908.3518982,1.21
2017-01-17,1212.0,17.101999282836914,100.33000183105469,2267.889892578125,11.869999885559082,52.47999954223633,2.3269999027252197,0.36,1.97,1.17,1059147026.0498047,1.17
2017-01-18,1211.300048828125,17.235000610351562,100.93000030517578,2271.889892578125,12.479999542236328,51.08000183105469,2.3889999389648438,0.42,2.0,1.23,746436764.8475647,1.23
2017-01-19,1200.9000244140625,16.966999053955078,101.1500015258789,2263.68994140625,12.779999732971191,51.369998931884766,2.4590001106262207,0.43,2.04,1.25,738774468.3914185,1.25
2017-01-20,1204.300048828125,16.996999740600586,100.73999786376953,2271.31005859375,11.539999961853027,52.41999816894531,2.4670000076293945,0.44,2.04,1.2,1410685612.4191284,1.2
2017-01-23,1215.0,17.149999618530273,100.16000366210938,2265.199951171875,11.770000457763672,52.75,2.4030001163482666,0.39,2.02,1.16,737941254.8347473,1.16
2017-01-24,1210.300048828125,17.14900016784668,100.3499984741211,2280.070068359375,11.069999694824219,53.18000030517578,2.4709999561309814,0.41,2.06,1.21,668427656.5338135,1.21
2017-01-25,1197.300048828125,16.944000244140625,100.02999877929688,2298.3701171875,10.8100004196167,52.75,2.5230000019073486,0.45,2.08,1.23,765658197.9560852,1.23
2017-01-26,1189.5,16.81399917602539,100.37999725341797,2296.679931640625,10.630000114440918,53.779998779296875,2.507999897003174,0.43,2.08,1.21,610528041.5153503,1.21
2017-01-27,1188.0999755859375,17.100000381469727,100.52999877929688,2294.68994140625,10.579999923706055,53.16999816894531,2.4809999465942383,0.41,2.08,1.22,761132019.6731567,1.22
2017-01-30,1193.199951171875,17.121999740600586,100.43000030517578,2280.89990234375,11.880000114440918,52.630001068115234,2.4830000400543213,0.42,2.07,1.22,876178575.3845215,1.22
2017-01-31,1208.5999755859375,17.511999130249023,99.51000213623047,2278.8701171875,11.989999771118164,52.810001373291016,2.4509999752044678,0.4,2.05,1.19,1204250576.8051147,1.19
2017-02-01,1205.5999755859375,17.420000076293945,99.63999938964844,2279.550048828125,11.8100004196167,53.880001068115234,2.4739999771118164,0.43,2.05,1.22,798670058.8424683,1.22
2017-02-02,1216.699951171875,17.402000427246094,99.8499984741211,2280.85009765625,11.930000305175781,53.540000915527344,2.4700000286102295,0.43,2.05,1.21,832831653.6712646,1.21
2017-02-03,1218.5,17.452999114990234,99.87000274658203,2297.419921875,10.970000267028809,53.83000183105469,2.490999937057495,0.44,2.05,1.21,1098067189.0296936,1.21
2017-02-06,1230.0,17.66699981689453,99.91000366210938,2292.56005859375,11.369999885559082,53.0099983215332,2.4130001068115234,0.4,2.02,1.16,1006076033.9141846,1.16
2017-02-07,1234.199951171875,17.732999801635742,100.26000213623047,2293.080078125,11.289999961853027,52.16999816894531,2.3889999389648438,0.4,2.0,1.16,1012622652.1072388,1.16
2017-02-08,1237.5999755859375,17.683000564575195,100.27999877929688,2294.669921875,11.449999809265137,52.34000015258789,2.3510000705718994,0.38,1.96,1.15,1138571569.519043,1.15
2017-02-09,1235.0999755859375,17.719999313354492,100.6500015258789,2307.8701171875,10.880000114440918,53.0,2.3949999809265137,0.41,1.99,1.2,959103795.4864502,1.2
2017-02-10,1234.4000244140625,17.91200065612793,100.80000305175781,2316.10009765625,10.850000381469727,53.86000061035156,2.4089999198913574,0.4,2.01,1.2,1066878946.157074,1.2
2017-02-13,1224.4000244140625,17.804000854492188,100.95999908447266,2328.25,11.069999694824219,52.93000030517578,2.434000015258789,0.43,2.0,1.2,859052342.4453735,1.2
2017-02-14,1223.9000244140625,17.871999740600586,101.25,2337.580078125,10.739999771118164,53.20000076293945,2.4700000286102295,0.46,2.01,1.25,810067656.1141968,1.25
2017-02-15,1231.699951171875,17.94700050354004,101.18000030517578,2349.25,11.970000267028809,53.11000061035156,2.502000093460083,0.45,2.06,1.27,832532558.3679199,1.27
2017-02-16,1240.0,18.062999725341797,100.44000244140625,2347.219970703125,11.760000228881836,53.36000061035156,2.450000047683716,0.43,2.02,1.22,753196907.6797485,1.22
2017-02-17,1237.5999755859375,18.018999099731445,100.94999694824219,2351.159912109375,11.489999771118164,53.400001525878906,2.424999952316284,0.41,2.01,1.21,863547610.2394104,1.21
2017-02-21,1237.5,17.989999771118164,101.37000274658203,2365.3798828125,11.569999694824219,54.060001373291016,2.427000045776367,0.4,2.03,1.22,726152475.0,1.22
2017-02-22,1232.0,17.941999435424805,101.33000183105469,2362.820068359375,11.739999771118164,53.59000015258789,2.4179999828338623,0.38,2.04,1.22,714204474.1821289,1.22
2017-02-23,1250.199951171875,18.113000869750977,101.05000305175781,2363.81005859375,11.710000038146973,54.45000076293945,2.388000011444092,0.35,2.03,1.18,894821320.3674316,1.18
2017-02-24,1256.9000244140625,18.334999084472656,101.08999633789062,2367.340087890625,11.470000267028809,53.9900016784668,2.316999912261963,0.31,2.0,1.12,1174137270.0653076,1.12
2017-02-27,1257.4000244140625,18.354000091552734,101.12999725341797,2369.75,12.09000015258789,54.04999923706055,2.36899995803833,0.35,2.01,1.2,1103468145.4429626,1.2
2017-02-28,1252.5999755859375,18.420000076293945,101.12000274658203,2363.639892578125,12.920000076293945,54.0099983215332,2.3580000400543213,0.34,2.02,1.22,1040615623.298645,1.22
2017-03-01,1248.9000244140625,18.44300079345703,101.77999877929688,2395.9599609375,12.539999961853027,53.83000183105469,2.4630000591278076,0.43,2.03,1.29,1033393154.8095703,1.29
2017-03-02,1231.9000244140625,17.704999923706055,102.19999694824219,2381.919921875,11.8100004196167,52.61000061035156,2.489000082015991,0.48,2.01,1.32,1291769174.116516,1.32
2017-03-03,1225.5,17.69700050354004,101.54000091552734,2383.1201171875,10.960000038146973,53.33000183105469,2.492000102996826,0.45,2.04,1.32,1253338180.784607,1.32
2017-03-06,1224.5,17.725000381469727,101.63999938964844,2375.31005859375,11.239999771118164,53.20000076293945,2.49399995803833,0.48,2.01,1.31,570002125.9613037,1.31
2017-03-07,1215.0999755859375,17.492000579833984,101.80999755859375,2368.389892578125,11.449999809265137,53.13999938964844,2.510999917984009,0.49,2.03,1.32,792664605.6427002,1.32
2017-03-08,1208.5,17.256999969482422,102.06999969482422,2362.97998046875,11.859999656677246,50.279998779296875,2.552000045776367,0.56,2.01,1.36,876860735.3942871,1.36
2017-03-09,1202.4000244140625,16.993000030517578,101.8499984741211,2364.8701171875,12.300000190734863,49.279998779296875,2.5980000495910645,0.6,2.0,1.37,733855730.8258057,1.37
2017-03-10,1200.699951171875,16.882999420166016,101.25,2372.60009765625,11.65999984741211,48.4900016784668,2.5820000171661377,0.57,2.01,1.36,909672249.6795654,1.36
2017-03-13,1202.4000244140625,16.934999465942383,101.37999725341797,2373.469970703125,11.350000381469727,48.400001525878906,2.6080000400543213,0.61,2.01,1.4,666341063.5940552,1.4
2017-03-14,1201.9000244140625,16.88800048828125,101.69999694824219,2365.449951171875,12.300000190734863,47.720001220703125,2.5950000286102295,0.61,1.99,1.4,605041430.5618286,1.4
2017-03-15,1200.0999755859375,16.88800048828125,100.73999786376953,2385.260009765625,11.630000114440918,48.86000061035156,2.507999897003174,0.5,2.01,1.33,1572176625.0,1.33
2017-03-16,1226.5,17.29599952697754,100.2699966430664,2381.3798828125,11.210000038146973,48.75,2.5220000743865967,0.51,2.02,1.35,1088157091.293335,1.35
2017-03-17,1229.800048828125,17.378999710083008,100.30000305175781,2378.25,11.279999732971191,48.779998779296875,2.500999927520752,0.49,2.01,1.33,547864159.9960327,1.33
2017-03-20,1233.5999755859375,17.402999877929688,100.41000366210938,2373.469970703125,11.34000015258789,48.220001220703125,2.4730000495910645,0.47,2.0,1.3,470063510.5453491,1.3
2017-03-21,1246.0999755859375,17.549999237060547,99.80999755859375,2344.02001953125,12.470000267028809,47.34000015258789,2.436000108718872,0.45,1.98,1.27,1134178874.759674,1.27
2017-03-22,1249.300048828125,17.545000076293945,99.68000030517578,2348.449951171875,12.8100004196167,48.040000915527344,2.3959999084472656,0.43,1.97,1.27,865961755.3436279,1.27
2017-03-23,1246.9000244140625,17.562999725341797,99.76000213623047,2345.9599609375,13.119999885559082,47.70000076293945,2.4179999828338623,0.46,1.95,1.26,735884525.6454468,1.26
2017-03-24,1248.199951171875,17.719999313354492,99.62999725341797,2343.97998046875,12.960000038146973,47.970001220703125,2.4000000953674316,0.42,1.98,1.26,817709260.1989746,1.26
2017-03-27,1255.4000244140625,18.079999923706055,99.16999816894531,2341.590087890625,12.5,47.72999954223633,2.372999906539917,0.41,1.97,1.27,1018347777.6000977,1.27
2017-03-28,1255.300048828125,18.225000381469727,99.70999908447266,2358.570068359375,11.529999732971191,48.369998931884766,2.4089999198913574,0.45,1.97,1.3,846707718.5119629,1.3
2017-03-29,1253.4000244140625,18.22800064086914,100.0,2361.1298828125,11.420000076293945,49.5099983215332,2.385999917984009,0.41,1.98,1.26,586029638.9923096,1.26
2017-03-30,1245.0,18.184999465942383,100.41000366210938,2368.06005859375,11.539999961853027,50.349998474121094,2.4159998893737793,0.46,1.96,1.28,816803270.4162598,1.28
2017-03-31,1247.300048828125,18.235000610351562,100.3499984741211,2362.719970703125,12.369999885559082,50.599998474121094,2.3959999084472656,0.43,1.97,1.27,1011589386.4013672,1.27
2017-04-03,1250.800048828125,18.19099998474121,100.54000091552734,2358.840087890625,12.380000114440918,50.2400016784668,2.3499999046325684,0.39,1.96,1.24,728715285.6834412,1.24
2017-04-04,1255.0,18.302000045776367,100.54000091552734,2360.159912109375,11.789999961853027,51.029998779296875,2.3499999046325684,0.4,1.96,1.25,560694838.874054,1.25
2017-04-05,1245.4000244140625,18.166000366210938,100.55999755859375,2352.949951171875,12.890000343322754,51.150001525878906,2.3570001125335693,0.37,1.97,1.24,969639742.263794,1.24
2017-04-06,1250.300048828125,18.225000381469727,100.66999816894531,2357.489990234375,12.390000343322754,51.70000076293945,2.3429999351501465,0.39,1.95,1.24,552220531.414032,1.24
2017-04-07,1254.300048828125,18.1299991607666,101.18000030517578,2355.5400390625,12.869999885559082,52.2400016784668,2.372999906539917,0.44,1.94,1.29,1475462394.6922302,1.29
2017-04-10,1251.0999755859375,17.893999099731445,101.0199966430664,2357.159912109375,14.050000190734863,53.08000183105469,2.3610000610351562,0.44,1.93,1.29,552347197.7668762,1.29
2017-04-11,1271.199951171875,18.232999801635742,100.70999908447266,2353.780029296875,15.069999694824219,53.400001525878906,2.2980000972747803,0.41,1.91,1.24,1509457837.4084473,1.24
2017-04-12,1275.300048828125,18.27899932861328,100.77999877929688,2344.929931640625,15.770000457763672,53.11000061035156,2.2960000038146973,0.38,1.9,1.24,1159495018.1007385,1.24
2017-04-13,1285.9000244140625,18.48900032043457,100.55999755859375,2328.949951171875,15.960000038146973,53.18000030517578,2.2320001125335693,0.32,1.92,1.21,1212832744.9050903,1.21
2017-04-17,1289.4000244140625,18.493000030517578,100.30000305175781,2349.010009765625,14.65999984741211,52.650001525878906,2.252000093460083,0.38,1.88,1.21,1035323885.9069824,1.21
2017-04-18,1291.699951171875,18.250999450683594,99.5,2342.18994140625,14.420000076293945,52.40999984741211,2.178999900817871,0.33,1.85,1.18,1339192430.6724548,1.18
2017-04-19,1281.4000244140625,18.13599967956543,99.73999786376953,2338.169921875,14.930000305175781,50.439998626708984,2.2019999027252197,0.36,1.85,1.19,1031381799.4422913,1.19
2017-04-20,1281.9000244140625,17.992000579833984,99.77999877929688,2355.840087890625,14.149999618530273,50.27000045776367,2.240999937057495,0.39,1.85,1.21,1437579097.2084045,1.21
2017-04-21,1287.4000244140625,17.829999923706055,99.9800033569336,2348.68994140625,14.630000114440918,49.619998931884766,2.236999988555908,0.4,1.84,1.2,1909014441.8945312,1.2
2017-04-24,1275.800048828125,17.847999572753906,99.08999633789062,2374.14990234375,10.84000015258789,49.22999954223633,2.2730000019073486,0.41,1.87,1.25,1342791365.1062012,1.25
2017-04-25,1265.5999755859375,17.58099937438965,98.81999969482422,2388.610107421875,10.760000228881836,49.560001373291016,2.3269999027252197,0.44,1.91,1.29,1243962200.0,1.29
2017-04-26,1262.0999755859375,17.35300064086914,98.95999908447266,2387.449951171875,10.850000381469727,49.619998931884766,2.311000108718872,0.42,1.9,1.28,1179253356.262207,1.28
2017-04-27,1263.699951171875,17.264999389648438,99.08000183105469,2388.77001953125,10.359999656677246,48.970001220703125,2.2960000038146973,0.39,1.91,1.25,995264124.9542236,1.25
2017-04-28,1266.0999755859375,17.19099998474121,99.05000305175781,2384.199951171875,10.819999694824219,49.33000183105469,2.2820000648498535,0.37,1.92,1.28,1103137303.3370972,1.28
2017-05-01,1253.300048828125,16.780000686645508,99.13999938964844,2388.330078125,10.109999656677246,48.84000015258789,2.325000047683716,0.41,1.92,1.28,1116736488.9129639,1.28
2017-05-02,1255.0999755859375,16.768999099731445,98.9800033569336,2391.169921875,10.59000015258789,47.65999984741211,2.2960000038146973,0.41,1.88,1.27,586380727.4780273,1.27
2017-05-03,1246.4000244140625,16.48699951171875,99.20999908447266,2388.1298828125,10.680000305175781,47.81999969482422,2.309000015258789,0.46,1.87,1.3,1275493614.2921448,1.3
2017-05-04,1226.5,16.243999481201172,98.76000213623047,2389.52001953125,10.460000038146973,45.52000045776367,2.3559999465942383,0.5,1.86,1.32,1449001862.3588562,1.32
2017-05-05,1224.800048828125,16.21500015258789,98.6500015258789,2399.2900390625,10.569999694824219,46.220001220703125,2.3519999980926514,0.5,1.86,1.32,833953687.2253418,1.32
2017-05-08,1225.300048828125,16.198999404907227,99.1500015258789,2399.3798828125,9.770000457763672,46.43000030517578,2.375999927520752,0.53,1.86,1.33,634933200.0,1.33
2017-05-09,1214.300048828125,16.007999420166016,99.58999633789062,2396.919921875,9.960000038146973,45.880001068115234,2.4070000648498535,0.56,1.86,1.37,789290885.7559204,1.37
2017-05-10,1217.300048828125,16.150999069213867,99.66999816894531,2399.6298828125,10.210000038146973,47.33000183105469,2.4140000343322754,0.56,1.85,1.35,497869623.92807007,1.35
2017-05-11,1222.699951171875,16.208999633789062,99.62000274658203,2394.43994140625,10.600000381469727,47.83000183105469,2.4000000953674316,0.51,1.88,1.35,730967600.0,1.35
2017-05-12,1226.199951171875,16.34600067138672,99.25,2390.89990234375,10.399999618530273,47.84000015258789,2.3350000381469727,0.49,1.84,1.29,634912644.9508667,1.29
2017-05-15,1228.5999755859375,16.56100082397461,98.91000366210938,2402.320068359375,10.420000076293945,48.849998474121094,2.3380000591278076,0.52,1.82,1.31,587995940.9362793,1.31
2017-05-16,1235.0,16.69300079345703,98.11000061035156,2400.669921875,10.649999618530273,48.65999984741211,2.3289999961853027,0.51,1.82,1.29,581520427.5421143,1.29
2017-05-17,1257.5,16.851999282836914,97.41999816894531,2357.030029296875,15.59000015258789,49.06999969482422,2.2160000801086426,0.44,1.78,1.26,1669501263.759613,1.26
2017-05-18,1251.699951171875,16.621000289916992,97.87999725341797,2365.719970703125,14.65999984741211,49.349998474121094,2.2330000400543213,0.43,1.8,1.27,1228626065.7531738,1.27
2017-05-19,1252.699951171875,16.75,97.1500015258789,2381.72998046875,12.039999961853027,50.33000183105469,2.244999885559082,0.41,1.82,1.28,810403630.3565979,1.28
2017-05-22,1260.699951171875,17.14299964904785,96.9800033569336,2394.02001953125,10.930000305175781,50.72999954223633,2.253999948501587,0.43,1.82,1.29,615386757.8315735,1.29
2017-05-23,1254.800048828125,17.090999603271484,97.3499984741211,2398.419921875,10.720000267028809,51.470001220703125,2.2850000858306885,0.46,1.83,1.31,989505350.9307861,1.31
2017-05-24,1252.4000244140625,17.07699966430664,97.23999786376953,2404.389892578125,10.020000457763672,51.36000061035156,2.2660000324249268,0.45,1.81,1.29,840260254.2877197,1.29
2017-05-25,1255.800048828125,17.152000427246094,97.25,2415.070068359375,9.989999771118164,48.900001525878906,2.255000114440918,0.45,1.8,1.3,490477361.7805481,1.3
2017-05-26,1267.5999755859375,17.283000946044922,97.4000015258789,2415.820068359375,9.8100004196167,49.79999923706055,2.25,0.44,1.81,1.3,818659470.2178955,1.3
2017-05-30,1262.0999755859375,17.38800048828125,97.27999877929688,2412.909912109375,10.380000114440918,49.65999984741211,2.2170000076293945,0.4,1.81,1.28,541531047.2488403,1.28
2017-05-31,1272.0,17.368000030517578,96.91999816894531,2411.800048828125,10.40999984741211,48.31999969482422,2.196000099182129,0.4,1.81,1.28,1249707662.4565125,1.28
2017-06-01,1267.0,17.243000030517578,97.19999694824219,2430.06005859375,9.890000343322754,48.36000061035156,2.2170000076293945,0.4,1.81,1.28,1050565810.623169,1.28
2017-06-02,1276.800048828125,17.48699951171875,96.72000122070312,2439.070068359375,9.75,47.65999984741211,2.1589999198913574,0.36,1.79,1.28,883873645.4360962,1.28
2017-06-05,1279.300048828125,17.547000885009766,96.80000305175781,2436.10009765625,10.069999694824219,47.400001525878906,2.181999921798706,0.39,1.79,1.32,484388029.35791016,1.32
2017-06-06,1294.4000244140625,17.677000045776367,96.63999938964844,2429.330078125,10.449999809265137,48.189998626708984,2.1470000743865967,0.37,1.77,1.3,1329295333.5227966,1.3
2017-06-07,1290.0999755859375,17.586999893188477,96.75,2433.139892578125,10.390000343322754,45.720001220703125,2.177999973297119,0.4,1.78,1.32,1106850012.4145508,1.32
2017-06-08,1276.300048828125,17.384000778198242,96.91999816894531,2433.7900390625,10.15999984741211,45.63999938964844,2.194000005722046,0.41,1.78,1.33,993856182.4661255,1.33
2017-06-09,1268.5,17.19300079345703,97.2699966430664,2431.77001953125,10.699999809265137,45.83000183105469,2.1989998817443848,0.43,1.78,1.35,850373544.4587708,1.35
2017-06-12,1266.0999755859375,16.913999557495117,97.13999938964844,2429.389892578125,11.460000038146973,46.08000183105469,2.2130000591278076,0.46,1.75,1.35,593061867.0074463,1.35
2017-06-13,1265.800048828125,16.738000869750977,96.9800033569336,2440.35009765625,10.420000076293945,46.459999084472656,2.2070000171661377,0.46,1.75,1.38,456209580.71136475,1.38
2017-06-14,1272.800048828125,17.10700035095215,96.94000244140625,2437.919921875,10.640000343322754,44.72999954223633,2.138000011444092,0.44,1.71,1.35,2531173529.5532227,1.35
2017-06-15,1252.199951171875,16.69099998474121,97.43000030517578,2432.4599609375,10.899999618530273,44.459999084472656,2.1619999408721924,0.49,1.67,1.35,810982241.9258118,1.35
2017-06-16,1254.0,16.63599967956543,97.16000366210938,2433.14990234375,10.380000114440918,44.7400016784668,2.1570000648498535,0.49,1.67,1.32,768036414.4317627,1.32
2017-06-19,1244.199951171875,16.482999801635742,97.52999877929688,2453.4599609375,10.369999885559082,44.20000076293945,2.190000057220459,0.52,1.67,1.36,803784412.071228,1.36
2017-06-20,1241.0,16.398000717163086,97.75,2437.030029296875,10.859999656677246,43.22999954223633,2.1530001163482666,0.5,1.66,1.36,545684333.4091187,1.36
2017-06-21,1243.4000244140625,16.354999542236328,97.55999755859375,2435.610107421875,10.75,42.529998779296875,2.1549999713897705,0.5,1.66,1.36,559852908.1428528,1.36
2017-06-22,1247.5999755859375,16.489999771118164,97.54000091552734,2434.5,10.479999542236328,42.7400016784668,2.1530001163482666,0.46,1.69,1.34,691151137.3580933,1.34
2017-06-23,1256.199951171875,16.628000259399414,97.30000305175781,2438.300048828125,10.020000457763672,43.0099983215332,2.1440000534057617,0.45,1.7,1.34,1105754600.8255005,1.34
2017-06-26,1246.300048828125,16.559999465942383,97.43000030517578,2439.070068359375,9.899999618530273,43.380001068115234,2.13700008392334,0.43,1.71,1.36,780394828.024292,1.36
2017-06-27,1246.4000244140625,16.576000213623047,96.47000122070312,2419.3798828125,11.0600004196167,44.2400016784668,2.197999954223633,0.5,1.71,1.38,684262418.939209,1.38
2017-06-28,1248.0,16.71500015258789,96.05000305175781,2440.68994140625,10.029999732971191,44.7400016784668,2.2209999561309814,0.49,1.73,1.34,501769896.4393616,1.34
2017-06-29,1244.199951171875,16.586000442504883,95.62999725341797,2419.699951171875,11.4399995803833,44.93000030517578,2.2669999599456787,0.55,1.72,1.38,911679261.6485596,1.38
2017-06-30,1240.699951171875,16.56800079345703,95.66000366210938,2423.409912109375,11.180000305175781,46.040000915527344,2.302000045776367,0.58,1.73,1.38,858312227.5863647,1.38
2017-07-03,1217.9000244140625,16.03700065612793,96.19999694824219,2429.010009765625,11.220000267028809,47.06999969482422,2.3459999561309814,0.6,1.75,1.41,1409913005.5236816,1.41
2017-07-05,1220.4000244140625,15.842000007629395,96.29000091552734,2432.5400390625,11.069999694824219,45.130001068115234,2.3340001106262207,0.58,1.75,1.41,841658891.7518616,1.41
2017-07-06,1222.199951171875,15.927000045776367,95.81999969482422,2409.75,12.539999961853027,45.52000045776367,2.369999885559082,0.61,1.76,1.4,517522803.42407227,1.4
2017-07-07,1208.5999755859375,15.371000289916992,96.01000213623047,2425.179931640625,11.1899995803833,44.22999954223633,2.3929998874664307,0.66,1.73,1.4,1285786994.3847656,1.4
2017-07-10,1212.0999755859375,15.57699966430664,96.05000305175781,2427.429931640625,11.109999656677246,44.400001525878906,2.371000051498413,0.66,1.72,1.4,573989829.0679932,1.4
2017-07-11,1213.5999755859375,15.696999549865723,95.73999786376953,2425.530029296875,10.890000343322754,45.040000915527344,2.361999988555908,0.62,1.75,1.37,767474016.2315369,1.37
2017-07-12,1218.0999755859375,15.83899974822998,95.79000091552734,2443.25,10.300000190734863,45.4900016784668,2.3269999027252197,0.57,1.76,1.35,540050026.3183594,1.35
2017-07-13,1216.300048828125,15.642000198364258,95.7300033569336,2447.830078125,9.899999618530273,46.08000183105469,2.3480000495910645,0.58,1.77,1.37,480525596.7338562,1.37
2017-07-14,1226.5999755859375,15.883999824523926,95.11000061035156,2459.27001953125,9.510000228881836,46.540000915527344,2.319000005722046,0.57,1.76,1.35,675888094.569397,1.35
2017-07-17,1232.800048828125,16.049999237060547,95.12999725341797,2459.139892578125,9.819999694824219,46.02000045776367,2.309000015258789,0.54,1.77,1.36,606483136.7340088,1.36
2017-07-18,1241.0999755859375,16.222000122070312,94.66000366210938,2460.610107421875,9.890000343322754,46.400001525878906,2.263000011444092,0.51,1.76,1.36,845502250.3692627,1.36
2017-07-19,1241.199951171875,16.250999450683594,94.80000305175781,2473.830078125,9.789999961853027,47.119998931884766,2.2679998874664307,0.51,1.76,1.37,378458213.8687134,1.37
2017-07-20,1244.800048828125,16.298999786376953,94.2699966430664,2473.449951171875,9.579999923706055,46.790000915527344,2.2660000324249268,0.5,1.77,1.37,658785972.0977783,1.37
2017-07-21,1254.300048828125,16.40999984741211,93.94000244140625,2472.5400390625,9.359999656677246,45.77000045776367,2.2320001125335693,0.48,1.76,1.36,1208807455.6526184,1.36
2017-07-24,1253.9000244140625,16.398000717163086,93.9800033569336,2469.909912109375,9.430000305175781,46.34000015258789,2.253999948501587,0.48,1.78,1.37,435994524.07836914,1.37
2017-07-25,1251.699951171875,16.496999740600586,94.05000305175781,2477.1298828125,9.430000305175781,47.88999938964844,2.3259999752044678,0.52,1.81,1.4,737660748.6419678,1.4
2017-07-26,1249.0,16.415000915527344,93.66999816894531,2477.830078125,9.600000381469727,48.75,2.2820000648498535,0.49,1.8,1.36,1022324628.5774231,1.36
2017-07-27,1259.5999755859375,16.52899932861328,93.86000061035156,2475.419921875,10.109999656677246,49.040000915527344,2.309999942779541,0.49,1.83,1.36,764883113.8458252,1.36
2017-07-28,1268.4000244140625,16.663999557495117,93.26000213623047,2472.10009765625,10.289999961853027,49.709999084472656,2.2890000343322754,0.47,1.83,1.34,892333602.0507812,1.34
2017-07-31,1266.5999755859375,16.75,92.86000061035156,2470.300048828125,10.260000228881836,50.16999816894531,2.2920000553131104,0.48,1.82,1.34,476310450.0,1.34
2017-08-01,1272.5999755859375,16.72800064086914,93.02999877929688,2476.35009765625,10.09000015258789,49.15999984741211,2.250999927520752,0.47,1.79,1.34,888599326.2382507,1.34
2017-08-02,1271.800048828125,16.69700050354004,92.83000183105469,2477.570068359375,10.279999732971191,49.59000015258789,2.26200008392334,0.48,1.79,1.36,715814129.0718079,1.36
2017-08-03,1267.800048828125,16.5939998626709,92.80999755859375,2472.159912109375,10.4399995803833,49.029998779296875,2.2279999256134033,0.46,1.78,1.34,515594588.34228516,1.34
2017-08-04,1258.300048828125,16.222000122070312,93.54000091552734,2476.830078125,10.029999732971191,49.58000183105469,2.2669999599456787,0.47,1.8,1.36,1034350333.190918,1.36
2017-08-07,1258.199951171875,16.22100067138672,93.43000030517578,2480.909912109375,9.930000305175781,49.38999938964844,2.256999969482422,0.46,1.8,1.36,359737057.43026733,1.36
2017-08-08,1256.4000244140625,16.360000610351562,93.63999938964844,2474.919921875,10.960000038146973,49.16999816894531,2.2829999923706055,0.46,1.83,1.36,866252196.4111328,1.36
2017-08-09,1273.0,16.833999633789062,93.5199966430664,2474.02001953125,11.109999656677246,49.560001373291016,2.240999937057495,0.42,1.82,1.33,1114377899.572754,1.33
2017-08-10,1283.699951171875,17.035999298095703,93.4000015258789,2438.2099609375,16.040000915527344,48.59000015258789,2.2119998931884766,0.4,1.8,1.33,1199845550.011444,1.33
2017-08-11,1287.699951171875,17.041000366210938,93.06999969482422,2441.320068359375,15.510000228881836,48.81999969482422,2.188999891281128,0.4,1.79,1.3,984714412.3420715,1.3
2017-08-14,1284.199951171875,17.093000411987305,93.45999908447266,2465.840087890625,12.329999923706055,47.59000015258789,2.2190001010894775,0.45,1.77,1.33,735823764.9490356,1.33
2017-08-15,1273.699951171875,16.690000534057617,93.8499984741211,2464.610107421875,12.039999961853027,47.54999923706055,2.2660000324249268,0.49,1.78,1.35,814352696.5965271,1.35
2017-08-16,1276.9000244140625,16.91699981689453,93.48999786376953,2468.110107421875,11.739999771118164,46.779998779296875,2.2260000705718994,0.45,1.78,1.33,1007535873.7068176,1.33
2017-08-17,1286.4000244140625,17.030000686645508,93.62000274658203,2430.010009765625,15.550000190734863,47.09000015258789,2.1989998817443848,0.42,1.77,1.32,1002433644.5175171,1.32
2017-08-18,1285.699951171875,16.979999542236328,93.43000030517578,2425.550048828125,14.260000228881836,48.5099983215332,2.194000005722046,0.43,1.76,1.33,1669908701.6693115,1.33
2017-08-21,1290.800048828125,16.9950008392334,93.0999984741211,2428.3701171875,13.1899995803833,47.369998931884766,2.180000066757202,0.43,1.75,1.32,681281183.8554382,1.32
2017-08-22,1285.0999755859375,16.961999893188477,93.55000305175781,2452.510009765625,11.350000381469727,47.63999938964844,2.2149999141693115,0.45,1.77,1.33,793619513.054657,1.33
2017-08-23,1288.9000244140625,17.031999588012695,93.1500015258789,2444.0400390625,12.25,48.40999984741211,2.1710000038146973,0.42,1.75,1.32,618060518.7744141,1.32
2017-08-24,1286.5,16.95199966430664,93.27999877929688,2438.969970703125,12.229999542236328,47.43000030517578,2.194000005722046,0.44,1.75,1.33,512810889.83917236,1.33
2017-08-25,1292.5,17.038000106811523,92.73999786376953,2443.050048828125,11.279999732971191,47.869998931884766,2.1689999103546143,0.42,1.75,1.35,1521755041.5145874,1.35
2017-08-28,1309.699951171875,17.430999755859375,92.20999908447266,2444.239990234375,11.319999694824219,46.56999969482422,2.1589999198913574,0.41,1.75,1.33,1443698255.267334,1.33
2017-08-29,1313.0999755859375,17.422000885009766,92.3499984741211,2446.300048828125,11.699999809265137,46.439998626708984,2.135999917984009,0.39,1.74,1.33,1226967811.9430542,1.33
2017-08-30,1308.0999755859375,17.40399932861328,92.87999725341797,2457.590087890625,11.220000267028809,45.959999084472656,2.1429998874664307,0.39,1.76,1.33,786999827.8625488,1.33
2017-08-31,1316.199951171875,17.479999542236328,92.66999816894531,2471.64990234375,10.59000015258789,47.22999954223633,2.121000051498413,0.36,1.76,1.33,1481593406.4064026,1.33
2017-09-01,1324.5,17.7189998626709,92.80999755859375,2476.550048828125,10.130000114440918,47.290000915527344,2.1570000648498535,0.37,1.79,1.35,1458186415.7592773,1.35
2017-09-05,1339.199951171875,17.844999313354492,92.30999755859375,2457.85009765625,12.229999542236328,48.65999984741211,2.069999933242798,0.3,1.77,1.3,1505697715.184784,1.3
2017-09-06,1333.9000244140625,17.81599998474121,92.29000091552734,2465.5400390625,11.630000114440918,49.15999984741211,2.1080000400543213,0.32,1.78,1.3,1275619808.441162,1.3
2017-09-07,1345.0999755859375,18.016000747680664,91.52999877929688,2465.10009765625,11.550000190734863,49.09000015258789,2.061000108718872,0.26,1.79,1.27,1309450210.900879,1.27
2017-09-08,1346.0,18.027000427246094,91.33000183105469,2461.429931640625,12.119999885559082,47.47999954223633,2.061000108718872,0.25,1.81,1.27,1154289411.0107422,1.27
2017-09-11,1331.0,17.80699920654297,91.86000061035156,2488.110107421875,10.729999542236328,48.06999969482422,2.125,0.31,1.83,1.32,1151685676.2817383,1.32
2017-09-12,1328.0,17.795000076293945,91.91000366210938,2496.47998046875,10.579999923706055,48.22999954223633,2.1710000038146973,0.33,1.84,1.33,1056649419.6166992,1.33
2017-09-13,1323.4000244140625,17.77199935913086,92.5199966430664,2498.3701171875,10.5,49.29999923706055,2.194999933242798,0.35,1.85,1.35,1066554515.1824951,1.35
2017-09-14,1324.699951171875,17.697999954223633,92.12000274658203,2495.6201171875,10.4399995803833,49.88999938964844,2.197000026702881,0.35,1.85,1.37,672521131.5216064,1.37
2017-09-15,1320.4000244140625,17.611000061035156,91.87000274658203,2500.22998046875,10.170000076293945,49.88999938964844,2.2019999027252197,0.35,1.85,1.39,1051326292.7764893,1.39
2017-09-18,1306.300048828125,17.070999145507812,92.05000305175781,2503.8701171875,10.149999618530273,49.90999984741211,2.2290000915527344,0.36,1.87,1.4,1101804733.4075928,1.4
2017-09-19,1306.199951171875,17.19499969482422,91.79000091552734,2506.64990234375,10.180000305175781,49.47999954223633,2.243000030517578,0.37,1.87,1.4,726098446.0029602,1.4
2017-09-20,1312.0,17.250999450683594,92.51000213623047,2508.239990234375,9.779999732971191,50.40999984741211,2.2769999504089355,0.43,1.85,1.45,1411171779.3533325,1.45
2017-09-21,1290.5999755859375,16.937000274658203,92.26000213623047,2500.60009765625,9.670000076293945,50.54999923706055,2.2780001163482666,0.44,1.83,1.45,951739174.3675232,1.45
2017-09-22,1293.300048828125,16.902999877929688,92.16999816894531,2502.219970703125,9.59000015258789,50.65999984741211,2.26200008392334,0.42,1.84,1.46,740906543.157196,1.46
2017-09-25,1306.800048828125,17.05900001525879,92.6500015258789,2496.659912109375,10.210000038146973,52.220001220703125,2.2200000286102295,0.38,1.84,1.44,1277329103.479004,1.44
2017-09-26,1297.0,16.804000854492188,92.97000122070312,2496.840087890625,10.170000076293945,51.880001068115234,2.2290000915527344,0.4,1.84,1.45,1068067098.7060547,1.45
2017-09-27,1283.4000244140625,16.74799919128418,93.36000061035156,2507.0400390625,9.869999885559082,52.13999938964844,2.309000015258789,0.44,1.87,1.47,842137745.1759338,1.47
2017-09-28,1285.5,16.773000717163086,93.08999633789062,2510.06005859375,9.550000190734863,51.560001373291016,2.309000015258789,0.44,1.87,1.45,729373716.5359497,1.45
2017-09-29,1281.5,16.60700035095215,93.08000183105469,2519.360107421875,9.510000228881836,51.66999816894531,2.3259999752044678,0.49,1.84,1.47,1241088658.6914062,1.47
2017-10-02,1272.699951171875,16.584999084472656,93.55999755859375,2529.1201171875,9.449999809265137,50.58000183105469,2.3369998931884766,0.51,1.83,1.49,1419699618.5379028,1.49
2017-10-03,1271.5,16.58099937438965,93.56999969482422,2534.580078125,9.510000228881836,50.41999816894531,2.3340001106262207,0.49,1.84,1.47,450538827.8274536,1.47
2017-10-04,1273.699951171875,16.562999725341797,93.45999908447266,2537.739990234375,9.630000114440918,49.97999954223633,2.3299999237060547,0.48,1.85,1.47,784599972.1435547,1.47
2017-10-05,1269.9000244140625,16.582000732421875,93.95999908447266,2552.070068359375,9.1899995803833,50.790000915527344,2.3499999046325684,0.49,1.86,1.49,747874787.1688843,1.49
2017-10-06,1271.5999755859375,16.733999252319336,93.80000305175781,2549.330078125,9.649999618530273,49.290000915527344,2.369999885559082,0.5,1.87,1.54,1212510460.3302002,1.54
2017-10-09,1281.800048828125,16.916000366210938,93.73999786376953,2544.72998046875,10.329999923706055,49.58000183105469,2.3610000610351562,0.5,1.87,1.54,642641337.638855,1.54
2017-10-10,1290.5999755859375,17.155000686645508,93.29000091552734,2550.639892578125,10.079999923706055,50.91999816894531,2.3450000286102295,0.47,1.88,1.51,1140217214.214325,1.51
2017-10-11,1285.800048828125,17.08099937438965,92.95999908447266,2555.239990234375,9.850000381469727,51.29999923706055,2.3450000286102295,0.46,1.89,1.51,693689831.1721802,1.51
2017-10-12,1293.300048828125,17.211000442504883,93.12000274658203,2550.929931640625,9.90999984741211,50.599998474121094,2.322999954223633,0.44,1.89,1.51,373290662.1459961,1.51
2017-10-13,1301.5,17.354999542236328,93.08999633789062,2553.169921875,9.609999656677246,51.45000076293945,2.2799999713897705,0.43,1.85,1.51,844489543.9186096,1.51
2017-10-16,1299.9000244140625,17.315000534057617,93.27999877929688,2557.639892578125,9.90999984741211,51.869998931884766,2.306999921798706,0.46,1.84,1.54,1008599950.012207,1.54
2017-10-17,1283.0,16.98699951171875,93.48999786376953,2559.360107421875,10.3100004196167,51.880001068115234,2.2980000972747803,0.48,1.82,1.54,859953949.660492,1.54
2017-10-18,1279.9000244140625,16.94300079345703,93.36000061035156,2561.260009765625,10.069999694824219,52.040000915527344,2.3389999866485596,0.5,1.84,1.59,446090881.2866211,1.59
2017-10-19,1286.9000244140625,17.201000213623047,93.2699966430664,2562.10009765625,10.050000190734863,51.290000915527344,2.321000099182129,0.49,1.84,1.58,681381843.6019897,1.58
2017-10-20,1277.4000244140625,17.02199935913086,93.69999694824219,2575.2099609375,9.970000267028809,51.470001220703125,2.38100004196167,0.52,1.87,1.6,1031386576.1764526,1.6
2017-10-23,1277.699951171875,17.02400016784668,93.94000244140625,2564.97998046875,11.069999694824219,51.900001525878906,2.375999927520752,0.52,1.86,1.58,617489475.4714966,1.58
2017-10-24,1275.0,16.906999588012695,93.95999908447266,2569.1298828125,11.15999984741211,52.470001220703125,2.4059998989105225,0.55,1.87,1.6,620493762.3641968,1.6
2017-10-25,1275.4000244140625,16.868000030517578,93.70999908447266,2557.14990234375,11.229999542236328,52.18000030517578,2.444000005722046,0.56,1.88,1.61,519669233.4655762,1.61
2017-10-26,1266.300048828125,16.763999938964844,94.61000061035156,2560.39990234375,11.300000190734863,52.63999938964844,2.4519999027252197,0.57,1.89,1.63,774780815.7897949,1.63
2017-10-27,1268.5,16.70199966430664,94.91999816894531,2581.070068359375,9.800000190734863,53.900001525878906,2.427999973297119,0.54,1.88,1.59,805701790.1687622,1.59
2017-10-30,1274.0999755859375,16.802000045776367,94.48999786376953,2572.830078125,10.5,54.150001525878906,2.369999885559082,0.5,1.87,1.58,620088681.9396973,1.58
2017-10-31,1267.0,16.645000457763672,94.55000305175781,2575.260009765625,10.180000305175781,54.380001068115234,2.375999927520752,0.5,1.88,1.6,471880027.83966064,1.6
2017-11-01,1274.0999755859375,17.131999969482422,94.81999969482422,2579.360107421875,10.199999809265137,54.29999923706055,2.375999927520752,0.49,1.88,1.61,562895060.836792,1.61
2017-11-02,1274.9000244140625,17.0939998626709,94.69000244140625,2579.85009765625,9.930000305175781,54.540000915527344,2.3469998836517334,0.48,1.87,1.61,650729718.1091309,1.61
2017-11-03,1266.5,16.79400062561035,94.94000244140625,2587.840087890625,9.140000343322754,55.63999938964844,2.3429999351501465,0.48,1.86,1.63,763596989.3875122,1.63
2017-11-06,1279.4000244140625,17.19499969482422,94.72000122070312,2591.1298828125,9.399999618530273,57.349998474121094,2.319999933242798,0.46,1.86,1.61,845929780.6106567,1.61
2017-11-07,1273.699951171875,16.905000686645508,94.91000366210938,2590.639892578125,9.890000343322754,57.20000076293945,2.306999921798706,0.44,1.88,1.63,504948735.18600464,1.63
2017-11-08,1281.5999755859375,17.106000900268555,94.87000274658203,2594.3798828125,9.779999732971191,56.810001373291016,2.325000047683716,0.45,1.87,1.65,676895260.7147217,1.65
2017-11-09,1285.5999755859375,16.94300079345703,94.44000244140625,2584.6201171875,10.5,57.16999816894531,2.3310000896453857,0.46,1.87,1.63,741622195.3216553,1.63
2017-11-10,1272.4000244140625,16.8439998626709,94.38999938964844,2582.300048828125,11.289999961853027,56.7400016784668,2.4000000953674316,0.52,1.88,1.67,861985286.454773,1.67
2017-11-13,1277.300048828125,17.023000717163086,94.48999786376953,2584.840087890625,11.5,56.7599983215332,2.4000000953674316,0.52,1.88,1.7,758102567.7429199,1.7
2017-11-14,1281.5,17.052000045776367,93.83000183105469,2578.8701171875,11.59000015258789,55.70000076293945,2.38100004196167,0.51,1.87,1.68,752334824.8901367,1.68
2017-11-15,1276.5,16.950000762939453,93.80999755859375,2564.6201171875,13.130000114440918,55.33000183105469,2.3350000381469727,0.48,1.85,1.68,605204586.2548828,1.68
2017-11-16,1277.4000244140625,17.055999755859375,93.93000030517578,2585.639892578125,11.760000228881836,55.13999938964844,2.3610000610351562,0.53,1.84,1.72,339495104.26712036,1.72
2017-11-17,1295.800048828125,17.357999801635742,93.66000366210938,2578.85009765625,11.430000305175781,56.54999923706055,2.3540000915527344,0.49,1.86,1.73,1304036046.4782715,1.73
2017-11-20,1274.5999755859375,16.82699966430664,94.08000183105469,2582.139892578125,10.649999618530273,56.09000015258789,2.371999979019165,0.52,1.85,1.77,1013751256.5979004,1.77
2017-11-21,1281.0999755859375,16.948999404907227,93.94999694824219,2599.030029296875,9.729999542236328,56.83000183105469,2.36299991607666,0.52,1.84,1.77,602264325.5882263,1.77
2017-11-22,1291.5999755859375,17.10099983215332,93.22000122070312,2597.080078125,9.880000114440918,58.02000045776367,2.322000026702881,0.48,1.84,1.74,639123019.6853638,1.74
2017-11-24,1286.699951171875,16.981000900268555,92.76000213623047,2602.419921875,9.670000076293945,58.95000076293945,2.3399999141693115,0.5,1.84,1.75,217692903.45687866,1.75
2017-11-27,1293.800048828125,17.009000778198242,92.9000015258789,2601.419921875,9.869999885559082,58.11000061035156,2.328000068664551,0.49,1.83,1.74,609384205.0842285,1.74
2017-11-28,1294.699951171875,16.81100082397461,93.26000213623047,2627.0400390625,10.029999732971191,57.9900016784668,2.3380000591278076,0.5,1.84,1.75,688116697.3205566,1.75
2017-11-29,1282.0999755859375,16.457000732421875,93.26000213623047,2626.070068359375,10.699999809265137,57.29999923706055,2.375999927520752,0.53,1.84,1.78,749191361.6203308,1.78
2017-11-30,1273.199951171875,16.381999969482422,93.01000213623047,2647.580078125,11.279999732971191,57.400001525878906,2.4170000553131104,0.56,1.86,1.78,961085917.8901672,1.78
2017-12-01,1278.800048828125,16.297000885009766,92.9000015258789,2642.219970703125,11.430000305175781,58.36000061035156,2.361999988555908,0.51,1.86,1.78,1590409311.0992432,1.78
2017-12-04,1274.300048828125,16.284000396728516,93.19000244140625,2639.43994140625,11.680000305175781,57.470001220703125,2.378999948501587,0.5,1.87,1.8,841437568.1190491,1.8
2017-12-05,1261.5999755859375,15.972999572753906,93.37999725341797,2629.570068359375,11.329999923706055,57.619998931884766,2.3559999465942383,0.5,1.86,1.83,1208157180.935669,1.83
2017-12-06,1262.800048828125,15.868000030517578,93.61000061035156,2629.27001953125,11.020000457763672,55.959999084472656,2.3299999237060547,0.47,1.86,1.78,797625007.9727173,1.78
2017-12-07,1249.800048828125,15.71500015258789,93.80000305175781,2636.97998046875,10.15999984741211,56.689998626708984,2.375999927520752,0.5,1.87,1.8,1528544670.4421997,1.8
2017-12-08,1245.199951171875,15.736000061035156,93.9000015258789,2651.5,9.579999923706055,57.36000061035156,2.382999897003174,0.5,1.88,1.8,619804441.5611267,1.8
2017-12-11,1243.699951171875,15.696999549865723,93.87000274658203,2659.989990234375,9.34000015258789,57.9900016784668,2.384999990463257,0.51,1.88,1.82,533664831.6604614,1.82
2017-12-12,1238.5,15.581999778747559,94.0999984741211,2664.110107421875,9.920000076293945,57.13999938964844,2.4030001163482666,0.51,1.89,1.83,947574827.2377014,1.83
2017-12-13,1245.4000244140625,15.784000396728516,93.43000030517578,2662.85009765625,10.180000305175781,56.599998474121094,2.3489999771118164,0.48,1.88,1.79,1202032020.5307007,1.79
2017-12-14,1253.800048828125,15.850000381469727,93.48999786376953,2652.010009765625,10.489999771118164,57.040000915527344,2.3459999561309814,0.48,1.87,1.82,831748850.1342773,1.82
2017-12-15,1254.300048828125,15.977999687194824,93.93000030517578,2675.81005859375,9.420000076293945,57.29999923706055,2.3550000190734863,0.47,1.88,1.84,897663762.298584,1.84
2017-12-18,1262.199951171875,16.1200008392334,93.69999694824219,2690.159912109375,9.529999732971191,57.15999984741211,2.3919999599456787,0.5,1.89,1.84,652791924.3026733,1.84
2017-12-19,1260.699951171875,16.06599998474121,93.47000122070312,2681.469970703125,10.029999732971191,57.459999084472656,2.4630000591278076,0.55,1.91,1.87,481544596.77352905,1.87
2017-12-20,1266.0999755859375,16.187999725341797,93.3499984741211,2679.25,9.720000267028809,58.09000015258789,2.496999979019165,0.57,1.92,1.87,688954840.4998779,1.87
2017-12-21,1267.300048828125,16.152000427246094,93.27999877929688,2684.570068359375,9.619999885559082,58.36000061035156,2.4809999465942383,0.55,1.93,1.89,580339335.2233887,1.89
2017-12-22,1275.4000244140625,16.35700035095215,93.3499984741211,2683.340087890625,9.899999618530273,58.470001220703125,2.484999895095825,0.54,1.94,1.91,700399836.138916,1.91
2017-12-26,1284.0999755859375,16.520000457763672,93.26000213623047,2680.5,10.25,59.970001220703125,2.4670000076293945,0.53,1.94,1.92,1001485160.3912354,1.92
2017-12-27,1287.0,16.618999481201172,93.02999877929688,2682.6201171875,10.470000267028809,59.63999938964844,2.4140000343322754,0.48,1.94,1.89,761822941.92276,1.89
2017-12-28,1294.0999755859375,16.832000732421875,92.5999984741211,2687.5400390625,10.180000305175781,59.84000015258789,2.431999921798706,0.47,1.96,1.91,704262186.252594,1.91
2017-12-29,1306.300048828125,17.059999465942383,92.12000274658203,2673.610107421875,11.039999961853027,60.41999816894531,2.4049999713897705,0.44,1.96,1.89,970912176.9813538,1.89
2018-01-02,1313.699951171875,17.121000289916992,91.8499984741211,2695.81005859375,9.770000457763672,60.369998931884766,2.4649999141693115,0.46,2.0,1.92,1472076892.9481506,1.92
2018-01-03,1316.199951171875,17.184999465942383,92.16000366210938,2713.06005859375,9.149999618530273,61.630001068115234,2.447000026702881,0.46,1.98,1.94,986614723.5877991,1.94
2018-01-04,1319.4000244140625,17.18899917602539,91.8499984741211,2723.989990234375,9.220000267028809,62.0099983215332,2.453000068664551,0.45,2.01,1.96,919584155.2894592,1.96
2018-01-05,1320.300048828125,17.204999923706055,91.94999694824219,2743.14990234375,9.220000267028809,61.439998626708984,2.4760000705718994,0.46,2.01,1.96,719381677.5100708,1.96
2018-01-08,1318.5999755859375,17.06399917602539,92.33000183105469,2747.7099609375,9.520000457763672,61.72999954223633,2.4800000190734863,0.47,2.02,1.96,446943168.2922363,1.96
2018-01-09,1311.699951171875,16.93600082397461,92.52999877929688,2751.2900390625,10.079999923706055,62.959999084472656,2.5460000038146973,0.52,2.03,1.98,1141728558.7280273,1.98
2018-01-10,1317.4000244140625,16.96299934387207,92.33000183105469,2748.22998046875,9.819999694824219,63.56999969482422,2.549999952316284,0.52,2.03,1.98,1851606760.9222412,1.98
2018-01-11,1320.5999755859375,16.893999099731445,91.8499984741211,2767.56005859375,9.880000114440918,63.79999923706055,2.5309998989105225,0.54,2.0,1.98,751975182.635498,1.98
2018-01-12,1333.4000244140625,17.069000244140625,90.97000122070312,2786.239990234375,10.15999984741211,64.30000305175781,2.552000045776367,0.54,2.01,1.99,1175471847.5234985,1.99
2018-01-16,1335.4000244140625,17.121999740600586,90.38999938964844,2776.419921875,11.65999984741211,63.72999954223633,2.5439999103546143,0.51,2.03,2.03,1028029548.197937,2.03
2018-01-17,1338.0,17.104999542236328,90.54000091552734,2802.56005859375,11.90999984741211,63.970001220703125,2.578000068664551,0.53,2.04,2.05,1277861263.8168335,2.05
2018-01-18,1326.0,16.89299964904785,90.5,2798.030029296875,12.220000267028809,63.95000076293945,2.6110000610351562,0.57,2.05,2.05,791571301.8386841,2.05
2018-01-19,1331.9000244140625,16.975000381469727,90.56999969482422,2810.300048828125,11.270000457763672,63.369998931884766,2.63700008392334,0.58,2.06,2.06,1109183779.9346924,2.06
2018-01-22,1330.9000244140625,16.930999755859375,90.4000015258789,2832.969970703125,11.029999732971191,63.4900016784668,2.6649999618530273,0.6,2.06,2.08,619761782.4668884,2.08
2018-01-23,1335.699951171875,16.854999542236328,90.12000274658203,2839.1298828125,11.100000381469727,64.47000122070312,2.624000072479248,0.57,2.06,2.06,787914104.4433594,2.06
2018-01-24,1355.9000244140625,17.424999237060547,89.20999908447266,2837.5400390625,11.470000267028809,65.61000061035156,2.6540000438690186,0.58,2.07,2.08,1523749729.6569824,2.08
2018-01-25,1362.4000244140625,17.551000595092773,89.38999938964844,2839.25,11.579999923706055,65.51000213623047,2.621000051498413,0.56,2.07,2.08,1947665027.5787354,2.08
2018-01-26,1351.5999755859375,17.381999969482422,89.06999969482422,2872.8701171875,11.079999923706055,66.13999938964844,2.6619999408721924,0.57,2.09,2.13,1002621666.3391113,2.13
2018-01-29,1351.5999755859375,17.381999969482422,89.30999755859375,2853.530029296875,13.84000015258789,65.55999755859375,2.6989998817443848,0.61,2.09,2.11,885897529.385376,2.11
2018-01-30,1335.4000244140625,17.01300048828125,89.19000244140625,2822.429931640625,14.789999961853027,64.5,2.7260000705718994,0.63,2.1,2.13,1234537509.7122192,2.13
2018-01-31,1339.0,17.20400047302246,89.12999725341797,2823.81005859375,13.539999961853027,64.7300033569336,2.7200000286102295,0.61,2.11,2.14,1712922605.4756165,2.14
2018-02-01,1344.300048828125,17.118000030517578,88.66999816894531,2821.97998046875,13.470000267028809,65.80000305175781,2.7730000019073486,0.67,2.11,2.16,1390148701.5014648,2.16
2018-02-02,1333.699951171875,16.676000595092773,89.19999694824219,2762.1298828125,17.309999465942383,65.44999694824219,2.8540000915527344,0.7,2.14,2.15,2121986977.7526855,2.15
2018-02-05,1333.0,16.638999938964844,89.55000305175781,2648.93994140625,37.31999969482422,64.1500015258789,2.7939999103546143,0.67,2.1,2.08,1722787160.5522156,2.08
2018-02-06,1326.0999755859375,16.54800033569336,89.58999633789062,2695.139892578125,29.979999542236328,63.38999938964844,2.7679998874664307,0.69,2.1,2.1,2215778001.461029,2.1
2018-02-07,1311.5999755859375,16.20599937438965,90.26000213623047,2681.659912109375,27.729999542236328,61.790000915527344,2.8440001010894775,0.74,2.1,2.15,1068015222.8355408,2.15
2018-02-08,1316.9000244140625,16.31399917602539,90.2300033569336,2581.0,33.459999084472656,61.150001525878906,2.8510000705718994,0.76,2.09,2.13,917803152.6519775,2.13
2018-02-09,1313.0999755859375,16.115999221801758,90.44000244140625,2619.550048828125,29.059999465942383,59.20000076293945,2.8289999961853027,0.78,2.05,2.05,1764335091.5306091,2.05
2018-02-12,1324.199951171875,16.54800033569336,90.20999908447266,2656.0,25.610000610351562,59.290000915527344,2.8570001125335693,0.79,2.07,2.09,875696932.1846008,2.09
2018-02-13,1328.0999755859375,16.506999969482422,89.69999694824219,2662.93994140625,24.969999313354492,59.189998626708984,2.8399999141693115,0.78,2.05,2.1,670909513.7435913,2.1
2018-02-14,1355.5,16.857999801635742,89.12000274658203,2698.6298828125,19.260000228881836,60.599998474121094,2.9130001068115234,0.82,2.09,2.17,2105074901.8615723,2.17
2018-02-15,1352.0999755859375,16.777000427246094,88.58999633789062,2731.199951171875,19.1299991607666,61.34000015258789,2.8910000324249268,0.79,2.11,2.19,934157105.5297852,2.19
2018-02-16,1353.199951171875,16.69499969482422,89.0999984741211,2732.219970703125,19.459999084472656,61.68000030517578,2.877000093460083,0.78,2.09,2.21,1018164916.7152405,2.21
2018-02-20,1328.800048828125,16.424999237060547,89.72000122070312,2716.260009765625,20.600000381469727,61.900001525878906,2.8929998874664307,0.78,2.1,2.25,1407411864.1838074,2.25
2018-02-21,1330.0,16.604000091552734,90.08000183105469,2701.330078125,20.020000457763672,61.68000030517578,2.943000078201294,0.82,2.12,2.26,993819836.9628906,2.26
2018-02-22,1330.5999755859375,16.57900047302246,89.75,2703.9599609375,18.719999313354492,62.77000045776367,2.9170000553131104,0.81,2.11,2.25,675237706.3156128,2.25
2018-02-23,1328.199951171875,16.47599983215332,89.87999725341797,2747.300048828125,16.489999771118164,63.54999923706055,2.871000051498413,0.76,2.12,2.25,534795755.4122925,2.25
2018-02-26,1330.699951171875,16.54199981689453,89.81999969482422,2779.60009765625,15.800000190734863,63.90999984741211,2.8589999675750732,0.73,2.13,2.22,403919225.25177,2.22
2018-02-27,1315.5,16.34600067138672,90.36000061035156,2744.280029296875,18.59000015258789,63.0099983215332,2.9079999923706055,0.77,2.13,2.27,886208179.5478821,2.27
2018-02-28,1315.5,16.323999404907227,90.61000061035156,2713.830078125,19.850000381469727,61.63999938964844,2.868000030517578,0.75,2.12,2.25,566862500.0,2.25
2018-03-01,1302.9000244140625,16.200000762939453,90.31999969482422,2677.669921875,22.469999313354492,60.9900016784668,2.803999900817871,0.71,2.1,2.22,1610147687.7593994,2.22
2018-03-02,1321.0999755859375,16.392000198364258,89.94000244140625,2691.25,19.59000015258789,61.25,2.8570001125335693,0.74,2.12,2.25,1253185270.8999634,2.25
2018-03-05,1318.0999755859375,16.33799934387207,90.08000183105469,2720.93994140625,18.729999542236328,62.56999969482422,2.88100004196167,0.75,2.13,2.24,723327595.7633972,2.24
2018-03-06,1333.5999755859375,16.71500015258789,89.62000274658203,2728.1201171875,18.360000610351562,62.599998474121094,2.877000093460083,0.76,2.12,2.25,1097875493.4082031,2.25
2018-03-07,1326.0,16.42799949645996,89.63999938964844,2726.800048828125,17.760000228881836,61.150001525878906,2.882999897003174,0.76,2.13,2.25,648551770.2972412,2.25
2018-03-08,1319.9000244140625,16.43600082397461,90.12000274658203,2738.969970703125,16.540000915527344,60.119998931884766,2.865999937057495,0.75,2.11,2.25,435821951.63726807,2.25
2018-03-09,1322.4000244140625,16.54599952697754,90.08999633789062,2786.570068359375,14.640000343322754,62.040000915527344,2.8940000534057617,0.78,2.12,2.27,636086076.638794,2.27
2018-03-12,1319.4000244140625,16.47100067138672,89.9000015258789,2783.02001953125,15.779999732971191,61.36000061035156,2.869999885559082,0.77,2.1,2.27,362095024.6406555,2.27
2018-03-13,1325.9000244140625,16.55900001525879,89.66000366210938,2765.31005859375,16.350000381469727,60.709999084472656,2.8480000495910645,0.75,2.09,2.26,603530168.1427002,2.26
2018-03-14,1324.4000244140625,16.466999053955078,89.69999694824219,2749.47998046875,17.229999542236328,60.959999084472656,2.816999912261963,0.74,2.07,2.26,474768888.47351074,2.26
2018-03-15,1316.800048828125,16.35300064086914,90.13999938964844,2747.330078125,16.59000015258789,61.189998626708984,2.8259999752044678,0.74,2.08,2.29,765649499.3537903,2.29
2018-03-16,1311.300048828125,16.20199966430664,90.2300033569336,2752.010009765625,15.800000190734863,62.34000015258789,2.8480000495910645,0.77,2.08,2.31,922314108.7051392,2.31
2018-03-19,1316.800048828125,16.2549991607666,89.9000015258789,2712.919921875,19.020000457763672,62.060001373291016,2.8450000286102295,0.77,2.08,2.31,541361409.9075317,2.31
2018-03-20,1311.0999755859375,16.125,90.37000274658203,2716.93994140625,18.200000762939453,63.400001525878906,2.878999948501587,0.81,2.08,2.34,422579405.7006836,2.34
2018-03-21,1320.699951171875,16.35700035095215,89.77999877929688,2711.929931640625,17.860000610351562,65.16999816894531,2.9070000648498535,0.8,2.09,2.31,1585047402.0690918,2.31
2018-03-22,1326.5999755859375,16.327999114990234,89.86000061035156,2643.68994140625,23.34000015258789,64.30000305175781,2.8320000171661377,0.75,2.08,2.29,667530243.787384,2.29
2018-03-23,1349.300048828125,16.530000686645508,89.44000244140625,2588.260009765625,24.8700008392334,65.87999725341797,2.8299999237060547,0.75,2.07,2.28,1534625106.3400269,2.28
2018-03-26,1354.4000244140625,16.631999969482422,89.02999877929688,2658.550048828125,21.030000686645508,65.55000305175781,2.8429999351501465,0.77,2.08,2.33,791461936.4685059,2.33
2018-03-27,1341.300048828125,16.48900032043457,89.37000274658203,2612.6201171875,22.5,65.25,2.7860000133514404,0.71,2.07,2.26,787977429.7966003,2.26
2018-03-28,1324.199951171875,16.204999923706055,90.05999755859375,2605.0,22.8700008392334,64.37999725341797,2.7750000953674316,0.72,2.05,2.28,1289348611.4250183,2.28
2018-03-29,1322.800048828125,16.222999572753906,90.1500015258789,2640.8701171875,19.969999313354492,64.94000244140625,2.740999937057495,0.69,2.05,2.27,893360586.5020752,2.27
2018-04-02,1342.0999755859375,16.62700080871582,90.05000305175781,2581.8798828125,23.6200008392334,63.0099983215332,2.7320001125335693,0.68,2.05,2.25,1453449210.3981018,2.25
2018-04-03,1332.800048828125,16.347000122070312,90.19999694824219,2614.449951171875,21.100000381469727,63.5099983215332,2.7839999198913574,0.71,2.08,2.28,768371328.565979,2.28
2018-04-04,1335.800048828125,16.208999633789062,90.13999938964844,2644.68994140625,20.059999465942383,63.369998931884766,2.7880001068115234,0.71,2.08,2.28,946895512.147522,2.28
2018-04-05,1324.300048828125,16.31999969482422,90.45999908447266,2662.840087890625,18.940000534057617,63.540000915527344,2.8320000171661377,0.75,2.08,2.3,670891416.2750244,2.3
2018-04-06,1331.9000244140625,16.332000732421875,90.11000061035156,2604.469970703125,21.489999771118164,62.060001373291016,2.7750000953674316,0.7,2.07,2.27,773658464.263916,2.27
2018-04-09,1336.300048828125,16.499000549316406,89.83999633789062,2613.159912109375,21.770000457763672,63.41999816894531,2.7860000133514404,0.71,2.07,2.29,531363116.721344,2.29
2018-04-10,1342.0,16.56599998474121,89.58999633789062,2656.8701171875,20.469999313354492,65.51000213623047,2.796999931335449,0.72,2.08,2.32,669769870.4711914,2.32
2018-04-11,1356.5,16.738000869750977,89.56999969482422,2642.18994140625,20.239999771118164,66.81999969482422,2.7899999618530273,0.68,2.11,2.32,1581979153.5369873,2.32
2018-04-12,1338.4000244140625,16.44300079345703,89.75,2663.989990234375,18.489999771118164,67.06999969482422,2.8340001106262207,0.7,2.13,2.34,1030851428.3607483,2.34
2018-04-13,1344.800048828125,16.628000259399414,89.80000305175781,2656.300048828125,17.40999984741211,67.38999938964844,2.8289999961853027,0.69,2.13,2.37,869374664.1830444,2.37
2018-04-16,1347.5,16.66200065612793,89.43000030517578,2677.840087890625,16.559999465942383,66.22000122070312,2.8320000171661377,0.71,2.12,2.39,587097987.3657227,2.39
2018-04-17,1347.199951171875,16.77199935913086,89.5199966430664,2706.389892578125,15.25,66.5199966430664,2.813999891281128,0.68,2.14,2.41,534518775.0,2.41
2018-04-18,1351.199951171875,17.231000900268555,89.62000274658203,2708.639892578125,15.600000381469727,68.47000122070312,2.867000102996826,0.71,2.16,2.42,863703449.6917725,2.42
2018-04-19,1346.800048828125,17.222000122070312,89.94000244140625,2693.1298828125,15.960000038146973,68.29000091552734,2.9140000343322754,0.75,2.17,2.44,1114726346.6697693,2.44
2018-04-20,1336.699951171875,17.14699935913086,90.31999969482422,2670.139892578125,16.8799991607666,68.37999725341797,2.9509999752044678,0.79,2.17,2.46,1317344524.4270325,2.46
2018-04-23,1322.5,16.570999145507812,90.94000244140625,2670.2900390625,16.34000015258789,68.63999938964844,2.9730000495910645,0.8,2.18,2.49,869478849.0104675,2.49
2018-04-24,1331.4000244140625,16.687000274658203,90.7699966430664,2634.56005859375,18.020000457763672,67.69999694824219,2.9830000400543213,0.83,2.17,2.48,597459228.8887024,2.48
2018-04-25,1321.199951171875,16.486000061035156,91.16999816894531,2639.39990234375,17.84000015258789,68.05000305175781,3.0239999294281006,0.86,2.17,2.49,750666658.9202881,2.49
2018-04-26,1316.300048828125,16.488000869750977,91.55999755859375,2666.93994140625,16.239999771118164,68.19000244140625,2.990000009536743,0.82,2.18,2.49,939411996.1761475,2.49
2018-04-27,1320.300048828125,16.4060001373291,91.54000091552734,2669.909912109375,15.40999984741211,68.0999984741211,2.9570000171661377,0.79,2.17,2.49,709577000.0,2.49
2018-04-30,1316.199951171875,16.312000274658203,91.83999633789062,2648.050048828125,15.930000305175781,68.56999969482422,2.936000108718872,0.78,2.17,2.49,1224794417.9992676,2.49
2018-05-01,1303.800048828125,16.038999557495117,92.44999694824219,2654.800048828125,15.489999771118164,67.25,2.9760000705718994,0.81,2.16,2.5,934208429.0863037,2.5
2018-05-02,1302.5999755859375,16.291000366210938,92.51000213623047,2635.669921875,15.970000267028809,67.93000030517578,2.9639999866485596,0.8,2.17,2.49,941471111.618042,2.49
2018-05-03,1310.699951171875,16.36199951171875,92.41000366210938,2629.72998046875,15.899999618530273,68.43000030517578,2.946000099182129,0.78,2.16,2.49,603677666.0705566,2.49
2018-05-04,1312.699951171875,16.43400001525879,92.56999969482422,2663.419921875,14.770000457763672,69.72000122070312,2.944000005722046,0.79,2.16,2.51,732743549.3865967,2.51
2018-05-07,1312.199951171875,16.413000106811523,92.75,2672.6298828125,14.75,70.7300033569336,2.950000047683716,0.78,2.17,2.49,423226573.9631653,2.49
2018-05-08,1312.0,16.38800048828125,93.12000274658203,2671.919921875,14.710000038146973,69.05999755859375,2.9690001010894775,0.81,2.16,2.51,691611528.6712646,2.51
2018-05-09,1311.300048828125,16.45800018310547,93.04000091552734,2697.7900390625,13.420000076293945,71.13999938964844,3.003999948501587,0.82,2.18,2.54,547748256.0668945,2.54
2018-05-10,1320.800048828125,16.68000030517578,92.6500015258789,2723.070068359375,13.229999542236328,71.36000061035156,2.9709999561309814,0.8,2.17,2.54,653239313.5925293,2.54
2018-05-11,1319.0,16.676000595092773,92.54000091552734,2727.719970703125,12.649999618530273,70.69999694824219,2.9709999561309814,0.82,2.15,2.54,537400000.0,2.54
2018-05-14,1316.5,16.56999969482422,92.58999633789062,2730.1298828125,12.930000305175781,70.95999908447266,2.994999885559082,0.85,2.15,2.55,467235859.9822998,2.55
2018-05-15,1288.9000244140625,16.194000244140625,93.22000122070312,2711.449951171875,14.630000114440918,71.30999755859375,3.0799999237060547,0.9,2.18,2.58,1336489548.6305237,2.58
2018-05-16,1290.199951171875,16.297000885009766,93.38999938964844,2722.4599609375,13.420000076293945,71.48999786376953,3.0950000286102295,0.92,2.17,2.58,604516161.5257263,2.58
2018-05-17,1288.199951171875,16.413000106811523,93.47000122070312,2720.1298828125,13.430000305175781,71.48999786376953,3.1089999675750732,0.95,2.16,2.57,952119872.7493286,2.57
2018-05-18,1290.199951171875,16.386999130249023,93.63999938964844,2712.969970703125,13.420000076293945,71.27999877929688,3.066999912261963,0.91,2.15,2.55,836929436.038208,2.55
2018-05-21,1290.199951171875,16.45199966430664,93.68000030517578,2733.010009765625,13.079999923706055,72.23999786376953,3.065000057220459,0.9,2.16,2.58,505438229.85305786,2.58
2018-05-22,1291.699951171875,16.507999420166016,93.61000061035156,2724.43994140625,13.220000267028809,72.12999725341797,3.065000057220459,0.91,2.15,2.59,560588852.7709961,2.59
2018-05-23,1289.300048828125,16.33799934387207,94.01000213623047,2733.2900390625,12.579999923706055,71.83999633789062,3.003000020980835,0.87,2.14,2.53,858674548.4153748,2.53
2018-05-24,1303.699951171875,16.621000289916992,93.77999877929688,2727.760009765625,12.529999732971191,70.70999908447266,2.9809999465942383,0.86,2.12,2.5,1093783826.5899658,2.5
2018-05-25,1303.300048828125,16.481000900268555,94.19000244140625,2721.330078125,13.220000267028809,67.87999725341797,2.930999994277954,0.84,2.09,2.48,975909439.7483826,2.48
2018-05-29,1298.699951171875,16.30500030517578,94.83000183105469,2689.860107421875,17.020000457763672,66.7300033569336,2.7679998874664307,0.73,2.04,2.32,1110336130.0048828,2.32
2018-05-30,1301.5,16.479000091552734,94.1500015258789,2724.010009765625,14.9399995803833,68.20999908447266,2.8420000076293945,0.78,2.06,2.42,564257381.5620422,2.42
2018-05-31,1300.0999755859375,16.402000427246094,93.98999786376953,2705.27001953125,15.430000305175781,67.04000091552734,2.822000026702881,0.76,2.07,2.4,967873738.0027771,2.4
2018-06-01,1294.800048828125,16.38800048828125,94.19000244140625,2734.6201171875,13.460000038146973,65.80999755859375,2.8949999809265137,0.8,2.09,2.47,987159141.783905,2.47
2018-06-04,1293.0999755859375,16.378999710083008,94.0199966430664,2746.8701171875,12.739999771118164,64.75,2.937000036239624,0.82,2.12,2.52,531746609.93499756,2.52
2018-06-05,1297.5,16.490999221801758,93.88999938964844,2748.800048828125,12.399999618530273,65.5199966430664,2.9189999103546143,0.79,2.13,2.49,843266959.526062,2.49
2018-06-06,1297.0999755859375,16.642000198364258,93.66000366210938,2772.35009765625,11.640000343322754,64.7300033569336,2.9749999046325684,0.83,2.14,2.52,501968396.522522,2.52
2018-06-07,1298.699951171875,16.766000747680664,93.4000015258789,2770.3701171875,12.130000114440918,65.94999694824219,2.933000087738037,0.8,2.13,2.5,454668004.258728,2.5
2018-06-08,1298.0999755859375,16.694000244140625,93.55000305175781,2779.030029296875,12.180000305175781,65.73999786376953,2.937000036239624,0.82,2.11,2.5,475519765.2580261,2.5
2018-06-11,1298.9000244140625,16.905000686645508,93.58000183105469,2782.0,12.350000381469727,66.0999984741211,2.9570000171661377,0.83,2.13,2.52,394483886.7462158,2.52
2018-06-12,1295.0999755859375,16.849000930786133,93.80000305175781,2786.85009765625,12.34000015258789,66.36000061035156,2.9570000171661377,0.83,2.13,2.54,894080469.7784424,2.54
2018-06-13,1296.9000244140625,16.952999114990234,93.70999908447266,2775.6298828125,12.9399995803833,66.63999938964844,2.9769999980926514,0.86,2.12,2.59,722841977.3254395,2.59
2018-06-14,1304.0,17.22599983215332,94.7699966430664,2782.489990234375,12.119999885559082,66.88999938964844,2.946000099182129,0.82,2.12,2.59,988940029.9850464,2.59
2018-06-15,1274.5999755859375,16.45199966430664,94.79000091552734,2779.659912109375,11.979999542236328,65.05999755859375,2.9240000247955322,0.81,2.12,2.55,1763919526.763916,2.55
2018-06-18,1276.199951171875,16.41200065612793,94.75,2773.75,12.3100004196167,65.8499984741211,2.9260001182556152,0.8,2.12,2.56,465789062.3474121,2.56
2018-06-19,1275.5999755859375,16.30299949645996,95.08999633789062,2762.590087890625,13.350000381469727,65.06999969482422,2.8929998874664307,0.77,2.12,2.54,595036655.0323486,2.54
2018-06-20,1271.199951171875,16.288999557495117,95.05999755859375,2767.320068359375,12.789999961853027,66.22000122070312,2.927999973297119,0.81,2.12,2.56,547002619.7166443,2.56
2018-06-21,1267.199951171875,16.305999755859375,94.87000274658203,2749.760009765625,14.640000343322754,65.54000091552734,2.8970000743865967,0.79,2.11,2.56,682112112.3397827,2.56
2018-06-22,1267.4000244140625,16.43899917602539,94.5199966430664,2754.8798828125,13.770000457763672,68.58000183105469,2.9000000953674316,0.78,2.12,2.56,540254379.5593262,2.56
2018-06-25,1265.5999755859375,16.308000564575195,94.27999877929688,2717.070068359375,17.329999923706055,68.08000183105469,2.875,0.77,2.1,2.54,1115000972.3236084,2.54
2018-06-26,1256.5999755859375,16.238000869750977,94.68000030517578,2723.06005859375,15.920000076293945,70.52999877929688,2.880000114440918,0.76,2.12,2.53,1034520888.5307312,2.53
2018-06-27,1252.800048828125,16.138999938964844,95.29000091552734,2699.6298828125,17.90999984741211,72.76000213623047,2.8269999027252197,0.72,2.11,2.52,768410269.8654175,2.52
2018-06-28,1247.800048828125,15.951000213623047,95.38999938964844,2716.31005859375,16.850000381469727,73.44999694824219,2.8469998836517334,0.74,2.1,2.52,917446319.4732666,2.52
2018-06-29,1251.300048828125,16.104000091552734,94.62999725341797,2718.3701171875,16.09000015258789,74.1500015258789,2.8489999771118164,0.74,2.11,2.52,949532232.2113037,2.52
2018-07-02,1239.800048828125,15.744000434875488,94.87000274658203,2726.7099609375,15.600000381469727,73.94000244140625,2.865999937057495,0.73,2.14,2.57,1412092362.9936218,2.57
2018-07-03,1251.5999755859375,15.95199966430664,94.58999633789062,2713.219970703125,16.139999389648438,74.13999938964844,2.8380000591278076,0.71,2.12,2.53,1056103663.5818481,2.53
2018-07-05,1257.300048828125,16.007999420166016,94.47000122070312,2736.610107421875,14.970000267028809,72.94000244140625,2.8399999141693115,0.71,2.13,2.55,589523710.1119995,2.55
2018-07-06,1254.300048828125,15.980999946594238,94.04000091552734,2759.820068359375,13.369999885559082,73.80000305175781,2.8310000896453857,0.7,2.12,2.53,350268535.798645,2.53
2018-07-09,1258.0999755859375,16.05299949645996,94.08000183105469,2784.169921875,12.6899995803833,73.8499984741211,2.859999895095825,0.73,2.13,2.57,485524341.21780396,2.57
2018-07-10,1253.800048828125,16.003000259399414,94.11000061035156,2793.840087890625,12.640000343322754,74.11000061035156,2.872999906539917,0.74,2.13,2.59,446558365.145874,2.59
2018-07-11,1242.800048828125,15.732000350952148,94.72000122070312,2774.02001953125,13.630000114440918,70.37999725341797,2.8420000076293945,0.74,2.11,2.58,820480175.743103,2.58
2018-07-12,1245.0,15.89799976348877,94.80999755859375,2798.2900390625,12.579999923706055,70.33000183105469,2.8529999256134033,0.75,2.1,2.6,541661476.4060974,2.6
2018-07-13,1239.5999755859375,15.73900032043457,94.75,2801.31005859375,12.180000305175781,71.01000213623047,2.8310000896453857,0.72,2.11,2.59,640304126.322937,2.59
2018-07-16,1238.0999755859375,15.734999656677246,94.51000213623047,2798.429931640625,12.829999923706055,68.05999755859375,2.8580000400543213,0.75,2.1,2.59,431490796.2020874,2.59
2018-07-17,1225.699951171875,15.545999526977539,94.97000122070312,2809.550048828125,12.0600004196167,68.08000183105469,2.864000082015991,0.77,2.09,2.62,923216678.3081055,2.62
2018-07-18,1226.300048828125,15.503000259399414,95.08000183105469,2815.6201171875,12.100000381469727,68.76000213623047,2.875,0.79,2.09,2.6,627120244.8364258,2.6
2018-07-19,1222.4000244140625,15.34000015258789,95.16999816894531,2804.489990234375,12.869999885559082,69.45999908447266,2.8469998836517334,0.75,2.09,2.6,1647698321.2646484,2.6
2018-07-20,1229.5,15.489999771118164,94.45999908447266,2801.830078125,12.859999656677246,70.45999908447266,2.8949999809265137,0.78,2.11,2.6,919891500.7324219,2.6
2018-07-23,1224.0,15.368000030517578,94.66999816894531,2806.97998046875,12.619999885559082,67.88999938964844,2.9649999141693115,0.85,2.11,2.64,724663600.0,2.64
2018-07-24,1223.9000244140625,15.463000297546387,94.61000061035156,2820.39990234375,12.40999984741211,68.5199966430664,2.9489998817443848,0.84,2.11,2.63,557108044.3954468,2.63
2018-07-25,1231.4000244140625,15.532999992370605,94.36000061035156,2846.070068359375,12.289999961853027,69.30000305175781,2.936000108718872,0.81,2.13,2.66,639359729.6722412,2.66
2018-07-26,1225.300048828125,15.437999725341797,94.75,2837.43994140625,12.140000343322754,69.61000061035156,2.9749999046325684,0.87,2.11,2.69,738925157.5737,2.69
2018-07-27,1222.5999755859375,15.435999870300293,94.68000030517578,2818.820068359375,13.029999732971191,68.69000244140625,2.9600000381469727,0.84,2.12,2.67,607180869.5983887,2.67
2018-07-30,1221.300048828125,15.475000381469727,94.36000061035156,2802.60009765625,14.260000228881836,70.12999725341797,2.9749999046325684,0.85,2.13,2.66,480803316.34368896,2.66
2018-07-31,1223.699951171875,15.5,94.48999786376953,2816.2900390625,12.829999923706055,68.76000213623047,2.9639999866485596,0.84,2.12,2.67,638930903.2325745,2.67
2018-08-01,1217.9000244140625,15.394000053405762,94.62000274658203,2813.360107421875,13.149999618530273,67.66000366210938,3.003000020980835,0.87,2.13,2.67,914407333.152771,2.67
2018-08-02,1210.5999755859375,15.329000473022461,95.16999816894531,2827.219970703125,12.1899995803833,68.95999908447266,2.9860000610351562,0.86,2.12,2.66,710504963.1729126,2.66
2018-08-03,1214.199951171875,15.406000137329102,95.13999938964844,2840.35009765625,11.640000343322754,68.48999786376953,2.953000068664551,0.83,2.12,2.63,684141733.0993652,2.63
2018-08-06,1208.5999755859375,15.291999816894531,95.36000061035156,2850.39990234375,11.270000457763672,69.01000213623047,2.937999963760376,0.83,2.11,2.64,664440238.6413574,2.64
2018-08-07,1209.5999755859375,15.317000389099121,95.22000122070312,2858.449951171875,10.930000305175781,69.16999816894531,2.9730000495910645,0.85,2.13,2.68,594492901.0009766,2.68
2018-08-08,1212.5999755859375,15.37600040435791,95.0999984741211,2857.699951171875,10.850000381469727,66.94000244140625,2.9709999561309814,0.85,2.11,2.68,437577293.9453125,2.68
2018-08-09,1211.9000244140625,15.418999671936035,95.5,2853.580078125,11.270000457763672,66.80999755859375,2.934999942779541,0.82,2.11,2.64,487989210.9146118,2.64
2018-08-10,1211.0999755859375,15.265999794006348,96.36000061035156,2833.280029296875,13.15999984741211,67.62999725341797,2.8570001125335693,0.78,2.09,2.61,775063567.4987793,2.61
2018-08-13,1191.300048828125,14.95300006866455,96.38999938964844,2821.929931640625,14.779999732971191,67.19999694824219,2.877000093460083,0.78,2.1,2.61,1033685655.6221008,2.61
2018-08-14,1193.0,15.024999618530273,96.7300033569336,2839.9599609375,13.3100004196167,67.04000091552734,2.8949999809265137,0.8,2.09,2.63,801202710.8375549,2.63
2018-08-15,1177.5,14.420999526977539,96.69999694824219,2818.3701171875,14.640000343322754,65.01000213623047,2.8519999980926514,0.78,2.08,2.61,1378578126.2695312,2.61
2018-08-16,1176.199951171875,14.696999549865723,96.6500015258789,2840.68994140625,13.449999809265137,65.45999908447266,2.871000051498413,0.79,2.08,2.63,831539048.5794067,2.63
2018-08-17,1176.5,14.616000175476074,96.0999984741211,2850.1298828125,12.640000343322754,65.91000366210938,2.872999906539917,0.79,2.08,2.61,949853206.7337036,2.61
2018-08-20,1186.800048828125,14.654999732971191,95.9000015258789,2857.050048828125,12.489999771118164,66.43000030517578,2.822999954223633,0.75,2.07,2.6,598767058.972168,2.6
2018-08-21,1192.5999755859375,14.75100040435791,95.26000213623047,2862.9599609375,12.859999656677246,67.3499984741211,2.8440001010894775,0.77,2.08,2.61,569892031.072998,2.61
2018-08-22,1196.300048828125,14.734999656677246,95.1500015258789,2861.820068359375,12.25,67.86000061035156,2.822999954223633,0.74,2.08,2.6,704040991.1346436,2.6
2018-08-23,1187.0,14.527000427246094,95.62000274658203,2856.97998046875,12.40999984741211,67.83000183105469,2.821000099182129,0.73,2.09,2.61,617111203.2150269,2.61
2018-08-24,1206.300048828125,14.779000282287598,95.1500015258789,2874.68994140625,11.989999771118164,68.72000122070312,2.8259999752044678,0.73,2.09,2.63,1051950185.7452393,2.63
2018-08-27,1209.0,14.843999862670898,94.77999877929688,2896.739990234375,12.15999984741211,68.87000274658203,2.8480000495910645,0.74,2.11,2.67,500070744.0185547,2.67
2018-08-28,1207.4000244140625,14.767000198364258,94.72000122070312,2897.52001953125,12.5,68.52999877929688,2.884000062942505,0.77,2.11,2.67,693607153.8619995,2.67
2018-08-29,1204.5,14.687999725341797,94.5999984741211,2914.0400390625,12.25,69.51000213623047,2.884000062942505,0.77,2.12,2.67,641381442.8604126,2.67
2018-08-30,1197.699951171875,14.47700023651123,94.72000122070312,2901.1298828125,13.529999732971191,70.25,2.859999895095825,0.76,2.1,2.64,617247020.6848145,2.64
2018-08-31,1200.300048828125,14.437999725341797,95.13999938964844,2901.52001953125,12.859999656677246,69.80000305175781,2.8529999256134033,0.78,2.08,2.62,573077947.7851868,2.62
2018-09-04,1192.699951171875,14.060999870300293,95.41999816894531,2896.719970703125,13.15999984741211,69.87000274658203,2.9019999504089355,0.8,2.1,2.66,747314277.0195007,2.66
2018-09-05,1194.9000244140625,14.118000030517578,95.12999725341797,2888.60009765625,13.90999984741211,68.72000122070312,2.9019999504089355,0.81,2.09,2.66,505316542.63916016,2.66
2018-09-06,1197.9000244140625,14.074999809265137,95.0199966430664,2878.050048828125,14.649999618530273,67.7699966430664,2.878999948501587,0.8,2.08,2.64,543254842.3805237,2.64
2018-09-07,1193.5999755859375,14.067000389099121,95.37000274658203,2871.679931640625,14.880000114440918,67.75,2.941999912261963,0.84,2.1,2.71,420536232.46765137,2.71
2018-09-10,1193.0,14.079000473022461,95.1500015258789,2877.1298828125,14.15999984741211,67.54000091552734,2.937000036239624,0.84,2.1,2.73,262111978.5346985,2.73
2018-09-11,1195.4000244140625,14.052000045776367,95.05999755859375,2887.889892578125,13.220000267028809,69.25,2.9769999980926514,0.86,2.12,2.76,429250990.62805176,2.76
2018-09-12,1204.699951171875,14.192000389099121,94.80000305175781,2888.919921875,13.140000343322754,70.37000274658203,2.9630000591278076,0.85,2.12,2.74,721086291.4352417,2.74
2018-09-13,1202.0,14.142999649047852,94.54000091552734,2904.179931640625,12.369999885559082,68.58999633789062,2.9630000591278076,0.87,2.1,2.76,641139996.0395813,2.76
2018-09-14,1195.0,14.041999816894531,94.9800033569336,2904.97998046875,12.069999694824219,68.98999786376953,2.99399995803833,0.89,2.1,2.78,607550293.9544678,2.78
2018-09-17,1199.699951171875,14.121999740600586,94.51000213623047,2888.800048828125,13.680000305175781,68.91000366210938,3.000999927520752,0.89,2.1,2.78,537068555.885315,2.78
2018-09-18,1196.800048828125,14.083999633789062,94.62000274658203,2904.31005859375,12.789999961853027,69.8499984741211,3.0480000972747803,0.92,2.13,2.81,537456043.5668945,2.81
2018-09-19,1202.199951171875,14.189000129699707,94.55000305175781,2907.949951171875,11.75,71.12000274658203,3.0829999446868896,0.93,2.15,2.81,480938004.40063477,2.81
2018-09-20,1206.199951171875,14.21500015258789,93.91000366210938,2930.75,11.800000190734863,70.80000305175781,3.078000068664551,0.92,2.15,2.81,500982519.28253174,2.81
2018-09-21,1196.199951171875,14.269000053405762,94.22000122070312,2929.669921875,11.680000305175781,70.77999877929688,3.068000078201294,0.92,2.15,2.81,775295571.4065552,2.81
2018-09-24,1199.300048828125,14.25100040435791,94.26000213623047,2919.3701171875,12.199999809265137,72.08000183105469,3.078000068664551,0.92,2.16,2.83,503273496.4141846,2.83
2018-09-25,1200.0,14.39799976348877,94.12999725341797,2915.56005859375,12.420000076293945,72.27999877929688,3.1019999980926514,0.94,2.16,2.83,341495524.58496094,2.83
2018-09-26,1194.0,14.305000305175781,94.19000244140625,2905.969970703125,12.890000343322754,71.56999969482422,3.061000108718872,0.92,2.14,2.83,938009790.3213501,2.83
2018-09-27,1182.300048828125,14.201000213623047,95.0,2914.0,12.40999984741211,72.12000274658203,3.055999994277954,0.91,2.15,2.83,860924993.447876,2.83
2018-09-28,1191.5,14.623000144958496,95.19000244140625,2913.97998046875,12.119999885559082,73.25,3.055999994277954,0.91,2.14,2.81,678882868.8613892,2.81
2018-10-01,1187.0999755859375,14.42199993133545,95.30000305175781,2924.590087890625,12.0,75.30000305175781,3.0799999237060547,0.95,2.14,2.82,438189980.81207275,2.82
2018-10-02,1202.4000244140625,14.609999656677246,95.51000213623047,2923.429931640625,12.050000190734863,75.2300033569336,3.055999994277954,0.93,2.12,2.82,1227142858.5990906,2.82
2018-10-03,1198.300048828125,14.59000015258789,95.76000213623047,2925.510009765625,11.609999656677246,76.41000366210938,3.1610000133514404,0.99,2.16,2.85,757021777.7786255,2.85
2018-10-04,1197.199951171875,14.510000228881836,95.75,2901.610107421875,14.220000267028809,74.33000183105469,3.197000026702881,1.03,2.16,2.87,750806398.210144,2.87
2018-10-05,1201.199951171875,14.569000244140625,95.62000274658203,2885.570068359375,14.819999694824219,74.33999633789062,3.2249999046325684,1.07,2.16,2.88,909762744.3969727,2.88
2018-10-08,1184.4000244140625,14.258999824523926,95.7699966430664,2884.429931640625,15.6899995803833,74.29000091552734,3.2330000400543213,1.07,2.16,2.88,1363039475.088501,2.88
2018-10-09,1187.199951171875,14.329000473022461,95.68000030517578,2880.340087890625,15.949999809265137,74.95999908447266,3.2079999446868896,1.04,2.17,2.88,940468967.2554016,2.88
2018-10-10,1189.300048828125,14.255000114440918,95.51000213623047,2785.679931640625,22.959999084472656,73.16999816894531,3.2249999046325684,1.06,2.16,2.88,1193288314.9650574,2.88
2018-10-11,1223.5,14.53499984741211,95.0199966430664,2728.3701171875,24.979999542236328,70.97000122070312,3.132999897003174,1.02,2.12,2.85,3104165969.2718506,2.85
2018-10-12,1218.0999755859375,14.564000129699707,95.22000122070312,2767.1298828125,21.309999465942383,71.33999633789062,3.1410000324249268,1.03,2.12,2.85,1490995582.4363708,2.85
2018-10-15,1226.4000244140625,14.656000137329102,95.06999969482422,2750.7900390625,21.299999237060547,71.77999877929688,3.1630001068115234,1.03,2.13,2.85,1372094400.0,2.85
2018-10-16,1227.300048828125,14.630000114440918,95.05000305175781,2809.919921875,17.6200008392334,71.91999816894531,3.1559998989105225,1.03,2.13,2.87,1103782469.088745,2.87
2018-10-17,1223.699951171875,14.592000007629395,95.58000183105469,2809.2099609375,17.399999618530273,69.75,3.178999900817871,1.06,2.13,2.89,819631100.4806519,2.89
2018-10-18,1226.5,14.532999992370605,95.9000015258789,2768.780029296875,20.059999465942383,68.6500015258789,3.174999952316284,1.07,2.1,2.87,923198457.4172974,2.87
2018-10-19,1225.300048828125,14.579000473022461,95.70999908447266,2767.780029296875,19.889999389648438,69.12000274658203,3.197999954223633,1.09,2.11,2.92,864726954.9232483,2.92
2018-10-22,1221.199951171875,14.522000312805176,96.01000213623047,2755.8798828125,19.639999389648438,69.16999816894531,3.196000099182129,1.09,2.11,2.92,601749850.2388,2.92
2018-10-23,1233.4000244140625,14.727999687194824,95.95999908447266,2740.68994140625,20.709999084472656,66.43000030517578,3.1659998893737793,1.08,2.09,2.89,1478641830.2459717,2.89
2018-10-24,1227.800048828125,14.611000061035156,96.43000030517578,2656.10009765625,25.229999542236328,66.81999969482422,3.124000072479248,1.03,2.07,2.84,998994609.3597412,2.84
2018-10-25,1229.0999755859375,14.5649995803833,96.68000030517578,2705.570068359375,24.219999313354492,67.33000183105469,3.135999917984009,1.09,2.05,2.86,966527412.6701355,2.86
2018-10-26,1232.5,14.635000228881836,96.36000061035156,2658.68994140625,24.15999984741211,67.58999633789062,3.0769999027252197,1.02,2.06,2.81,1837154034.185028,2.81
2018-10-29,1224.5,14.376999855041504,96.58000183105469,2641.25,24.700000762939453,67.04000091552734,3.0869998931884766,1.02,2.06,2.81,1015677053.6804199,2.81
2018-10-30,1222.5999755859375,14.402999877929688,97.01000213623047,2682.6298828125,23.350000381469727,66.18000030517578,3.109999895095825,1.07,2.05,2.84,837616162.0742798,2.84
2018-10-31,1212.300048828125,14.229000091552734,97.12999725341797,2711.739990234375,21.229999542236328,65.30999755859375,3.1589999198913574,1.1,2.05,2.87,1313780912.4092102,2.87
2018-11-01,1236.0,14.729000091552734,96.27999877929688,2740.3701171875,19.34000015258789,63.689998626708984,3.1440000534057617,1.12,2.02,2.84,1593503989.4737244,2.84
2018-11-02,1230.9000244140625,14.706999778747559,96.54000091552734,2723.06005859375,19.510000228881836,63.13999938964844,3.2139999866485596,1.16,2.06,2.91,1026158398.4230042,2.91
2018-11-05,1229.800048828125,14.604000091552734,96.3499984741211,2738.31005859375,19.959999084472656,63.099998474121094,3.2009999752044678,1.14,2.06,2.91,732141872.2801208,2.91
2018-11-06,1223.800048828125,14.458000183105469,96.31999969482422,2755.449951171875,19.90999984741211,62.209999084472656,3.2139999866485596,1.15,2.07,2.93,843703638.6566162,2.93
2018-11-07,1226.199951171875,14.527999877929688,96.0,2813.889892578125,16.360000610351562,61.66999816894531,3.2130000591278076,1.15,2.07,2.96,973735352.7557373,2.96
2018-11-08,1222.9000244140625,14.38599967956543,96.63999938964844,2806.830078125,16.719999313354492,60.66999816894531,3.2339999675750732,1.17,2.07,2.98,884420254.675293,2.98
2018-11-09,1206.4000244140625,14.102999687194824,96.91000366210938,2781.010009765625,17.360000610351562,60.189998626708984,3.188999891281128,1.15,2.04,2.94,1620945263.5314941,2.94
2018-11-12,1201.300048828125,13.973999977111816,97.54000091552734,2726.219970703125,20.450000762939453,59.93000030517578,3.186000108718872,1.15,2.04,2.94,852290903.4606934,2.94
2018-11-13,1199.199951171875,13.95199966430664,97.30000305175781,2722.179931640625,20.020000457763672,55.689998626708984,3.1449999809265137,1.12,2.02,2.89,1058433271.5911865,2.89
2018-11-14,1207.9000244140625,14.055000305175781,96.80000305175781,2701.580078125,21.25,56.25,3.119999885559082,1.12,2.0,2.86,1599250919.4854736,2.86
2018-11-15,1212.800048828125,14.237000465393066,96.93000030517578,2730.199951171875,19.979999542236328,56.459999084472656,3.118000030517578,1.11,2.0,2.86,1022669532.0877075,2.86
2018-11-16,1220.800048828125,14.357999801635742,96.47000122070312,2736.27001953125,18.139999389648438,56.459999084472656,3.0739998817443848,1.06,2.02,2.81,991672763.5574341,2.81
2018-11-19,1223.0999755859375,14.380999565124512,96.19000244140625,2690.72998046875,20.100000381469727,56.7599983215332,3.056999921798706,1.07,1.99,2.79,984155045.4208374,2.79
2018-11-20,1219.0,14.246999740600586,96.80999755859375,2641.889892578125,22.479999542236328,53.43000030517578,3.0480000972747803,1.09,1.97,2.79,1049716800.3829956,2.79
2018-11-21,1225.800048828125,14.479999542236328,96.70999908447266,2649.929931640625,20.799999237060547,54.630001068115234,3.061000108718872,1.09,1.97,2.81,1023530417.3919678,2.81
2018-11-23,1221.0,14.220999717712402,96.91999816894531,2632.56005859375,21.520000457763672,50.41999816894531,3.053999900817871,1.09,1.96,2.81,431428469.49005127,2.81
2018-11-26,1220.199951171875,14.182999610900879,97.06999969482422,2673.449951171875,18.899999618530273,51.630001068115234,3.072000026702881,1.11,1.96,2.84,464710901.5472412,2.84
2018-11-27,1211.199951171875,14.062000274658203,97.37000274658203,2682.169921875,19.020000457763672,51.560001373291016,3.055000066757202,1.15,1.91,2.83,1111692915.486145,2.83
2018-11-28,1221.4000244140625,14.303000450134277,96.79000091552734,2743.7900390625,18.489999771118164,50.290000915527344,3.0439999103546143,1.12,1.94,2.81,1590951706.1279297,2.81
2018-11-29,1224.0999755859375,14.27299976348877,96.77999877929688,2737.800048828125,18.790000915527344,51.45000076293945,3.0350000858306885,1.05,1.98,2.81,749914168.1587219,2.81
2018-11-30,1220.199951171875,14.093999862670898,97.2699966430664,2760.169921875,18.06999969482422,50.93000030517578,3.013000011444092,1.04,1.97,2.8,943915591.4794922,2.8
2018-12-03,1233.9000244140625,14.380999565124512,97.04000091552734,2790.3701171875,16.440000534057617,52.95000076293945,2.992000102996826,1.02,1.96,2.83,985934526.0162354,2.83
2018-12-04,1241.0999755859375,14.520999908447266,96.97000122070312,2700.06005859375,20.739999771118164,53.25,2.9240000247955322,0.97,1.94,2.8,841636051.7372131,2.8
2018-12-06,1238.0999755859375,14.390000343322754,96.80999755859375,2695.949951171875,21.190000534057617,51.4900016784668,2.875999927520752,0.97,1.9,2.75,1085606658.3435059,2.75
2018-12-07,1246.800048828125,14.571999549865723,96.51000213623047,2633.080078125,23.229999542236328,52.61000061035156,2.8499999046325684,0.96,1.89,2.72,1228478422.9034424,2.72
2018-12-10,1243.699951171875,14.477999687194824,97.22000122070312,2637.719970703125,22.639999389648438,51.0,2.8559999465942383,0.99,1.86,2.72,955314474.4773865,2.72
2018-12-11,1241.9000244140625,14.49899959564209,97.38999938964844,2636.780029296875,21.760000228881836,51.650001525878906,2.878999948501587,1.06,1.83,2.78,751715321.8551636,2.78
2018-12-12,1244.4000244140625,14.725000381469727,97.04000091552734,2651.070068359375,21.459999084472656,51.150001525878906,2.9059998989105225,1.08,1.83,2.77,487273675.7873535,2.77
2018-12-13,1242.699951171875,14.729000091552734,97.05999755859375,2650.5400390625,20.649999618530273,52.58000183105469,2.9110000133514404,1.08,1.83,2.75,485610448.9562988,2.75
2018-12-14,1237.0,14.512999534606934,97.44000244140625,2599.949951171875,21.6299991607666,51.20000076293945,2.8910000324249268,1.07,1.82,2.73,878148983.6853027,2.73
2018-12-17,1247.4000244140625,14.638999938964844,97.0999984741211,2545.93994140625,24.520000457763672,49.880001068115234,2.8570001125335693,1.05,1.81,2.7,996579086.2220764,2.7
2018-12-18,1249.199951171875,14.585000038146973,97.13999938964844,2546.159912109375,25.579999923706055,46.2400016784668,2.825000047683716,1.01,1.81,2.65,891193646.509552,2.65
2018-12-19,1252.0999755859375,14.70199966430664,97.04000091552734,2506.9599609375,25.579999923706055,47.20000076293945,2.7780001163482666,0.97,1.8,2.63,1623763329.219818,2.63
2018-12-20,1263.5999755859375,14.753000259399414,96.27999877929688,2467.419921875,28.3799991607666,45.880001068115234,2.7890000343322754,1.03,1.76,2.67,2219664484.233856,2.67
2018-12-21,1253.800048828125,14.583000183105469,96.95999908447266,2416.6201171875,30.110000610351562,45.59000015258789,2.7920000553131104,1.02,1.77,2.63,1618129872.6379395,2.63
2018-12-24,1267.5,14.701000213623047,96.55000305175781,2351.10009765625,36.06999969482422,42.529998779296875,2.749000072479248,0.99,1.75,2.55,1168562695.3155518,2.55
2018-12-26,1269.199951171875,15.003999710083008,97.05000305175781,2467.699951171875,30.40999984741211,46.220001220703125,2.796999931335449,1.04,1.77,2.61,1710360262.3443604,2.61
2018-12-27,1277.300048828125,15.190999984741211,96.4800033569336,2488.830078125,29.959999084472656,44.61000061035156,2.743000030517578,1.03,1.74,2.56,1431696404.3762207,2.56
2018-12-28,1279.9000244140625,15.326000213623047,96.38999938964844,2485.739990234375,28.34000015258789,45.33000183105469,2.7360000610351562,0.99,1.73,2.52,831040565.2404785,2.52
2018-12-31,1278.300048828125,15.432999610900879,96.16999816894531,2506.85009765625,25.420000076293945,45.40999984741211,2.686000108718872,0.98,1.71,2.48,1024489750.0,2.48
2019-01-02,1281.0,15.541999816894531,96.81999969482422,2510.030029296875,23.219999313354492,46.540000915527344,2.6610000133514404,0.96,1.7,2.5,1550136369.393921,2.5
2019-01-03,1291.800048828125,15.706000328063965,96.30999755859375,2447.889892578125,25.450000762939453,47.09000015258789,2.553999900817871,0.88,1.68,2.39,1890417148.7121582,2.39
2019-01-04,1282.699951171875,15.694999694824219,96.19000244140625,2531.93994140625,21.3799991607666,47.959999084472656,2.6589999198913574,0.91,1.76,2.5,1619280992.553711,2.5
2019-01-07,1286.800048828125,15.668999671936035,95.70999908447266,2549.68994140625,21.399999618530273,48.52000045776367,2.681999921798706,0.92,1.78,2.53,910732900.5615234,2.53
2019-01-08,1283.199951171875,15.62600040435791,95.9000015258789,2574.409912109375,20.469999313354492,49.779998779296875,2.7160000801086426,0.91,1.82,2.58,928865933.670044,2.58
2019-01-09,1289.300048828125,15.652999877929688,95.22000122070312,2584.9599609375,19.979999542236328,52.36000061035156,2.7279999256134033,0.91,1.83,2.56,1291092103.2287598,2.56
2019-01-10,1284.699951171875,15.560999870300293,95.54000091552734,2596.639892578125,19.5,52.59000015258789,2.7309999465942383,0.93,1.81,2.56,811248455.5664062,2.56
2019-01-11,1287.0999755859375,15.57699966430664,95.66999816894531,2596.260009765625,18.190000534057617,51.59000015258789,2.7009999752044678,0.88,1.83,2.55,1050208346.3134766,2.55
2019-01-14,1289.0999755859375,15.609000205993652,95.58999633789062,2582.610107421875,19.06999969482422,50.5099983215332,2.7100000381469727,0.9,1.81,2.53,790789115.2801514,2.53
2019-01-15,1286.199951171875,15.545999526977539,95.97000122070312,2610.300048828125,18.600000381469727,52.11000061035156,2.7109999656677246,0.91,1.81,2.53,915623479.3663025,2.53
2019-01-16,1291.5999755859375,15.564000129699707,96.05999755859375,2616.10009765625,19.040000915527344,52.310001373291016,2.7309999465942383,0.91,1.82,2.55,840985263.910675,2.55
2019-01-17,1291.0,15.467000007629395,96.06999969482422,2635.9599609375,18.059999465942383,52.06999969482422,2.749000072479248,0.96,1.79,2.56,1045078440.2236938,2.56
2019-01-18,1281.300048828125,15.329999923706055,96.33999633789062,2670.7099609375,17.799999237060547,53.79999923706055,2.7839999198913574,0.96,1.83,2.62,1318633883.4228516,2.62
2019-01-22,1282.5,15.258999824523926,96.30000305175781,2632.89990234375,20.799999237060547,52.56999969482422,2.7300000190734863,0.95,1.79,2.58,959029900.9017944,2.58
2019-01-23,1283.0999755859375,15.317000389099121,96.12000274658203,2638.699951171875,19.520000457763672,52.619998931884766,2.755000114440918,0.96,1.8,2.58,633675865.6219482,2.58
2019-01-24,1279.0999755859375,15.23799991607666,96.5999984741211,2642.330078125,18.889999389648438,53.130001068115234,2.7119998931884766,0.95,1.77,2.56,685672104.2633057,2.56
2019-01-25,1297.4000244140625,15.638999938964844,95.79000091552734,2664.760009765625,17.420000076293945,53.689998626708984,2.753000020980835,0.97,1.79,2.6,1364151444.7769165,2.6
2019-01-28,1302.4000244140625,15.708999633789062,95.75,2643.85009765625,18.8700008392334,51.9900016784668,2.74399995803833,0.97,1.78,2.6,1050702045.8023071,2.6
2019-01-29,1308.199951171875,15.78600025177002,95.81999969482422,2640.0,19.1299991607666,53.310001373291016,2.7119998931884766,0.94,1.78,2.56,1439432634.9746704,2.56
2019-01-30,1309.9000244140625,15.880000114440918,95.33999633789062,2681.050048828125,17.65999984741211,54.22999954223633,2.694999933242798,0.86,1.84,2.52,1509247789.5507812,2.52
2019-01-31,1319.699951171875,16.02199935913086,95.58000183105469,2704.10009765625,16.56999969482422,53.790000915527344,2.634999990463257,0.78,1.85,2.45,1273635125.0,2.45
2019-02-01,1316.9000244140625,15.880000114440918,95.58000183105469,2706.530029296875,16.139999389648438,55.2599983215332,2.690999984741211,0.82,1.88,2.52,1554444750.0,2.52
2019-02-04,1314.300048828125,15.836999893188477,95.8499984741211,2724.8701171875,15.729999542236328,54.560001373291016,2.7239999771118164,0.86,1.87,2.53,852708437.702179,2.53
2019-02-05,1314.199951171875,15.789999961853027,96.0999984741211,2737.699951171875,15.569999694824219,53.65999984741211,2.7019999027252197,0.84,1.87,2.53,781857900.3204346,2.53
2019-02-06,1309.5,15.656000137329102,96.41999816894531,2731.610107421875,15.380000114440918,54.0099983215332,2.7019999027252197,0.84,1.86,2.52,814099160.1013184,2.52
2019-02-07,1309.4000244140625,15.675000190734863,96.51000213623047,2706.050048828125,16.3700008392334,52.63999938964844,2.6519999504089355,0.81,1.84,2.48,734458757.320404,2.48
2019-02-08,1313.699951171875,15.77299976348877,96.63999938964844,2707.8798828125,15.720000267028809,52.720001220703125,2.631999969482422,0.81,1.82,2.45,526054188.1225586,2.45
2019-02-11,1307.0,15.656999588012695,97.05999755859375,2709.800048828125,15.970000267028809,52.40999984741211,2.6610000133514404,0.83,1.82,2.48,595974472.6425171,2.48
2019-02-12,1309.199951171875,15.65999984741211,96.70999908447266,2744.72998046875,15.430000305175781,53.099998474121094,2.684000015258789,0.85,1.83,2.5,529117536.60736084,2.5
2019-02-13,1310.800048828125,15.62399959564209,97.12999725341797,2753.030029296875,15.649999618530273,53.900001525878906,2.7079999446868896,0.85,1.86,2.53,942608505.98526,2.53
2019-02-14,1309.800048828125,15.5,96.9800033569336,2745.72998046875,16.219999313354492,54.40999984741211,2.6570000648498535,0.81,1.85,2.5,778662574.6765137,2.5
2019-02-15,1318.0999755859375,15.722999572753906,96.91999816894531,2775.60009765625,14.90999984741211,55.59000015258789,2.6659998893737793,0.8,1.86,2.52,1521324517.201233,2.52
2019-02-19,1340.0999755859375,15.946999549865723,96.5199966430664,2779.760009765625,14.880000114440918,56.09000015258789,2.6470000743865967,0.78,1.87,2.5,1978293752.3498535,2.5
2019-02-20,1343.300048828125,16.156999588012695,96.44999694824219,2784.699951171875,14.020000457763672,56.91999816894531,2.6540000438690186,0.76,1.89,2.5,1124369285.8421326,2.5
2019-02-21,1323.5,15.791000366210938,96.61000061035156,2774.8798828125,14.460000038146973,56.959999084472656,2.687999963760376,0.78,1.91,2.53,1079756756.350708,2.53
2019-02-22,1329.199951171875,15.907999992370605,96.51000213623047,2792.669921875,13.510000228881836,57.2599983215332,2.6549999713897705,0.74,1.91,2.48,682644700.0,2.48
2019-02-25,1325.9000244140625,15.824999809265137,96.41000366210938,2796.110107421875,14.850000381469727,55.47999954223633,2.6730000972747803,0.75,1.92,2.51,612131575.4104614,2.51
2019-02-26,1325.0999755859375,15.82699966430664,96.0,2793.89990234375,15.170000076293945,55.5,2.635999917984009,0.72,1.92,2.48,647138865.435791,2.48
2019-02-27,1317.699951171875,15.67199993133545,96.1500015258789,2792.3798828125,14.699999809265137,56.939998626708984,2.693000078201294,0.76,1.93,2.5,989489983.3740234,2.5
2019-02-28,1312.800048828125,15.538000106811523,96.16000366210938,2784.489990234375,14.779999732971191,57.220001220703125,2.7109999656677246,0.78,1.95,2.52,968572666.3124084,2.52
2019-03-01,1296.4000244140625,15.168999671936035,96.52999877929688,2803.68994140625,13.569999694824219,55.79999923706055,2.755000114440918,0.8,1.96,2.55,2000257950.9239197,2.55
2019-03-04,1284.800048828125,15.017000198364258,96.68000030517578,2792.81005859375,14.630000114440918,56.59000015258789,2.7219998836517334,0.78,1.94,2.55,1248737230.9204102,2.55
2019-03-05,1282.0,15.020000457763672,96.8499984741211,2789.64990234375,14.739999771118164,56.560001373291016,2.7219998836517334,0.79,1.93,2.55,866658580.6915283,2.55
2019-03-06,1284.9000244140625,15.003000259399414,96.87000274658203,2771.449951171875,15.739999771118164,56.220001220703125,2.691999912261963,0.78,1.91,2.52,586208846.9421387,2.52
2019-03-07,1283.800048828125,14.960000038146973,97.66999816894531,2748.929931640625,16.59000015258789,56.65999984741211,2.635999917984009,0.74,1.9,2.47,739850101.0070801,2.47
2019-03-08,1297.0,15.272000312805176,97.37000274658203,2743.070068359375,16.049999237060547,56.06999969482422,2.625,0.72,1.9,2.45,1280938629.812622,2.45
2019-03-11,1288.800048828125,15.196999549865723,97.22000122070312,2783.300048828125,14.329999923706055,56.790000915527344,2.6429998874664307,0.73,1.91,2.47,820071473.6686707,2.47
2019-03-12,1296.300048828125,15.338000297546387,96.94000244140625,2791.52001953125,13.770000457763672,56.869998931884766,2.6050000190734863,0.71,1.9,2.45,773531923.1147766,2.45
2019-03-13,1307.5,15.380999565124512,96.55000305175781,2810.919921875,13.40999984741211,58.2599983215332,2.6110000610351562,0.69,1.92,2.45,913604804.9835205,2.45
2019-03-14,1293.4000244140625,15.10099983215332,96.79000091552734,2808.47998046875,13.5,58.61000061035156,2.630000114440918,0.69,1.94,2.46,829719486.8225098,2.46
2019-03-15,1301.800048828125,15.253000259399414,96.5999984741211,2822.47998046875,12.880000114440918,58.52000045776367,2.5929999351501465,0.65,1.94,2.43,1157393651.4892578,2.43
2019-03-18,1300.300048828125,15.25100040435791,96.5199966430664,2832.93994140625,13.100000381469727,59.09000015258789,2.6019999980926514,0.64,1.96,2.45,957644935.1257324,2.45
2019-03-19,1305.0,15.300999641418457,96.37999725341797,2832.570068359375,13.5600004196167,59.029998779296875,2.614000082015991,0.66,1.95,2.46,809212387.9859924,2.46
2019-03-20,1300.5,15.244999885559082,95.76000213623047,2824.22998046875,13.90999984741211,59.83000183105469,2.5350000858306885,0.58,1.96,2.4,1403842485.4499817,2.4
2019-03-21,1306.0999755859375,15.371999740600586,96.5,2854.8798828125,13.630000114440918,59.97999954223633,2.5369999408721924,0.58,1.96,2.41,957258466.3619995,2.41
2019-03-22,1311.5999755859375,15.345000267028809,96.6500015258789,2800.7099609375,16.479999542236328,59.040000915527344,2.4549999237060547,0.54,1.9,2.31,728199787.1704102,2.31
2019-03-25,1321.9000244140625,15.506999969482422,96.56999969482422,2798.360107421875,16.329999923706055,58.81999969482422,2.4200000762939453,0.55,1.88,2.26,910454422.6547241,2.26
2019-03-26,1314.300048828125,15.371000289916992,96.73999786376953,2818.4599609375,14.680000305175781,59.939998626708984,2.4140000343322754,0.55,1.86,2.24,628473245.4299927,2.24
2019-03-27,1309.9000244140625,15.23900032043457,96.7699966430664,2805.3701171875,15.149999618530273,59.40999984741211,2.374000072479248,0.55,1.84,2.22,815471760.0631714,2.22
2019-03-28,1289.800048828125,14.920999526977539,97.19999694824219,2815.43994140625,14.430000305175781,59.29999923706055,2.3889999389648438,0.56,1.83,2.23,1447964788.1248474,2.23
2019-03-29,1293.0,15.0600004196167,97.27999877929688,2834.39990234375,13.710000038146973,60.13999938964844,2.4140000343322754,0.53,1.88,2.27,865526754.1542053,2.27
2019-04-01,1288.4000244140625,15.050999641418457,97.25,2867.18994140625,13.399999618530273,61.59000015258789,2.496999979019165,0.59,1.9,2.33,1647946783.4472656,2.33
2019-04-02,1290.0,15.017999649047852,97.36000061035156,2867.239990234375,13.359999656677246,62.58000183105469,2.4809999465942383,0.58,1.9,2.3,545860515.0222778,2.3
2019-04-03,1289.9000244140625,15.059000015258789,97.08999633789062,2873.39990234375,13.739999771118164,62.459999084472656,2.5169999599456787,0.61,1.91,2.33,749337978.7750244,2.33
2019-04-04,1289.0,15.041000366210938,97.30999755859375,2879.389892578125,13.579999923706055,62.099998474121094,2.51200008392334,0.61,1.9,2.33,916850728.5827637,2.33
2019-04-05,1290.4000244140625,15.043000221252441,97.4000015258789,2892.739990234375,12.819999694824219,63.08000183105469,2.500999927520752,0.6,1.9,2.35,623866727.1690369,2.35
2019-04-08,1297.0999755859375,15.17300033569336,97.05000305175781,2895.77001953125,13.180000305175781,64.4000015258789,2.5190000534057617,0.61,1.91,2.36,523215717.1234131,2.36
2019-04-09,1303.5,15.168000221252441,97.01000213623047,2878.199951171875,14.279999732971191,63.97999954223633,2.499000072479248,0.6,1.91,2.35,572450467.0928955,2.35
2019-04-10,1309.0999755859375,15.201000213623047,96.94999694824219,2888.2099609375,13.300000190734863,64.61000061035156,2.4769999980926514,0.54,1.94,2.31,783773136.2548828,2.31
2019-04-11,1288.5999755859375,14.824000358581543,97.18000030517578,2888.320068359375,13.020000457763672,63.58000183105469,2.503999948501587,0.57,1.94,2.35,1426144239.3112183,2.35
2019-04-12,1290.5999755859375,14.920000076293945,96.97000122070312,2907.409912109375,12.010000228881836,63.88999938964844,2.559999942779541,0.61,1.95,2.4,642385233.6547852,2.4
2019-04-15,1286.800048828125,14.947999954223633,96.94000244140625,2905.580078125,12.319999694824219,63.400001525878906,2.552999973297119,0.61,1.94,2.4,517091833.51135254,2.4
2019-04-16,1272.5999755859375,14.890999794006348,97.04000091552734,2907.06005859375,12.180000305175781,64.05000305175781,2.5920000076293945,0.64,1.96,2.41,1216885899.571228,2.41
2019-04-17,1272.199951171875,14.920999526977539,97.01000213623047,2900.449951171875,12.600000381469727,63.7599983215332,2.5920000076293945,0.65,1.94,2.4,564582286.2701416,2.4
2019-04-18,1271.9000244140625,14.937000274658203,97.47000122070312,2905.030029296875,12.09000015258789,64.0,2.559999942779541,0.62,1.95,2.38,492361459.23461914,2.38
2019-04-22,1273.5,14.956999778747559,97.27999877929688,2907.969970703125,12.420000076293945,65.69999694824219,2.5899999141693115,0.64,1.95,2.38,270940839.1822815,2.38
2019-04-23,1269.300048828125,14.77299976348877,97.56999969482422,2933.679931640625,12.279999732971191,66.30000305175781,2.569999933242798,0.62,1.95,2.36,669644991.3116455,2.36
2019-04-24,1275.5,14.89799976348877,98.0999984741211,2927.25,13.140000343322754,65.88999938964844,2.5220000743865967,0.57,1.96,2.32,502721315.09399414,2.32
2019-04-25,1275.800048828125,14.861000061035156,98.19999694824219,2926.169921875,13.25,65.20999908447266,2.5339999198913574,0.56,1.98,2.33,583185031.5238953,2.33
2019-04-26,1284.9000244140625,15.001999855041504,98.01000213623047,2939.8798828125,12.729999542236328,63.29999923706055,2.505000114440918,0.54,1.97,2.28,730975115.5418396,2.28
2019-04-29,1278.5999755859375,14.843999862670898,97.86000061035156,2943.030029296875,13.109999656677246,63.5,2.5360000133514404,0.58,1.96,2.3,540025527.1835327,2.3
2019-04-30,1282.800048828125,14.899999618530273,97.4800033569336,2945.830078125,13.119999885559082,63.90999984741211,2.509000062942505,0.56,1.95,2.27,576742305.4779053,2.27
2019-05-01,1281.4000244140625,14.645000457763672,97.69000244140625,2923.72998046875,14.800000190734863,63.599998474121094,2.510999917984009,0.59,1.93,2.31,1484748738.8168335,2.31
2019-05-02,1269.699951171875,14.539999961853027,97.83000183105469,2917.52001953125,14.420000076293945,61.810001373291016,2.552000045776367,0.66,1.89,2.35,810746440.5029297,2.35
2019-05-03,1279.199951171875,14.906999588012695,97.5199966430664,2945.639892578125,12.869999885559082,61.939998626708984,2.5309998989105225,0.63,1.91,2.33,1015197372.8393555,2.33
2019-05-06,1281.699951171875,14.857000350952148,97.5199966430664,2932.469970703125,15.4399995803833,62.25,2.5,0.6,1.91,2.31,420370467.5048828,2.31
2019-05-07,1283.5,14.859999656677246,97.62999725341797,2884.050048828125,19.31999969482422,61.400001525878906,2.447999954223633,0.58,1.87,2.28,486136943.3280945,2.28
2019-05-08,1279.4000244140625,14.791999816894531,97.62000274658203,2879.419921875,19.399999618530273,62.119998931884766,2.4820001125335693,0.62,1.87,2.3,505258723.30322266,2.3
2019-05-09,1283.5,14.706999778747559,97.37000274658203,2870.719970703125,19.100000381469727,61.70000076293945,2.4570000171661377,0.6,1.85,2.26,607878584.6939087,2.26
2019-05-10,1285.699951171875,14.72599983215332,97.33000183105469,2881.39990234375,16.040000915527344,61.65999984741211,2.4549999237060547,0.59,1.88,2.26,556877981.3995361,2.26
2019-05-13,1300.0999755859375,14.713000297546387,97.31999969482422,2811.8701171875,20.549999237060547,61.040000915527344,2.4049999713897705,0.55,1.85,2.18,1365427482.6187134,2.18
2019-05-14,1294.699951171875,14.751999855041504,97.52999877929688,2834.409912109375,18.059999465942383,61.779998779296875,2.4189999103546143,0.56,1.86,2.2,680387754.9133301,2.2
2019-05-15,1296.300048828125,14.751999855041504,97.56999969482422,2850.9599609375,16.440000534057617,62.02000045776367,2.378999948501587,0.54,1.83,2.16,1260494603.7139893,2.16
2019-05-16,1285.0,14.479000091552734,97.83999633789062,2876.320068359375,15.289999961853027,62.869998931884766,2.4049999713897705,0.56,1.84,2.2,771515607.5637817,2.2
2019-05-17,1274.5,14.347999572753906,98.0,2859.530029296875,15.960000038146973,62.7599983215332,2.3929998874664307,0.58,1.81,2.2,794999055.0544739,2.2
2019-05-20,1276.0999755859375,14.409000396728516,97.93000030517578,2840.22998046875,16.309999465942383,63.099998474121094,2.4159998893737793,0.6,1.81,2.21,524277309.3475342,2.21
2019-05-21,1272.0,14.373000144958496,98.05999755859375,2864.360107421875,14.949999809265137,62.9900016784668,2.4260001182556152,0.6,1.83,2.26,462856418.34716797,2.26
2019-05-22,1273.5999755859375,14.413999557495117,98.11000061035156,2856.27001953125,14.75,61.41999816894531,2.3929998874664307,0.6,1.79,2.23,449914024.00665283,2.23
2019-05-23,1284.800048828125,14.57699966430664,97.8499984741211,2822.239990234375,16.920000076293945,57.90999984741211,2.2960000038146973,0.58,1.73,2.12,733635870.9136963,2.12
2019-05-24,1283.0,14.520000457763672,97.61000061035156,2826.06005859375,15.850000381469727,58.630001068115234,2.3239998817443848,0.56,1.76,2.16,281986117.0944214,2.16
2019-05-28,1276.5,14.281000137329102,97.95999908447266,2802.389892578125,17.5,59.13999938964844,2.2679998874664307,0.53,1.73,2.12,519991912.87994385,2.12
2019-05-29,1280.5999755859375,14.371999740600586,98.13999938964844,2783.02001953125,17.899999618530273,58.810001373291016,2.2360000610351562,0.5,1.75,2.09,499579895.35217285,2.09
2019-05-30,1287.0999755859375,14.460000038146973,98.13999938964844,2788.860107421875,17.299999237060547,56.59000015258789,2.2269999980926514,0.48,1.74,2.06,943949348.9379883,2.06
2019-05-31,1305.800048828125,14.529999732971191,97.75,2752.06005859375,18.709999084472656,53.5,2.1419999599456787,0.4,1.74,1.95,1895212138.1378174,1.95
2019-06-03,1322.699951171875,14.70300006866455,97.13999938964844,2744.449951171875,18.860000610351562,53.25,2.0810000896453857,0.34,1.73,1.82,1773259104.650879,1.82
2019-06-04,1323.4000244140625,14.732000350952148,97.06999969482422,2803.27001953125,16.969999313354492,53.47999954223633,2.11899995803833,0.38,1.74,1.88,1000837077.2026062,1.88
2019-06-05,1328.300048828125,14.753999710083008,97.37000274658203,2826.14990234375,16.09000015258789,51.68000030517578,2.122999906539917,0.37,1.75,1.83,958327322.3236084,1.83
2019-06-06,1337.5999755859375,14.868000030517578,97.02999877929688,2843.489990234375,15.930000305175781,52.59000015258789,2.124000072479248,0.39,1.73,1.88,698860568.7515259,1.88
2019-06-07,1341.199951171875,14.994000434875488,96.61000061035156,2873.340087890625,16.299999237060547,53.9900016784668,2.0840001106262207,0.35,1.74,1.85,1031189451.1688232,1.85
2019-06-10,1324.699951171875,14.604999542236328,96.76000213623047,2886.72998046875,15.9399995803833,53.2599983215332,2.1429998874664307,0.42,1.73,1.9,678035309.9060059,1.9
2019-06-11,1326.4000244140625,14.706000328063965,96.69000244140625,2885.719970703125,15.989999771118164,53.27000045776367,2.140000104904175,0.43,1.72,1.93,595581405.4519653,1.93
2019-06-12,1331.9000244140625,14.722000122070312,97.0,2879.840087890625,15.90999984741211,51.13999938964844,2.127000093460083,0.42,1.71,1.88,724302656.539917,1.88
2019-06-13,1339.199951171875,14.871000289916992,97.01000213623047,2891.639892578125,15.819999694824219,52.279998779296875,2.0910000801086426,0.42,1.68,1.83,680449671.798706,1.83
2019-06-14,1340.0999755859375,14.781999588012695,97.56999969482422,2886.97998046875,15.279999732971191,52.5099983215332,2.0929999351501465,0.46,1.63,1.84,1167655193.4753418,1.84
2019-06-17,1338.699951171875,14.814000129699707,97.55999755859375,2889.669921875,15.350000381469727,51.93000030517578,2.0859999656677246,0.48,1.61,1.86,602462199.9900818,1.86
2019-06-18,1346.5999755859375,14.979999542236328,97.63999938964844,2917.75,15.149999618530273,53.900001525878906,2.059999942779541,0.42,1.64,1.86,1310556380.316162,1.86
2019-06-19,1344.5999755859375,14.944999694824219,97.12000274658203,2926.4599609375,14.329999923706055,53.7599983215332,2.0290000438690186,0.36,1.67,1.74,1491274126.8829346,1.74
2019-06-20,1392.9000244140625,15.468999862670898,96.62999725341797,2954.179931640625,14.75,56.650001525878906,2.000999927520752,0.27,1.74,1.72,2443405304.374695,1.72
2019-06-21,1396.199951171875,15.27299976348877,96.22000122070312,2950.4599609375,15.399999618530273,57.43000030517578,2.068000078201294,0.34,1.73,1.77,1988674575.6225586,1.77
2019-06-24,1414.300048828125,15.368000030517578,95.9800033569336,2945.35009765625,15.260000228881836,57.900001525878906,2.0209999084472656,0.31,1.71,1.72,2391070135.583496,1.72
2019-06-25,1414.9000244140625,15.291000366210938,96.16000366210938,2917.3798828125,16.280000686645508,57.83000183105469,1.99399995803833,0.33,1.67,1.71,3324429164.401245,1.71
2019-06-26,1411.5999755859375,15.282999992370605,96.20999908447266,2913.780029296875,16.209999084472656,59.380001068115234,2.0490000247955322,0.35,1.7,1.77,1597820722.668457,1.77
2019-06-27,1408.4000244140625,15.204999923706055,96.19000244140625,2924.919921875,15.819999694824219,59.43000030517578,2.005000114440918,0.33,1.68,1.74,1117556321.1914062,1.74
2019-06-28,1409.699951171875,15.253000259399414,96.12999725341797,2941.760009765625,15.079999923706055,58.470001220703125,2.0,0.31,1.69,1.75,1075856375.3509521,1.75
2019-07-01,1385.5999755859375,15.105999946594238,96.83999633789062,2964.330078125,14.0600004196167,59.09000015258789,2.0339999198913574,0.34,1.69,1.78,1739557908.972168,1.78
2019-07-02,1404.5999755859375,15.154000282287598,96.7300033569336,2973.010009765625,12.930000305175781,56.25,1.9759999513626099,0.33,1.65,1.77,1771965009.640503,1.77
2019-07-03,1417.699951171875,15.251999855041504,96.7699966430664,2995.820068359375,12.569999694824219,57.34000015258789,1.9529999494552612,0.31,1.65,1.77,848750976.0131836,1.77
2019-07-05,1396.699951171875,14.918000221252441,97.25,2990.409912109375,13.279999732971191,57.5099983215332,2.0480000972747803,0.35,1.69,1.87,1524446316.9586182,1.87
2019-07-08,1397.0,14.972000122070312,97.37999725341797,2975.949951171875,13.960000038146973,57.65999984741211,2.0339999198913574,0.35,1.7,1.88,1054114227.0950317,1.88
2019-07-09,1397.5,15.067999839782715,97.48999786376953,2979.6298828125,14.09000015258789,57.83000183105469,2.053999900817871,0.36,1.71,1.92,873950450.0,1.92
2019-07-10,1410.0999755859375,15.147000312805176,97.0999984741211,2993.070068359375,13.029999732971191,60.43000030517578,2.061000108718872,0.33,1.74,1.82,1862993923.48938,1.82
2019-07-11,1404.300048828125,15.067000389099121,97.05000305175781,2999.909912109375,12.930000305175781,60.20000076293945,2.119999885559082,0.36,1.77,1.85,999907747.0046997,1.85
2019-07-12,1409.9000244140625,15.16100025177002,96.80999755859375,3013.77001953125,12.390000343322754,60.209999084472656,2.1059999465942383,0.35,1.77,1.84,842507527.2979736,1.84
2019-07-15,1411.4000244140625,15.289999961853027,96.93000030517578,3014.300048828125,12.680000305175781,59.58000183105469,2.0920000076293945,0.32,1.77,1.83,537671893.0847168,1.83
2019-07-16,1409.199951171875,15.600000381469727,97.4000015258789,3004.0400390625,12.859999656677246,57.619998931884766,2.121999979019165,0.33,1.8,1.87,1054698351.3793945,1.87
2019-07-17,1421.300048828125,15.892999649047852,97.22000122070312,2984.419921875,13.970000267028809,56.779998779296875,2.061000108718872,0.31,1.75,1.83,1519179434.6694946,1.83
2019-07-18,1426.0999755859375,16.1200008392334,96.79000091552734,2995.110107421875,13.529999732971191,55.29999923706055,2.0380001068115234,0.25,1.79,1.77,2517810257.180786,1.77
2019-07-19,1425.0999755859375,16.117000579833984,97.1500015258789,2976.610107421875,14.449999809265137,55.630001068115234,2.0480000972747803,0.25,1.8,1.8,2431110046.069336,1.8
2019-07-22,1425.300048828125,16.34000015258789,97.26000213623047,2985.030029296875,13.529999732971191,56.220001220703125,2.0429999828338623,0.26,1.79,1.8,1017840256.8969727,1.8
2019-07-23,1420.0999755859375,16.405000686645508,97.70999908447266,3005.469970703125,12.609999656677246,56.77000045776367,2.0739998817443848,0.27,1.81,1.83,1334413390.3686523,1.83
2019-07-24,1422.800048828125,16.554000854492188,97.7300033569336,3019.56005859375,12.069999694824219,55.880001068115234,2.049999952316284,0.26,1.79,1.83,902321391.2109375,1.83
2019-07-25,1413.9000244140625,16.339000701904297,97.81999969482422,3003.669921875,12.739999771118164,56.02000045776367,2.0739998817443848,0.28,1.8,1.86,1562108022.5616455,1.86
2019-07-26,1418.5,16.325000762939453,98.01000213623047,3025.860107421875,12.15999984741211,56.20000076293945,2.0810000896453857,0.3,1.78,1.86,835236632.1853638,1.86
2019-07-29,1419.5999755859375,16.368000030517578,98.04000091552734,3020.969970703125,12.829999923706055,56.869998931884766,2.055000066757202,0.29,1.77,1.85,1232617660.8154297,1.85
2019-07-30,1429.699951171875,16.4950008392334,98.05000305175781,3013.179931640625,13.9399995803833,58.04999923706055,2.061000108718872,0.28,1.78,1.85,1276735285.5880737,1.85
2019-07-31,1426.0999755859375,16.34600067138672,98.5199966430664,2980.3798828125,16.1200008392334,58.58000183105469,2.0209999084472656,0.26,1.76,1.89,2503975138.2019043,1.89
2019-08-01,1420.9000244140625,16.121000289916992,98.38999938964844,2953.56005859375,17.8700008392334,53.95000076293945,1.8940000534057617,0.2,1.7,1.73,3781258019.5129395,1.73
2019-08-02,1445.5999755859375,16.222000122070312,98.0999984741211,2932.050048828125,17.610000610351562,55.65999984741211,1.8550000190734863,0.2,1.66,1.72,1868922339.605713,1.72
2019-08-05,1464.5999755859375,16.344999313354492,97.5,2844.739990234375,24.59000015258789,54.689998626708984,1.7350000143051147,0.15,1.6,1.59,2414053124.3743896,1.59
2019-08-06,1472.4000244140625,16.405000686645508,97.62999725341797,2881.77001953125,20.170000076293945,53.630001068115234,1.7389999628067017,0.11,1.62,1.6,1315644426.6845703,1.6
2019-08-07,1507.300048828125,17.1560001373291,97.54000091552734,2883.97998046875,19.489999771118164,51.09000015258789,1.684000015258789,0.09,1.62,1.59,3761158635.951233,1.59
2019-08-08,1497.699951171875,16.900999069213867,97.62000274658203,2938.090087890625,16.90999984741211,52.540000915527344,1.715999960899353,0.07,1.65,1.62,1857881821.9940186,1.62
2019-08-09,1496.5999755859375,16.89699935913086,97.48999786376953,2918.64990234375,17.969999313354492,54.5,1.7339999675750732,0.08,1.66,1.63,1339978181.892395,1.63
2019-08-12,1505.300048828125,17.038999557495117,97.37999725341797,2882.699951171875,21.09000015258789,54.93000030517578,1.6390000581741333,0.04,1.61,1.58,2177104394.53125,1.58
2019-08-13,1502.199951171875,16.95599937438965,97.80999755859375,2926.320068359375,17.520000457763672,57.099998474121094,1.6799999475479126,0.05,1.63,1.66,4231112147.570801,1.66
2019-08-14,1515.9000244140625,17.253000259399414,97.98999786376953,2840.60009765625,22.100000381469727,55.22999954223633,1.5809999704360962,0.02,1.57,1.58,2951056475.0,1.58
2019-08-15,1519.5999755859375,17.187999725341797,98.13999938964844,2847.60009765625,21.18000030517578,54.470001220703125,1.5290000438690186,-0.02,1.54,1.48,1935322818.8995361,1.48
2019-08-16,1512.5,17.09600067138672,98.13999938964844,2888.679931640625,18.469999313354492,54.869998931884766,1.5390000343322754,0.01,1.54,1.48,1674638049.6826172,1.48
2019-08-19,1500.4000244140625,16.913999557495117,98.3499984741211,2923.64990234375,16.8799991607666,56.209999084472656,1.5980000495910645,0.04,1.56,1.53,1489091503.440857,1.53
2019-08-20,1504.5999755859375,17.121999740600586,98.19000244140625,2900.510009765625,17.5,56.34000015258789,1.5609999895095825,0.02,1.53,1.5,1063517535.2096558,1.5
2019-08-21,1504.5999755859375,17.125,98.30000305175781,2924.429931640625,15.800000190734863,55.68000030517578,1.5770000219345093,0.05,1.54,1.56,1150339827.4246216,1.56
2019-08-22,1497.300048828125,17.013999938964844,98.16999816894531,2922.949951171875,16.68000030517578,55.349998474121094,1.6100000143051147,0.07,1.55,1.61,968095058.2122803,1.61
2019-08-23,1526.5999755859375,17.395000457763672,97.63999938964844,2847.110107421875,19.8700008392334,54.16999816894531,1.527999997138977,-0.02,1.54,1.51,2924084736.8621826,1.51
2019-08-26,1526.300048828125,17.624000549316406,98.08000183105469,2878.3798828125,19.31999969482422,53.63999938964844,1.5449999570846558,0.0,1.54,1.54,1758512431.7749023,1.54
2019-08-27,1541.0,18.138999938964844,98.0,2869.159912109375,20.309999465942383,54.93000030517578,1.4900000095367432,-0.06,1.55,1.53,1869715731.072998,1.53
2019-08-28,1537.800048828125,18.304000854492188,98.20999908447266,2887.93994140625,19.350000381469727,55.779998779296875,1.465999960899353,-0.08,1.55,1.5,1662430425.9399414,1.5
2019-08-29,1526.5,18.16699981689453,98.51000213623047,2924.580078125,17.8799991607666,56.709999084472656,1.5160000324249268,-0.09,1.59,1.53,2127571427.9174805,1.53
2019-08-30,1519.0999755859375,18.184999465942383,98.91999816894531,2926.4599609375,18.979999542236328,55.099998474121094,1.50600004196167,-0.05,1.55,1.5,1386066250.0,1.5
2019-09-03,1545.9000244140625,19.07900047302246,98.94999694824219,2906.27001953125,19.65999984741211,53.939998626708984,1.465999960899353,-0.03,1.5,1.47,2275915400.0,1.47
2019-09-04,1550.300048828125,19.391000747680664,98.44999694824219,2937.780029296875,17.329999923706055,56.2599983215332,1.4589999914169312,-0.04,1.51,1.43,1655190135.3302002,1.43
2019-09-05,1515.4000244140625,18.6560001373291,98.41000366210938,2976.0,16.270000457763672,56.29999923706055,1.565000057220459,0.01,1.56,1.55,2904768635.6140137,1.55
2019-09-06,1506.199951171875,17.968000411987305,98.38999938964844,2978.7099609375,15.0,56.52000045776367,1.5499999523162842,0.01,1.54,1.53,2011744358.0444336,1.53
2019-09-09,1502.199951171875,18.018999099731445,98.27999877929688,2978.429931640625,15.270000457763672,57.849998474121094,1.621999979019165,0.06,1.57,1.58,1601072075.088501,1.58
2019-09-10,1490.300048828125,18.041000366210938,98.33000183105469,2979.389892578125,15.199999809265137,57.400001525878906,1.7020000219345093,0.12,1.6,1.67,1770361163.5009766,1.67
2019-09-11,1494.4000244140625,18.0310001373291,98.6500015258789,3000.929931640625,14.609999656677246,55.75,1.7330000400543213,0.15,1.6,1.68,1051096580.9020996,1.68
2019-09-12,1498.699951171875,18.041000366210938,98.30999755859375,3009.570068359375,14.220000267028809,55.09000015258789,1.7910000085830688,0.16,1.63,1.72,1791047376.8249512,1.72
2019-09-13,1490.9000244140625,17.43600082397461,98.26000213623047,3007.389892578125,13.739999771118164,54.849998474121094,1.902999997138977,0.23,1.67,1.79,1885255672.8973389,1.79
2019-09-16,1503.0999755859375,17.900999069213867,98.6500015258789,2997.9599609375,14.670000076293945,62.900001525878906,1.840999960899353,0.17,1.67,1.74,1143928931.286621,1.74
2019-09-17,1505.0999755859375,18.016000747680664,98.26000213623047,3005.699951171875,14.4399995803833,59.34000015258789,1.812000036239624,0.15,1.66,1.72,992644362.7868652,1.72
2019-09-18,1507.5,17.795000076293945,98.5999984741211,3006.72998046875,13.949999809265137,58.11000061035156,1.7860000133514404,0.21,1.59,1.77,2114350773.8845825,1.77
2019-09-19,1498.4000244140625,17.773000717163086,98.2699966430664,3006.7900390625,14.050000190734863,58.130001068115234,1.7740000486373901,0.18,1.61,1.74,1138349462.1643066,1.74
2019-09-20,1507.300048828125,17.738000869750977,98.51000213623047,2992.070068359375,15.319999694824219,58.09000015258789,1.7549999952316284,0.13,1.61,1.69,1731124463.043213,1.69
2019-09-23,1523.699951171875,18.600000381469727,98.5999984741211,2991.780029296875,14.90999984741211,58.63999938964844,1.7079999446868896,0.11,1.61,1.68,1294684375.0,1.68
2019-09-24,1532.0999755859375,18.517000198364258,98.33999633789062,2966.60009765625,17.049999237060547,57.290000915527344,1.6349999904632568,0.06,1.58,1.6,1528381054.902649,1.6
2019-09-25,1504.5999755859375,17.961999893188477,99.04000091552734,2984.8701171875,15.960000038146973,56.4900016784668,1.7319999933242798,0.13,1.6,1.68,1652092593.3288574,1.68
2019-09-26,1507.5,17.801000595092773,99.20999908447266,2977.6201171875,16.06999969482422,56.40999984741211,1.684999942779541,0.13,1.57,1.66,1132136380.392456,1.66
2019-09-27,1499.0999755859375,17.552000045776367,99.11000061035156,2961.7900390625,17.219999313354492,55.90999984741211,1.6749999523162842,0.16,1.53,1.63,1382980428.0639648,1.63
2019-09-30,1465.699951171875,16.898000717163086,99.37999725341797,2976.739990234375,16.239999771118164,54.06999969482422,1.6749999523162842,0.15,1.53,1.63,2146805141.5161133,1.63
2019-10-01,1482.0,17.20199966430664,99.12999725341797,2940.25,18.559999465942383,53.619998931884766,1.6440000534057617,0.13,1.52,1.56,1742051866.9189453,1.56
2019-10-02,1501.0,17.591999053955078,99.04000091552734,2887.610107421875,20.559999465942383,52.63999938964844,1.5959999561309814,0.1,1.5,1.48,1683013952.5527954,1.48
2019-10-03,1507.0999755859375,17.584999084472656,98.86000061035156,2910.6298828125,19.1200008392334,52.45000076293945,1.5360000133514404,0.06,1.48,1.39,1759006514.34021,1.39
2019-10-04,1506.199951171875,17.540000915527344,98.80999755859375,2952.010009765625,17.040000915527344,52.810001373291016,1.5149999856948853,0.02,1.5,1.4,1369476841.0949707,1.4
2019-10-07,1497.699951171875,17.457000732421875,98.98999786376953,2938.7900390625,17.860000610351562,52.75,1.5529999732971191,0.05,1.51,1.46,862035782.9589844,1.46
2019-10-08,1497.199951171875,17.617000579833984,99.13999938964844,2893.06005859375,20.280000686645508,52.630001068115234,1.5369999408721924,0.06,1.48,1.42,1480069468.9041138,1.42
2019-10-09,1506.0999755859375,17.72800064086914,99.12000274658203,2919.39990234375,18.639999389648438,52.59000015258789,1.5889999866485596,0.1,1.49,1.47,984079806.1416626,1.47
2019-10-10,1494.800048828125,17.520000457763672,98.70999908447266,2938.1298828125,17.56999969482422,53.54999923706055,1.6579999923706055,0.15,1.52,1.53,1309772354.2907715,1.53
2019-10-11,1482.699951171875,17.461999893188477,98.30000305175781,2970.27001953125,15.579999923706055,54.70000076293945,1.7519999742507935,0.2,1.56,1.63,1587015988.1652832,1.63
2019-10-14,1491.699951171875,17.634000778198242,98.44999694824219,2966.14990234375,14.569999694824219,53.59000015258789,1.7330000400543213,0.2,1.56,1.63,563301938.3270264,1.63
2019-10-15,1477.5999755859375,17.308000564575195,98.29000091552734,2995.679931640625,13.539999961853027,52.810001373291016,1.7710000276565552,0.21,1.56,1.61,1274401968.5714722,1.61
2019-10-16,1488.0,17.35099983215332,98.01000213623047,2989.68994140625,13.680000305175781,53.36000061035156,1.7480000257492065,0.18,1.57,1.58,1450477460.8306885,1.58
2019-10-17,1492.300048828125,17.535999298095703,97.61000061035156,2997.949951171875,13.789999961853027,53.93000030517578,1.7569999694824219,0.17,1.59,1.6,862079913.7420654,1.6
2019-10-18,1488.199951171875,17.50200080871582,97.27999877929688,2986.199951171875,14.25,53.779998779296875,1.746999979019165,0.16,1.6,1.58,901205449.0768433,1.58
2019-10-21,1482.4000244140625,17.525999069213867,97.33000183105469,3006.719970703125,14.0,53.310001373291016,1.7920000553131104,0.19,1.61,1.62,1161123642.2332764,1.62
2019-10-22,1481.699951171875,17.437000274658203,97.52999877929688,2995.989990234375,14.460000038146973,54.15999984741211,1.7680000066757202,0.17,1.61,1.6,543933928.1600952,1.6
2019-10-23,1489.9000244140625,17.517000198364258,97.47000122070312,3004.52001953125,14.010000228881836,55.970001220703125,1.7589999437332153,0.16,1.61,1.58,583944303.9276123,1.58
2019-10-24,1498.9000244140625,17.73900032043457,97.62999725341797,3010.2900390625,13.710000038146973,56.22999954223633,1.7660000324249268,0.15,1.62,1.58,873919436.4624023,1.58
2019-10-25,1499.5,17.861000061035156,97.83000183105469,3022.550048828125,12.649999618530273,56.65999984741211,1.8009999990463257,0.15,1.65,1.63,852791393.6691284,1.63
2019-10-28,1490.0,17.81599998474121,97.76000213623047,3039.419921875,13.109999656677246,55.810001373291016,1.8530000448226929,0.21,1.64,1.64,765362876.6784668,1.64
2019-10-29,1487.0,17.770999908447266,97.69000244140625,3036.889892578125,13.199999809265137,55.540000915527344,1.8350000381469727,0.23,1.61,1.64,537914850.0,1.64
2019-10-30,1493.199951171875,17.815000534057617,97.6500015258789,3046.77001953125,12.329999923706055,55.060001373291016,1.7979999780654907,0.21,1.57,1.61,986138787.8768921,1.61
2019-10-31,1511.4000244140625,18.013999938964844,97.3499984741211,3037.56005859375,13.220000267028809,54.18000030517578,1.690999984741211,0.15,1.54,1.52,1004259635.357666,1.52
2019-11-01,1508.0,18.003999710083008,97.23999786376953,3066.909912109375,12.300000190734863,56.20000076293945,1.7280000448226929,0.14,1.59,1.56,1153310380.2490234,1.56
2019-11-04,1508.0,18.013999938964844,97.51000213623047,3078.27001953125,12.829999923706055,56.540000915527344,1.7860000133514404,0.15,1.64,1.6,673833616.0675049,1.6
2019-11-05,1480.800048828125,17.516000747680664,97.9800033569336,3074.6201171875,13.100000381469727,57.22999954223633,1.8660000562667847,0.18,1.68,1.63,1647754726.9134521,1.63
2019-11-06,1490.199951171875,17.558000564575195,97.94999694824219,3076.780029296875,12.619999885559082,56.349998474121094,1.8140000104904175,0.15,1.66,1.61,901197405.418396,1.61
2019-11-07,1464.199951171875,16.969999313354492,98.13999938964844,3085.179931640625,12.729999542236328,57.150001525878906,1.9259999990463257,0.23,1.69,1.68,2103667499.0020752,1.68
2019-11-08,1461.300048828125,16.783000946044922,98.3499984741211,3093.080078125,12.069999694824219,57.2400016784668,1.9329999685287476,0.23,1.71,1.68,1425750979.6661377,1.68
2019-11-11,1455.5,16.761999130249023,98.19999694824219,3087.010009765625,12.6899995803833,56.86000061035156,1.9429999589920044,0.23,1.71,1.68,964532320.8190918,1.68
2019-11-12,1452.0999755859375,16.677000045776367,98.30999755859375,3091.840087890625,12.680000305175781,56.79999923706055,1.909000039100647,0.22,1.7,1.66,886231050.769043,1.66
2019-11-13,1461.699951171875,16.898000717163086,98.37000274658203,3094.0400390625,13.0,57.119998931884766,1.8700000047683716,0.22,1.66,1.63,1210912442.5048828,1.63
2019-11-14,1471.800048828125,17.01300048828125,98.16000366210938,3096.6298828125,13.050000190734863,56.77000045776367,1.815000057220459,0.2,1.62,1.58,723352467.2546387,1.58
2019-11-15,1467.300048828125,16.933000564575195,98.0,3120.4599609375,12.050000190734863,57.720001220703125,1.8339999914169312,0.21,1.63,1.61,1396847074.8550415,1.61
2019-11-18,1470.9000244140625,16.985000610351562,97.79000091552734,3122.030029296875,12.460000038146973,57.04999923706055,1.8079999685287476,0.18,1.63,1.6,792615270.0805664,1.6
2019-11-19,1473.300048828125,17.10300064086914,97.86000061035156,3120.179931640625,12.859999656677246,55.209999084472656,1.7860000133514404,0.16,1.63,1.6,669096047.7783203,1.6
2019-11-20,1473.300048828125,17.100000381469727,97.93000030517578,3108.4599609375,12.779999732971191,57.11000061035156,1.7380000352859497,0.13,1.6,1.56,956347758.140564,1.56
2019-11-21,1463.0999755859375,17.049999237060547,97.98999786376953,3103.5400390625,13.130000114440918,58.58000183105469,1.7719999551773071,0.14,1.63,1.6,579213600.0,1.6
2019-11-22,1463.0999755859375,16.985000610351562,98.2699966430664,3110.2900390625,12.34000015258789,57.77000045776367,1.7740000486373901,0.15,1.62,1.61,498660141.88690186,1.61
2019-11-25,1456.5999755859375,16.871000289916992,98.31999969482422,3133.639892578125,11.869999885559082,58.0099983215332,1.7640000581741333,0.14,1.62,1.61,879477875.7476807,1.61
2019-11-26,1459.800048828125,17.030000686645508,98.25,3140.52001953125,11.539999961853027,58.40999984741211,1.7400000095367432,0.12,1.62,1.58,650738881.9519043,1.58
2019-11-27,1453.4000244140625,16.91200065612793,98.41000366210938,3153.6298828125,11.75,58.11000061035156,1.7669999599456787,0.14,1.63,1.63,563248087.4176025,1.63
2019-11-29,1465.5999755859375,16.9689998626709,98.2699966430664,3140.97998046875,12.619999885559082,55.16999816894531,1.7760000228881836,0.17,1.61,1.61,622630906.7565918,1.61
2019-12-02,1462.300048828125,16.836000442504883,97.86000061035156,3113.8701171875,14.90999984741211,55.959999084472656,1.8359999656677246,0.18,1.65,1.61,1140170857.4447632,1.61
2019-12-03,1478.199951171875,17.125,97.73999786376953,3093.199951171875,15.960000038146973,56.099998474121094,1.7089999914169312,0.09,1.63,1.53,1179889292.1768188,1.53
2019-12-04,1474.0,16.797000885009766,97.6500015258789,3112.760009765625,14.800000190734863,58.43000030517578,1.781000018119812,0.11,1.66,1.58,878293904.423523,1.58
2019-12-05,1476.9000244140625,16.941999435424805,97.41000366210938,3117.429931640625,14.520000457763672,58.43000030517578,1.7970000505447388,0.13,1.67,1.58,788338500.0,1.58
2019-12-06,1459.0999755859375,16.481000900268555,97.69999694824219,3145.909912109375,13.619999885559082,59.20000076293945,1.8420000076293945,0.15,1.69,1.61,1199289447.4487305,1.61
2019-12-09,1459.300048828125,16.531999588012695,97.63999938964844,3135.9599609375,15.859999656677246,59.02000045776367,1.8289999961853027,0.14,1.69,1.63,373061932.9650879,1.63
2019-12-10,1462.5999755859375,16.59600067138672,97.41000366210938,3132.52001953125,15.680000305175781,59.2400016784668,1.8329999446868896,0.14,1.71,1.65,447133179.9560547,1.65
2019-12-11,1469.4000244140625,16.743999481201172,97.16000366210938,3141.6298828125,14.989999771118164,58.7599983215332,1.7899999618530273,0.1,1.69,1.61,847064688.835144,1.61
2019-12-12,1466.699951171875,16.844999313354492,97.4000015258789,3168.570068359375,13.9399995803833,59.18000030517578,1.8969999551773071,0.18,1.72,1.66,1220274228.4362793,1.66
2019-12-13,1475.5999755859375,16.91200065612793,97.16999816894531,3168.800048828125,12.630000114440918,60.06999969482422,1.819000005722046,0.12,1.7,1.61,968385936.2533569,1.61
2019-12-16,1475.0,17.018999099731445,97.06999969482422,3191.449951171875,12.140000343322754,60.209999084472656,1.8919999599456787,0.16,1.73,1.65,645993712.8067017,1.65
2019-12-17,1474.5999755859375,16.97800064086914,97.20999908447266,3192.52001953125,12.289999961853027,60.939998626708984,1.8890000581741333,0.14,1.75,1.63,596005351.4480591,1.63
2019-12-18,1472.5999755859375,16.952999114990234,97.41000366210938,3191.139892578125,12.579999923706055,60.93000030517578,1.9240000247955322,0.16,1.76,1.63,501528567.4133301,1.63
2019-12-19,1478.199951171875,17.058000564575195,97.41999816894531,3205.3701171875,12.5,61.220001220703125,1.9079999923706055,0.15,1.77,1.62,693415524.2919922,1.62
2019-12-20,1474.699951171875,17.128000259399414,97.70999908447266,3221.219970703125,12.510000228881836,60.439998626708984,1.9170000553131104,0.15,1.77,1.63,622803347.0718384,1.63
2019-12-23,1482.5,17.402999877929688,97.66000366210938,3224.010009765625,12.609999656677246,60.52000045776367,1.934999942779541,0.18,1.75,1.64,725066939.189148,1.64
2019-12-24,1499.0999755859375,17.756999969482422,97.6500015258789,3223.3798828125,12.670000076293945,61.11000061035156,1.909999966621399,0.15,1.75,1.62,749253721.6598511,1.62
2019-12-26,1509.300048828125,17.893999099731445,97.58999633789062,3239.909912109375,12.649999618530273,61.68000030517578,1.9049999713897705,0.16,1.74,1.64,1187805190.7348633,1.64
2019-12-27,1513.800048828125,17.849000930786133,96.91999816894531,3240.02001953125,13.430000305175781,61.720001220703125,1.8739999532699585,0.15,1.73,1.59,728715376.3748169,1.59
2019-12-30,1514.5,17.908000946044922,96.73999786376953,3221.2900390625,14.819999694824219,61.68000030517578,1.8949999809265137,0.15,1.75,1.58,686135901.4892578,1.58
2019-12-31,1519.5,17.827999114990234,96.38999938964844,3230.780029296875,13.779999732971191,61.060001373291016,1.9190000295639038,0.15,1.77,1.58,759299117.5689697,1.58
2020-01-02,1524.5,17.965999603271484,96.8499984741211,3257.85009765625,12.470000267028809,61.18000030517578,1.8819999694824219,0.08,1.8,1.58,1113280486.3983154,1.58
2020-01-03,1549.199951171875,18.06800079345703,96.83999633789062,3234.85009765625,14.020000457763672,63.04999923706055,1.7879999876022339,0.03,1.77,1.53,1790110615.4907227,1.53
2020-01-06,1566.199951171875,18.097000122070312,96.66999816894531,3246.280029296875,13.850000381469727,63.27000045776367,1.8109999895095825,0.06,1.75,1.54,2122902378.2089233,1.54
2020-01-07,1571.800048828125,18.31599998474121,96.9800033569336,3237.179931640625,13.789999961853027,62.70000076293945,1.8270000219345093,0.09,1.74,1.54,1180578654.73938,1.54
2020-01-08,1557.4000244140625,18.08799934387207,97.30000305175781,3253.050048828125,13.449999809265137,59.61000061035156,1.8739999532699585,0.12,1.75,1.58,3267414723.5794067,1.58
2020-01-09,1551.699951171875,17.860000610351562,97.44999694824219,3274.699951171875,12.539999961853027,59.560001373291016,1.8580000400543213,0.11,1.74,1.58,1502984556.4361572,1.58
2020-01-10,1557.5,18.033000946044922,97.36000061035156,3265.35009765625,12.5600004196167,59.040000915527344,1.8250000476837158,0.07,1.76,1.56,908388625.6439209,1.56
2020-01-13,1548.4000244140625,17.926000595092773,97.3499984741211,3288.1298828125,12.319999694824219,58.08000183105469,1.8480000495910645,0.08,1.77,1.58,1107327971.6186523,1.58
2020-01-14,1542.4000244140625,17.673999786376953,97.37000274658203,3283.14990234375,12.390000343322754,58.22999954223633,1.8179999589920044,0.05,1.77,1.58,960053409.0881348,1.58
2020-01-15,1552.0999755859375,17.92300033569336,97.2300033569336,3289.2900390625,12.420000076293945,57.810001373291016,1.7879999876022339,0.04,1.75,1.56,953975356.2927246,1.56
2020-01-16,1549.0,17.875,97.31999969482422,3316.81005859375,12.319999694824219,58.52000045776367,1.809000015258789,0.07,1.74,1.58,887970006.1828613,1.58
2020-01-17,1558.800048828125,18.01300048828125,97.61000061035156,3329.6201171875,12.100000381469727,58.540000915527344,1.8359999656677246,0.09,1.75,1.58,1630130858.3633423,1.58
2020-01-21,1556.4000244140625,17.750999450683594,97.52999877929688,3320.7900390625,12.850000381469727,58.34000015258789,1.7690000534057617,0.04,1.74,1.53,893074347.4319458,1.53
2020-01-22,1555.300048828125,17.770999908447266,97.52999877929688,3321.75,12.90999984741211,56.7400016784668,1.7690000534057617,0.05,1.72,1.53,701391945.9197998,1.53
2020-01-23,1564.5999755859375,17.773000717163086,97.69000244140625,3325.5400390625,12.979999542236328,55.59000015258789,1.7400000095367432,0.04,1.7,1.51,1238720934.8876953,1.51
2020-01-24,1571.0999755859375,18.05699920654297,97.8499984741211,3295.469970703125,14.5600004196167,54.189998626708984,1.680999994277954,0.02,1.68,1.49,1467946759.6176147,1.49
2020-01-27,1576.800048828125,18.0,97.95999908447266,3243.6298828125,18.229999542236328,53.13999938964844,1.6050000190734863,-0.02,1.63,1.44,1488127073.866272,1.44
2020-01-28,1569.199951171875,17.402000427246094,98.0199966430664,3276.239990234375,16.280000686645508,53.47999954223633,1.6410000324249268,0.0,1.65,1.45,1113814173.6236572,1.45
2020-01-29,1569.800048828125,17.430999755859375,97.98999786376953,3273.39990234375,16.389999389648438,53.33000183105469,1.593999981880188,-0.04,1.64,1.42,744244859.6572876,1.42
2020-01-30,1583.5,17.95199966430664,97.87000274658203,3283.659912109375,15.489999771118164,52.13999938964844,1.5579999685287476,-0.07,1.64,1.41,1353972176.1322021,1.41
2020-01-31,1582.9000244140625,17.972000122070312,97.38999938964844,3225.52001953125,18.84000015258789,51.560001373291016,1.5199999809265137,-0.14,1.65,1.33,2208336866.078186,1.33
2020-02-03,1577.199951171875,17.639999389648438,97.80000305175781,3248.919921875,17.969999313354492,50.11000061035156,1.5199999809265137,-0.09,1.63,1.36,1350862313.557434,1.36
2020-02-04,1550.4000244140625,17.527999877929688,97.95999908447266,3297.590087890625,16.049999237060547,49.61000061035156,1.6030000448226929,-0.03,1.64,1.41,1541263530.9082031,1.41
2020-02-05,1557.800048828125,17.569000244140625,98.2699966430664,3334.68994140625,15.149999618530273,50.75,1.6490000486373901,0.0,1.66,1.44,903220230.7601929,1.44
2020-02-06,1565.0999755859375,17.788999557495117,98.5,3345.780029296875,14.960000038146973,50.95000076293945,1.6440000534057617,-0.02,1.67,1.44,710438490.5822754,1.44
2020-02-07,1568.5999755859375,17.665000915527344,98.68000030517578,3327.7099609375,15.470000267028809,50.31999969482422,1.5779999494552612,-0.07,1.66,1.41,942796704.170227,1.41
2020-02-10,1574.699951171875,17.757999420166016,98.83000183105469,3352.090087890625,15.039999961853027,49.56999969482422,1.5470000505447388,-0.1,1.66,1.37,858437701.3916016,1.37
2020-02-11,1565.5999755859375,17.572999954223633,98.72000122070312,3357.75,15.180000305175781,49.939998626708984,1.590000033378601,-0.06,1.65,1.41,764790222.9675293,1.41
2020-02-12,1567.4000244140625,17.47800064086914,99.05000305175781,3379.449951171875,13.739999771118164,51.16999816894531,1.6299999952316284,-0.04,1.66,1.44,743690090.158081,1.44
2020-02-13,1575.0999755859375,17.600000381469727,99.06999969482422,3373.93994140625,14.149999618530273,51.41999816894531,1.6169999837875366,-0.06,1.67,1.44,1050842032.5805664,1.44
2020-02-14,1582.699951171875,17.71500015258789,99.12000274658203,3380.159912109375,13.680000305175781,52.04999923706055,1.5880000591278076,-0.07,1.66,1.42,796464600.0,1.42
2020-02-18,1600.0,18.131000518798828,99.45999908447266,3370.2900390625,14.829999923706055,52.04999923706055,1.555999994277954,-0.1,1.65,1.41,1739222701.2054443,1.41
2020-02-19,1607.5,18.29199981689453,99.5999984741211,3386.14990234375,14.380000114440918,53.290000915527344,1.5700000524520874,-0.09,1.65,1.42,1407062879.763794,1.42
2020-02-20,1616.5999755859375,18.30900001525879,99.87000274658203,3373.22998046875,15.5600004196167,53.779998779296875,1.524999976158142,-0.11,1.63,1.39,1288977123.9715576,1.39
2020-02-21,1644.5999755859375,18.520999908447266,99.26000213623047,3337.75,17.079999923706055,53.380001068115234,1.4709999561309814,-0.15,1.61,1.34,2528494100.1205444,1.34
2020-02-24,1672.4000244140625,18.868000030517578,99.29000091552734,3225.889892578125,25.030000686645508,51.43000030517578,1.3769999742507935,-0.21,1.59,1.26,4241121290.496826,1.26
2020-02-25,1646.9000244140625,18.183000564575195,98.97000122070312,3128.2099609375,27.850000381469727,49.900001525878906,1.3300000429153442,-0.2,1.53,1.2,4306427035.728455,1.2
2020-02-26,1640.0,17.826000213623047,99.0,3116.389892578125,27.559999465942383,48.72999954223633,1.309999942779541,-0.21,1.54,1.16,2757987646.8658447,1.16
2020-02-27,1640.0,17.658000946044922,98.44000244140625,2978.760009765625,39.15999984741211,47.09000015258789,1.2990000247955322,-0.23,1.53,1.11,4293289000.0,1.11
2020-02-28,1564.0999755859375,16.386999130249023,98.12999725341797,2954.219970703125,40.11000061035156,44.7599983215332,1.1269999742507935,-0.28,1.41,0.86,6335766856.494141,0.86
2020-03-02,1592.300048828125,16.679000854492188,97.36000061035156,3090.22998046875,33.41999816894531,46.75,1.0880000591278076,-0.31,1.41,0.84,2431273630.2703857,0.84
2020-03-03,1642.0999755859375,17.128999710083008,97.1500015258789,3003.3701171875,36.81999969482422,47.18000030517578,1.0099999904632568,-0.43,1.45,0.71,4414750135.4904175,0.71
2020-03-04,1641.0999755859375,17.187000274658203,97.33999633789062,3130.1201171875,31.989999771118164,46.779998779296875,0.9919999837875366,-0.44,1.46,0.67,1898557525.100708,0.67
2020-03-05,1666.4000244140625,17.341999053955078,96.81999969482422,3023.93994140625,39.619998931884766,45.900001525878906,0.9259999990463257,-0.48,1.4,0.59,2830646613.7313843,0.59
2020-03-06,1670.800048828125,17.214000701904297,95.94999694824219,2972.3701171875,41.939998626708984,41.279998779296875,0.7059999704360962,-0.57,1.31,0.49,4249659252.316284,0.49
2020-03-09,1674.5,17.000999450683594,94.9000015258789,2746.56005859375,54.459999084472656,31.1299991607666,0.49900001287460327,-0.45,0.99,0.38,3924529486.2854004,0.38
2020-03-10,1659.0999755859375,16.9060001373291,96.41000366210938,2882.22998046875,47.29999923706055,34.36000061035156,0.7480000257492065,-0.24,1.0,0.5,2906000439.628601,0.5
2020-03-11,1641.4000244140625,16.729000091552734,96.51000213623047,2741.3798828125,53.900001525878906,32.97999954223633,0.8199999928474426,-0.14,0.96,0.5,2795353273.99292,0.5
2020-03-12,1589.300048828125,15.961000442504883,97.47000122070312,2480.639892578125,75.47000122070312,31.5,0.8489999771118164,-0.04,0.92,0.5,4861315365.158081,0.5
2020-03-13,1515.699951171875,14.456000328063965,98.75,2711.02001953125,57.83000183105469,31.729999542236328,0.9509999752044678,0.04,0.9,0.49,5040189173.059082,0.49
2020-03-16,1485.9000244140625,12.772000312805176,98.08999633789062,2386.1298828125,82.69000244140625,28.700000762939453,0.7279999852180481,0.0,0.73,0.36,3469613425.048828,0.36
2020-03-17,1524.9000244140625,12.468999862670898,99.58000183105469,2529.18994140625,75.91000366210938,26.950000762939453,0.996999979019165,0.39,0.63,0.47,3515827408.2092285,0.47
2020-03-18,1477.300048828125,11.734999656677246,101.16000366210938,2398.10009765625,76.44999694824219,20.3700008392334,1.2660000324249268,0.55,0.63,0.54,3088843313.00354,0.54
2020-03-19,1478.5999755859375,12.097000122070312,102.76000213623047,2409.389892578125,72.0,25.219999313354492,1.11899995803833,0.62,0.5,0.44,2875221216.1575317,0.44
2020-03-20,1484.0,12.348999977111816,102.81999969482422,2304.919921875,66.04000091552734,22.43000030517578,0.9380000233650208,0.17,0.75,0.37,2810046172.241211,0.37
2020-03-23,1567.0,13.225000381469727,102.48999786376953,2237.39990234375,61.59000015258789,23.360000610351562,0.7639999985694885,-0.04,0.8,0.28,4136661846.2890625,0.28
2020-03-24,1660.199951171875,14.229000091552734,101.73999786376953,2447.330078125,61.66999816894531,24.010000228881836,0.8159999847412109,-0.13,0.97,0.38,3182052773.3917236,0.38
2020-03-25,1632.300048828125,14.836999893188477,101.05000305175781,2475.56005859375,63.95000076293945,24.489999771118164,0.8579999804496765,-0.19,1.07,0.34,2489974410.2233887,0.34
2020-03-26,1650.0999755859375,14.640000343322754,99.41999816894531,2630.070068359375,61.0,22.600000381469727,0.8109999895095825,-0.24,1.07,0.3,1958131438.192749,0.3
2020-03-27,1623.9000244140625,14.498000144958496,98.37000274658203,2541.469970703125,65.54000091552734,21.510000228881836,0.7490000128746033,-0.22,0.94,0.25,1495795350.0,0.25
2020-03-30,1622.0,14.074000358581543,99.18000030517578,2626.64990234375,57.08000183105469,20.09000015258789,0.6700000166893005,-0.25,0.95,0.23,1847411205.8792114,0.23
2020-03-31,1583.4000244140625,14.097999572753906,99.05000305175781,2584.590087890625,53.540000915527344,20.479999542236328,0.6980000138282776,-0.17,0.87,0.23,1971952015.6478882,0.23
2020-04-01,1578.199951171875,13.925999641418457,99.66999816894531,2470.5,57.060001373291016,20.309999465942383,0.6349999904632568,-0.29,0.91,0.23,1767604893.9056396,0.23
2020-04-02,1625.699951171875,14.595999717712402,100.18000030517578,2526.89990234375,50.90999984741211,25.31999969482422,0.6269999742507935,-0.4,1.03,0.23,1395702713.9190674,0.23
2020-04-03,1633.699951171875,14.435999870300293,100.58000183105469,2488.64990234375,46.79999923706055,28.34000015258789,0.5870000123977661,-0.46,1.08,0.23,1292808063.3087158,0.23
2020-04-06,1677.0,15.111000061035156,100.69000244140625,2663.679931640625,45.2400016784668,26.079999923706055,0.6759999990463257,-0.47,1.14,0.27,2312301455.9692383,0.27
2020-04-07,1664.800048828125,15.42199993133545,99.9800033569336,2659.409912109375,46.70000076293945,23.6299991607666,0.7360000014305115,-0.42,1.17,0.28,1434850154.2633057,0.28
2020-04-08,1665.4000244140625,15.147000312805176,100.12000274658203,2749.97998046875,43.349998474121094,25.09000015258789,0.7639999985694885,-0.42,1.19,0.27,1175463673.6083984,0.27
2020-04-09,1736.199951171875,15.994999885559082,99.5199966430664,2789.820068359375,41.66999816894531,22.760000228881836,0.7289999723434448,-0.5,1.23,0.23,2875938914.2456055,0.23
2020-04-13,1744.800048828125,15.479000091552734,99.3499984741211,2761.6298828125,41.16999816894531,22.40999984741211,0.7490000128746033,-0.5,1.26,0.25,3316846447.253418,0.25
2020-04-14,1756.699951171875,16.07200050354004,98.88999938964844,2846.06005859375,37.7599983215332,20.110000610351562,0.7519999742507935,-0.53,1.29,0.23,2781030742.791748,0.23
2020-04-15,1727.199951171875,15.446999549865723,99.45999908447266,2783.360107421875,40.84000015258789,19.8700008392334,0.6380000114440918,-0.56,1.19,0.2,1965166589.1082764,0.2
2020-04-16,1720.4000244140625,15.564000129699707,100.02999877929688,2799.550048828125,40.11000061035156,19.8700008392334,0.609000027179718,-0.42,1.03,0.2,1493100833.9904785,0.2
2020-04-17,1689.199951171875,15.237000465393066,99.77999877929688,2874.56005859375,38.150001525878906,18.270000457763672,0.6539999842643738,-0.36,1.01,0.2,2323478746.31958,0.2
2020-04-20,1701.5999755859375,15.555999755859375,99.95999908447266,2823.159912109375,43.83000183105469,-37.630001068115234,0.6259999871253967,-0.31,0.94,0.2,1706985357.3806763,0.2
2020-04-21,1678.199951171875,14.817999839782715,100.26000213623047,2736.56005859375,45.40999984741211,10.010000228881836,0.5709999799728394,-0.38,0.96,0.2,1979151448.6160278,0.2
2020-04-22,1728.699951171875,15.277000427246094,100.38999938964844,2799.31005859375,41.97999954223633,13.779999732971191,0.6190000176429749,-0.43,1.06,0.22,2086656577.8762817,0.22
2020-04-23,1733.300048828125,15.347999572753906,100.43000030517578,2797.800048828125,41.380001068115234,16.5,0.6129999756813049,-0.44,1.05,0.22,2438421135.3302,0.22
2020-04-24,1723.5,15.253999710083008,100.37999725341797,2836.739990234375,35.93000030517578,16.940000534057617,0.5960000157356262,-0.51,1.11,0.22,1821454145.1644897,0.22
2020-04-27,1711.9000244140625,15.201000213623047,100.04000091552734,2878.47998046875,33.290000915527344,12.779999732971191,0.656000018119812,-0.5,1.17,0.24,1459452237.9455566,0.24
2020-04-28,1710.5,15.161999702453613,99.87000274658203,2863.389892578125,33.56999969482422,12.34000015258789,0.6100000143051147,-0.52,1.14,0.2,1670001681.9763184,0.2
2020-04-29,1703.4000244140625,15.15999984741211,99.56999969482422,2939.510009765625,31.229999542236328,15.0600004196167,0.6269999742507935,-0.51,1.14,0.2,1978329826.737976,0.2
2020-04-30,1684.199951171875,14.89799976348877,99.0199966430664,2912.429931640625,34.150001525878906,18.84000015258789,0.621999979019165,-0.43,1.07,0.2,2164999841.60614,0.2
2020-05-01,1694.5,14.86299991607666,98.80000305175781,2830.7099609375,37.189998626708984,19.780000686645508,0.6420000195503235,-0.42,1.06,0.2,1743886840.67688,0.2
2020-05-04,1706.9000244140625,14.722000122070312,99.4800033569336,2842.739990234375,35.970001220703125,20.389999389648438,0.6370000243186951,-0.43,1.07,0.19,1280507278.753662,0.19
2020-05-05,1704.4000244140625,15.057000160217285,99.70999908447266,2868.43994140625,33.61000061035156,24.559999465942383,0.6570000052452087,-0.44,1.1,0.19,1700870407.1304321,0.19
2020-05-06,1684.199951171875,14.987000465393066,100.08999633789062,2848.419921875,34.119998931884766,23.989999771118164,0.7110000252723694,-0.38,1.1,0.17,2122300359.2529297,0.17
2020-05-07,1721.800048828125,15.562000274658203,99.88999938964844,2881.18994140625,31.440000534057617,23.549999237060547,0.6309999823570251,-0.45,1.08,0.13,2209703454.6432495,0.13
2020-05-08,1709.9000244140625,15.739999771118164,99.7300033569336,2929.800048828125,27.979999542236328,24.739999771118164,0.6819999814033508,-0.43,1.12,0.16,1963685155.5862427,0.16
2020-05-11,1695.300048828125,15.63599967956543,100.23999786376953,2930.18994140625,27.56999969482422,24.139999389648438,0.7260000109672546,-0.4,1.13,0.17,1787066295.4742432,0.17
2020-05-12,1704.4000244140625,15.687000274658203,99.93000030517578,2870.1201171875,33.040000915527344,25.780000686645508,0.6779999732971191,-0.4,1.09,0.17,1665376170.135498,0.17
2020-05-13,1713.9000244140625,15.663000106811523,100.23999786376953,2820.0,35.279998779296875,25.290000915527344,0.6489999890327454,-0.43,1.07,0.16,1769365652.0507812,0.16
2020-05-14,1738.0999755859375,16.13599967956543,100.47000122070312,2852.5,32.61000061035156,27.559999465942383,0.6190000176429749,-0.43,1.06,0.16,2784927950.152588,0.16
2020-05-15,1753.4000244140625,17.04599952697754,100.4000015258789,2863.699951171875,31.889999389648438,29.43000030517578,0.6399999856948853,-0.45,1.09,0.16,2281708782.055664,0.16
2020-05-18,1731.800048828125,17.464000701904297,99.66999816894531,2953.909912109375,29.299999237060547,31.81999969482422,0.7440000176429749,-0.44,1.17,0.18,2299427956.5063477,0.18
2020-05-19,1744.199951171875,17.892000198364258,99.37000274658203,2922.93994140625,30.530000686645508,32.5,0.7110000252723694,-0.45,1.15,0.17,1402090461.1114502,0.17
2020-05-20,1750.5999755859375,18.00200080871582,99.12000274658203,2971.610107421875,27.989999771118164,33.4900016784668,0.6800000071525574,-0.48,1.16,0.16,1756173299.899292,0.16
2020-05-21,1720.5,17.334999084472656,99.37000274658203,2948.510009765625,29.530000686645508,33.91999816894531,0.6769999861717224,-0.46,1.14,0.17,1913089750.0,0.17
2020-05-22,1734.5999755859375,17.663999557495117,99.86000061035156,2955.449951171875,28.15999984741211,33.25,0.6570000052452087,-0.46,1.12,0.17,1393960346.3424683,0.17
2020-05-26,1704.800048828125,17.565000534057617,98.91000366210938,2991.77001953125,28.010000228881836,34.349998474121094,0.6980000138282776,-0.44,1.13,0.18,2247955071.472168,0.18
2020-05-27,1710.300048828125,17.68600082397461,99.05999755859375,3036.1298828125,27.6200008392334,32.810001373291016,0.6800000071525574,-0.46,1.14,0.19,2105574834.3200684,0.19
2020-05-28,1713.300048828125,17.895000457763672,98.37999725341797,3029.72998046875,28.59000015258789,33.709999084472656,0.7049999833106995,-0.48,1.18,0.17,1578144631.9122314,0.17
2020-05-29,1736.9000244140625,18.440000534057617,98.33999633789062,3044.31005859375,27.510000228881836,35.4900016784668,0.6480000019073486,-0.5,1.15,0.16,2049701084.0759277,0.16
2020-06-01,1737.800048828125,18.76799964904785,97.83000183105469,3055.72998046875,28.229999542236328,35.439998626708984,0.6620000004768372,-0.52,1.18,0.14,1332225161.8103027,0.14
2020-06-02,1725.199951171875,18.207000732421875,97.66999816894531,3080.820068359375,26.84000015258789,36.810001373291016,0.6800000071525574,-0.5,1.18,0.17,1689235203.4088135,0.17
2020-06-03,1697.800048828125,17.92099952697754,97.27999877929688,3122.8701171875,25.65999984741211,37.290000915527344,0.7609999775886536,-0.44,1.21,0.19,2713279903.7628174,0.19
2020-06-04,1718.9000244140625,18.02400016784668,96.68000030517578,3112.35009765625,25.809999465942383,37.40999984741211,0.8199999928474426,-0.4,1.22,0.19,1627960307.6782227,0.19
2020-06-05,1676.199951171875,17.44300079345703,96.94000244140625,3193.929931640625,24.520000457763672,39.54999923706055,0.9039999842643738,-0.36,1.27,0.22,2531509723.99292,0.22
2020-06-08,1698.300048828125,17.868000030517578,96.62000274658203,3232.389892578125,25.809999465942383,38.189998626708984,0.8840000033378601,-0.4,1.28,0.22,1476515579.284668,0.22
2020-06-09,1714.699951171875,17.77400016784668,96.31999969482422,3207.179931640625,27.56999969482422,38.939998626708984,0.8289999961853027,-0.42,1.26,0.2,1458693406.3110352,0.2
2020-06-10,1713.300048828125,17.775999069213867,95.95999908447266,3190.139892578125,27.56999969482422,39.599998474121094,0.7480000257492065,-0.52,1.27,0.17,2127931296.282959,0.17
2020-06-11,1732.0,17.868999481201172,96.7300033569336,3002.10009765625,40.790000915527344,36.34000015258789,0.652999997138977,-0.55,1.21,0.19,1895724613.874817,0.19
2020-06-12,1729.300048828125,17.461999893188477,97.31999969482422,3041.31005859375,36.09000015258789,36.2599983215332,0.6990000009536743,-0.5,1.21,0.19,1121329914.3310547,0.19
2020-06-15,1720.300048828125,17.378999710083008,96.68000030517578,3066.590087890625,34.400001525878906,37.119998931884766,0.7020000219345093,-0.52,1.23,0.19,1385080740.6234741,0.19
2020-06-16,1729.5999755859375,17.631999969482422,96.95999908447266,3124.739990234375,33.66999816894531,38.380001068115234,0.7559999823570251,-0.52,1.27,0.21,1292159000.0,0.21
2020-06-17,1729.199951171875,17.756999969482422,97.16000366210938,3113.489990234375,33.470001220703125,37.959999084472656,0.7329999804496765,-0.52,1.26,0.19,773492980.3833008,0.19
2020-06-18,1724.800048828125,17.493000030517578,97.41999816894531,3115.340087890625,32.939998626708984,38.84000015258789,0.6940000057220459,-0.57,1.28,0.19,875706653.6499023,0.19
2020-06-19,1745.9000244140625,17.832000732421875,97.62000274658203,3097.739990234375,35.119998931884766,39.75,0.6970000267028809,-0.6,1.3,0.19,1999099207.1228027,0.19
2020-06-22,1756.699951171875,17.886999130249023,97.04000091552734,3117.860107421875,31.770000457763672,40.459999084472656,0.7039999961853027,-0.63,1.34,0.19,2044738658.6425781,0.19
2020-06-23,1772.0999755859375,18.051000595092773,96.69000244140625,3131.2900390625,31.3700008392334,40.369998931884766,0.7089999914169312,-0.66,1.38,0.18,2020617652.1438599,0.18
2020-06-24,1765.800048828125,17.658000946044922,97.1500015258789,3050.330078125,33.84000015258789,38.0099983215332,0.6840000152587891,-0.64,1.33,0.19,1808542193.4631348,0.19
2020-06-25,1762.0999755859375,17.882999420166016,97.43000030517578,3083.760009765625,32.220001220703125,38.720001220703125,0.6740000247955322,-0.65,1.33,0.17,1176152061.6485596,0.17
2020-06-26,1772.5,18.023000717163086,97.5,3009.050048828125,34.72999954223633,38.4900016784668,0.6359999775886536,-0.68,1.32,0.17,1624347824.5162964,0.17
2020-06-29,1774.800048828125,17.979999542236328,97.54000091552734,3053.239990234375,31.780000686645508,39.70000076293945,0.6359999775886536,-0.7,1.34,0.16,1122369723.8891602,0.16
2020-06-30,1793.0,18.541000366210938,97.38999938964844,3100.2900390625,30.43000030517578,39.27000045776367,0.652999997138977,-0.68,1.34,0.16,2136026088.684082,0.16
2020-07-01,1773.199951171875,18.132999420166016,97.19999694824219,3115.860107421875,28.6200008392334,39.81999969482422,0.6819999814033508,-0.68,1.37,0.17,2201849911.4746094,0.17
2020-07-02,1784.0,18.243999481201172,97.31999969482422,3130.010009765625,27.68000030517578,40.650001525878906,0.6690000295639038,-0.73,1.41,0.16,1461659392.6010132,0.16
2020-07-06,1788.5,18.503999710083008,96.79000091552734,3179.719970703125,27.940000534057617,40.630001068115234,0.6840000152587891,-0.76,1.45,0.16,1220492254.9575806,0.16
2020-07-07,1804.199951171875,18.628000259399414,96.87999725341797,3145.320068359375,29.43000030517578,40.619998931884766,0.6499999761581421,-0.78,1.43,0.16,1966459145.8969116,0.16
2020-07-08,1815.5,19.08099937438965,96.43000030517578,3169.93994140625,28.079999923706055,40.900001525878906,0.652999997138977,-0.75,1.42,0.16,1983708600.289917,0.16
2020-07-09,1799.199951171875,18.881999969482422,96.69999694824219,3152.050048828125,29.260000228881836,39.619998931884766,0.6050000190734863,-0.77,1.39,0.16,2260726927.0751953,0.16
2020-07-10,1798.199951171875,18.982999801635742,96.6500015258789,3185.0400390625,27.290000915527344,40.54999923706055,0.6330000162124634,-0.76,1.41,0.16,1390403440.0634766,0.16
2020-07-13,1811.0,19.708999633789062,96.45999908447266,3155.219970703125,32.189998626708984,40.099998474121094,0.6399999856948853,-0.78,1.42,0.16,1879645392.276001,0.16
2020-07-14,1810.5999755859375,19.451000213623047,96.26000213623047,3197.52001953125,29.520000457763672,40.290000915527344,0.6150000095367432,-0.78,1.41,0.14,1670023436.956787,0.14
2020-07-15,1811.4000244140625,19.684999465942383,96.08000183105469,3226.56005859375,27.760000228881836,41.20000076293945,0.6299999952316284,-0.77,1.41,0.16,1283307464.4104004,0.16
2020-07-16,1798.699951171875,19.496999740600586,96.3499984741211,3215.570068359375,28.0,40.75,0.6119999885559082,-0.79,1.41,0.16,1728200108.239746,0.16
2020-07-17,1808.300048828125,19.684999465942383,95.94000244140625,3224.72998046875,25.68000030517578,40.59000015258789,0.628000020980835,-0.82,1.46,0.14,1751555469.7265625,0.14
2020-07-20,1815.9000244140625,20.124000549316406,95.83000183105469,3251.840087890625,24.459999084472656,40.810001373291016,0.6200000047683716,-0.84,1.46,0.16,1725724794.6472168,0.16
2020-07-21,1842.4000244140625,21.496999740600586,95.12000274658203,3257.300048828125,24.84000015258789,41.959999084472656,0.6069999933242798,-0.87,1.48,0.14,2218915300.0,0.14
2020-07-22,1864.0999755859375,23.08300018310547,94.97000122070312,3276.02001953125,24.31999969482422,41.900001525878906,0.5950000286102295,-0.88,1.48,0.14,3286476466.369629,0.14
2020-07-23,1889.0999755859375,22.94499969482422,94.69000244140625,3235.659912109375,26.079999923706055,41.06999969482422,0.5820000171661377,-0.9,1.49,0.16,4076344655.493164,0.16
2020-07-24,1897.300048828125,22.808000564575195,94.44000244140625,3215.6298828125,25.84000015258789,41.290000915527344,0.5889999866485596,-0.92,1.51,0.14,2787952262.388611,0.14
2020-07-27,1931.0,24.47599983215332,93.66999816894531,3239.409912109375,24.739999771118164,41.599998474121094,0.609000027179718,-0.9,1.52,0.15,3847895697.784424,0.15
2020-07-28,1944.699951171875,24.266000747680664,93.76000213623047,3218.43994140625,25.440000534057617,41.040000915527344,0.5809999704360962,-0.92,1.51,0.14,3888995250.0,0.14
2020-07-29,1953.5,24.292999267578125,93.26000213623047,3258.43994140625,24.100000381469727,41.27000045776367,0.5789999961853027,-0.95,1.53,0.12,4746751838.195801,0.12
2020-07-30,1942.300048828125,23.34000015258789,93.0199966430664,3246.219970703125,24.760000228881836,39.91999816894531,0.5410000085830688,-0.97,1.52,0.11,3318926012.786865,0.11
2020-07-31,1962.800048828125,24.18899917602539,93.48999786376953,3271.1201171875,24.459999084472656,40.27000045776367,0.5360000133514404,-1.0,1.55,0.11,2944016364.715576,0.11
2020-08-03,1966.0,24.389999389648438,93.5,3294.610107421875,24.280000686645508,41.0099983215332,0.5630000233650208,-1.02,1.58,0.11,2394199072.128296,0.11
2020-08-04,2001.199951171875,26.011999130249023,93.37999725341797,3306.510009765625,23.760000228881836,41.70000076293945,0.5149999856948853,-1.05,1.57,0.11,3938390911.9262695,0.11
2020-08-05,2031.0999755859375,26.87700080871582,92.83000183105469,3327.77001953125,22.989999771118164,42.189998626708984,0.5429999828338623,-1.06,1.61,0.11,5181394600.271606,0.11
2020-08-06,2051.5,28.386999130249023,92.79000091552734,3349.159912109375,22.649999618530273,41.95000076293945,0.5360000133514404,-1.08,1.63,0.11,4001908976.4022827,0.11
2020-08-07,2010.0999755859375,27.533000946044922,93.44000244140625,3351.280029296875,22.209999084472656,41.220001220703125,0.5619999766349792,-1.04,1.61,0.13,4688239802.01416,0.13
2020-08-10,2024.4000244140625,29.249000549316406,93.58000183105469,3360.469970703125,22.1299991607666,41.939998626708984,0.5740000009536743,-1.02,1.61,0.14,3621824963.745117,0.14
2020-08-11,1932.5999755859375,26.03700065612793,93.62999725341797,3333.68994140625,24.030000686645508,41.61000061035156,0.6579999923706055,-0.99,1.63,0.16,8161178810.72998,0.16
2020-08-12,1934.9000244140625,25.954999923706055,93.44000244140625,3380.35009765625,22.280000686645508,42.66999816894531,0.6700000166893005,-0.98,1.67,0.16,5133095724.92981,0.16
2020-08-13,1956.699951171875,27.694000244140625,93.33999633789062,3373.429931640625,22.1299991607666,42.2400016784668,0.7160000205039978,-0.96,1.67,0.16,3409351378.051758,0.16
2020-08-14,1937.0,26.065000534057617,93.0999984741211,3372.85009765625,22.049999237060547,42.0099983215332,0.7089999914169312,-0.94,1.65,0.14,2152511600.830078,0.14
2020-08-17,1985.0,27.64299964904785,92.8499984741211,3381.989990234375,21.350000381469727,42.88999938964844,0.6830000281333923,-0.97,1.66,0.14,2929877700.0,0.14
2020-08-18,1999.4000244140625,28.048999786376953,92.2699966430664,3389.780029296875,21.510000228881836,42.88999938964844,0.6690000295639038,-1.01,1.68,0.14,3065753168.676758,0.14
2020-08-19,1958.699951171875,27.315000534057617,92.88999938964844,3374.85009765625,22.540000915527344,42.93000030517578,0.675000011920929,-0.99,1.67,0.14,4491651191.389465,0.14
2020-08-20,1933.800048828125,27.121999740600586,92.79000091552734,3385.510009765625,22.719999313354492,42.58000183105469,0.6439999938011169,-0.97,1.62,0.13,3063018700.0,0.13
2020-08-21,1934.5999755859375,26.707000732421875,93.25,3397.159912109375,22.540000915527344,42.34000015258789,0.6399999856948853,-1.0,1.64,0.16,2314274795.4803467,0.16
2020-08-24,1927.699951171875,26.58799934387207,93.30000305175781,3431.280029296875,22.3700008392334,42.619998931884766,0.6460000276565552,-1.02,1.67,0.14,2100649800.0,0.14
2020-08-25,1911.800048828125,26.253999710083008,93.0199966430664,3443.6201171875,22.030000686645508,43.349998474121094,0.6819999814033508,-1.01,1.7,0.15,1822366454.2755127,0.15
2020-08-26,1940.699951171875,27.43000030517578,93.01000213623047,3478.72998046875,23.270000457763672,43.38999938964844,0.6869999766349792,-1.03,1.72,0.16,2331569095.7611084,0.16
2020-08-27,1921.5999755859375,27.010000228881836,93.01000213623047,3484.550048828125,24.469999313354492,43.040000915527344,0.7459999918937683,-0.99,1.73,0.16,2954067097.5341797,0.16
2020-08-28,1964.5999755859375,27.610000610351562,92.37000274658203,3508.010009765625,22.959999084472656,42.970001220703125,0.7289999723434448,-1.03,1.77,0.14,2434095503.942871,0.14
2020-08-31,1967.5999755859375,28.437000274658203,92.13999938964844,3500.31005859375,26.40999984741211,42.61000061035156,0.6930000185966492,-1.08,1.8,0.14,1894729314.7705078,0.14
2020-09-01,1968.199951171875,28.486000061035156,92.33999633789062,3526.64990234375,26.1200008392334,42.7599983215332,0.671999990940094,-1.08,1.76,0.13,1973021637.538147,0.13
2020-09-02,1934.4000244140625,27.249000549316406,92.8499984741211,3580.840087890625,26.56999969482422,41.5099983215332,0.6510000228881836,-1.07,1.73,0.14,2106868621.6674805,0.14
2020-09-03,1927.5999755859375,26.735000610351562,92.73999786376953,3455.06005859375,33.599998474121094,41.369998931884766,0.621999979019165,-1.02,1.65,0.13,2200506826.585388,0.13
2020-09-04,1923.9000244140625,26.576000213623047,92.72000122070312,3426.9599609375,30.75,39.77000045776367,0.7210000157356262,-0.98,1.7,0.14,2101193348.9395142,0.14
2020-09-08,1933.0,26.86400032043457,93.4800033569336,3331.840087890625,31.459999084472656,36.7599983215332,0.6840000152587891,-0.99,1.68,0.14,2398321579.180908,0.14
2020-09-09,1944.699951171875,26.954999923706055,93.26000213623047,3398.9599609375,28.809999465942383,38.04999923706055,0.703000009059906,-1.0,1.71,0.14,1542031530.708313,0.14
2020-09-10,1954.199951171875,27.163000106811523,93.33999633789062,3339.18994140625,29.709999084472656,37.29999923706055,0.6850000023841858,-1.01,1.69,0.14,1668341317.388916,0.14
2020-09-11,1937.800048828125,26.73900032043457,93.33000183105469,3340.969970703125,26.8700008392334,37.33000183105469,0.6690000295639038,-0.98,1.65,0.13,1397986611.616516,0.13
2020-09-14,1953.0999755859375,27.229000091552734,93.06999969482422,3383.5400390625,25.850000381469727,37.2599983215332,0.6710000038146973,-0.97,1.65,0.14,1785479949.0737915,0.14
2020-09-15,1956.300048828125,27.34600067138672,93.05000305175781,3401.199951171875,25.59000015258789,38.279998779296875,0.6790000200271606,-0.99,1.67,0.14,1466444240.6051636,0.14
2020-09-16,1960.199951171875,27.354999542236328,93.20999908447266,3385.489990234375,26.040000915527344,40.15999984741211,0.6869999766349792,-0.99,1.68,0.14,2336860543.5058594,0.14
2020-09-17,1940.0,26.985000610351562,92.97000122070312,3357.010009765625,26.459999084472656,40.970001220703125,0.6840000152587891,-0.97,1.66,0.13,1616671211.3250732,0.13
2020-09-18,1952.0999755859375,27.027999877929688,92.93000030517578,3319.469970703125,25.829999923706055,41.11000061035156,0.6940000057220459,-0.97,1.67,0.14,1824617009.6054077,0.14
2020-09-21,1901.199951171875,24.298999786376953,93.54000091552734,3281.06005859375,27.780000686645508,39.310001373291016,0.6710000038146973,-0.94,1.62,0.14,3130128746.495056,0.14
2020-09-22,1898.5999755859375,24.441999435424805,93.98999786376953,3315.570068359375,26.860000610351562,39.599998474121094,0.6639999747276306,-0.94,1.62,0.13,1425251786.3067627,0.13
2020-09-23,1859.9000244140625,23.013999938964844,94.38999938964844,3236.919921875,28.579999923706055,39.93000030517578,0.6759999990463257,-0.92,1.6,0.14,3169641738.2507324,0.14
2020-09-24,1868.300048828125,23.118000030517578,94.3499984741211,3246.590087890625,28.510000228881836,40.310001373291016,0.6660000085830688,-0.91,1.58,0.14,2063034076.7089844,0.14
2020-09-25,1857.699951171875,23.017000198364258,94.58000183105469,3298.4599609375,26.3799991607666,40.25,0.6589999794960022,-0.92,1.58,0.12,1185953264.5507812,0.12
2020-09-28,1872.800048828125,23.527999877929688,94.26000213623047,3351.60009765625,26.190000534057617,40.599998474121094,0.6629999876022339,-0.94,1.61,0.14,1256283968.3029175,0.14
2020-09-29,1894.300048828125,24.3799991607666,93.88999938964844,3335.469970703125,26.270000457763672,39.290000915527344,0.6449999809265137,-0.98,1.64,0.11,1553549536.2854004,0.11
2020-09-30,1887.5,23.433000564575195,93.88999938964844,3363.0,26.3700008392334,40.220001220703125,0.6769999861717224,-0.94,1.63,0.13,1482813175.1220703,0.13
2020-10-01,1908.4000244140625,24.19300079345703,93.70999908447266,3380.800048828125,26.700000762939453,38.720001220703125,0.6769999861717224,-0.95,1.63,0.14,1858980328.2531738,0.14
2020-10-02,1900.199951171875,23.97100067138672,93.83999633789062,3348.419921875,27.6299991607666,37.04999923706055,0.6959999799728394,-0.94,1.64,0.13,1336996739.7232056,0.13
2020-10-05,1912.5,24.50200080871582,93.51000213623047,3408.60009765625,27.959999084472656,39.220001220703125,0.7620000243186951,-0.9,1.68,0.14,1250415961.5234375,0.14
2020-10-06,1901.0999755859375,23.8700008392334,93.83000183105469,3360.969970703125,29.479999542236328,40.66999816894531,0.7419999837875366,-0.9,1.66,0.14,1530595466.3452148,0.14
2020-10-07,1883.5999755859375,23.847999572753906,93.62999725341797,3419.43994140625,28.059999465942383,39.95000076293945,0.7850000262260437,-0.9,1.71,0.16,1136139705.8258057,0.16
2020-10-08,1888.5999755859375,23.836999893188477,93.61000061035156,3446.830078125,26.360000610351562,41.189998626708984,0.7649999856948853,-0.94,1.72,0.13,1161502819.8608398,0.13
2020-10-09,1919.5,25.069000244140625,93.05999755859375,3477.139892578125,25.0,40.599998474121094,0.7749999761581421,-0.94,1.73,0.16,2893622213.2598877,0.16
2020-10-12,1922.5,25.22599983215332,93.06999969482422,3534.219970703125,25.06999969482422,39.43000030517578,0.7770000100135803,-0.94,1.73,0.16,874452068.1762695,0.16
2020-10-13,1888.5,24.086000442504883,93.52999877929688,3511.929931640625,26.06999969482422,40.20000076293945,0.7269999980926514,-0.96,1.7,0.16,1490057806.2347412,0.16
2020-10-14,1901.300048828125,24.36400032043457,93.37999725341797,3488.669921875,26.399999618530273,41.040000915527344,0.722000002861023,-0.96,1.69,0.14,1618085520.779419,0.14
2020-10-15,1903.199951171875,24.19300079345703,93.86000061035156,3483.340087890625,26.969999313354492,40.959999084472656,0.7310000061988831,-0.95,1.69,0.14,1219411355.52063,0.14
2020-10-16,1900.800048828125,24.368999481201172,93.68000030517578,3483.81005859375,27.40999984741211,40.880001068115234,0.7440000176429749,-0.95,1.71,0.14,1294582832.157898,0.14
2020-10-19,1906.4000244140625,24.656999588012695,93.43000030517578,3426.919921875,29.18000030517578,40.83000183105469,0.7609999775886536,-0.93,1.71,0.16,1085396112.286377,0.16
2020-10-20,1910.4000244140625,24.937000274658203,93.06999969482422,3443.1201171875,29.350000381469727,41.459999084472656,0.796999990940094,-0.91,1.72,0.14,1276510950.0,0.14
2020-10-21,1924.5999755859375,25.19700050354004,92.61000061035156,3435.56005859375,28.649999618530273,40.029998779296875,0.8159999847412109,-0.91,1.74,0.14,1363186906.0699463,0.14
2020-10-22,1901.0999755859375,24.665000915527344,92.94999694824219,3453.489990234375,28.110000610351562,40.63999938964844,0.8479999899864197,-0.89,1.76,0.16,1498058925.338745,0.16
2020-10-23,1902.0,24.62700080871582,92.7699966430664,3465.389892578125,27.549999237060547,39.849998474121094,0.8410000205039978,-0.9,1.75,0.18,1057423748.387146,0.18
2020-10-26,1902.699951171875,24.375999450683594,93.05000305175781,3400.969970703125,32.459999084472656,38.560001373291016,0.8009999990463257,-0.91,1.72,0.16,911515620.5795288,0.16
2020-10-27,1908.800048828125,24.525999069213867,92.94000244140625,3390.679931640625,33.349998474121094,39.56999969482422,0.777999997138977,-0.92,1.71,0.16,1043131662.8952026,0.16
2020-10-28,1876.199951171875,23.323999404907227,93.41000366210938,3271.030029296875,40.279998779296875,37.38999938964844,0.781000018119812,-0.91,1.7,0.16,2066727090.2954102,0.16
2020-10-29,1865.5999755859375,23.339000701904297,93.95999908447266,3310.110107421875,37.59000015258789,36.16999816894531,0.8349999785423279,-0.86,1.71,0.16,1486427248.2757568,0.16
2020-10-30,1877.4000244140625,23.617000579833984,94.04000091552734,3269.9599609375,38.02000045776367,35.790000915527344,0.8600000143051147,-0.82,1.7,0.14,1286788577.7130127,0.14
2020-11-02,1890.4000244140625,24.006000518798828,94.05000305175781,3310.239990234375,37.130001068115234,36.810001373291016,0.8489999771118164,-0.84,1.71,0.16,1156130367.7978516,0.16
2020-11-03,1908.5,24.30500030517578,93.55000305175781,3369.159912109375,35.54999923706055,37.65999984741211,0.8820000290870667,-0.82,1.72,0.17,1355712610.1257324,0.17
2020-11-04,1894.5999755859375,23.86400032043457,93.41000366210938,3443.43994140625,29.56999969482422,39.150001525878906,0.7680000066757202,-0.86,1.64,0.14,1987995667.425537,0.14
2020-11-05,1945.300048828125,25.17099952697754,92.52999877929688,3510.449951171875,27.579999923706055,38.790000915527344,0.7760000228881836,-0.87,1.66,0.14,2945685086.0595703,0.14
2020-11-06,1950.300048828125,25.645999908447266,92.2300033569336,3509.43994140625,24.860000610351562,37.13999938964844,0.8199999928474426,-0.82,1.65,0.16,1901200802.3376465,0.16
2020-11-09,1853.199951171875,23.684999465942383,92.7300033569336,3550.5,25.75,40.290000915527344,0.9580000042915344,-0.77,1.73,0.17,5217506610.566711,0.17
2020-11-10,1875.4000244140625,24.445999145507812,92.75,3545.530029296875,24.799999237060547,41.36000061035156,0.972000002861023,-0.78,1.76,0.19,2060228352.9510498,0.19
2020-11-11,1860.699951171875,24.250999450683594,93.04000091552734,3572.659912109375,23.450000762939453,41.45000076293945,0.9580000042915344,-0.78,1.76,0.19,1575586595.0164795,0.19
2020-11-12,1872.5999755859375,24.290000915527344,92.95999908447266,3537.010009765625,25.350000381469727,41.119998931884766,0.8849999904632568,-0.83,1.71,0.17,1261263732.1243286,0.17
2020-11-13,1885.699951171875,24.759000778198242,92.76000213623047,3585.14990234375,23.100000381469727,40.130001068115234,0.8930000066757202,-0.83,1.72,0.17,1146189791.6931152,0.17
2020-11-16,1887.300048828125,24.785999298095703,92.56999969482422,3626.909912109375,22.450000762939453,41.34000015258789,0.906000018119812,-0.81,1.72,0.19,1480708223.9837646,0.19
2020-11-17,1884.5,24.635000228881836,92.41999816894531,3609.530029296875,22.709999084472656,41.43000030517578,0.871999979019165,-0.83,1.7,0.18,1452436150.0,0.18
2020-11-18,1873.5,24.433000564575195,92.31999969482422,3567.7900390625,23.84000015258789,41.81999969482422,0.8820000290870667,-0.82,1.7,0.16,1295941043.5653687,0.16
2020-11-19,1861.0999755859375,24.033000946044922,92.29000091552734,3581.8701171875,23.110000610351562,41.7400016784668,0.8539999723434448,-0.84,1.7,0.18,1220006941.506958,0.18
2020-11-20,1872.5999755859375,24.347999572753906,92.38999938964844,3557.5400390625,23.700000762939453,42.150001525878906,0.8289999961853027,-0.86,1.69,0.16,1120796801.574707,0.16
2020-11-23,1837.800048828125,23.624000549316406,92.51000213623047,3577.590087890625,22.65999984741211,43.060001373291016,0.8569999933242798,-0.85,1.71,0.16,2671390571.7315674,0.16
2020-11-24,1804.800048828125,23.29199981689453,92.2300033569336,3635.409912109375,21.639999389648438,44.90999984741211,0.8820000290870667,-0.86,1.74,0.16,3307683288.5742188,0.16
2020-11-25,1805.699951171875,23.356000900268555,91.98999786376953,3629.64990234375,21.25,45.709999084472656,0.878000020980835,-0.87,1.75,0.17,1743681509.4940186,0.17
2020-11-27,1781.9000244140625,22.55299949645996,91.79000091552734,3638.35009765625,20.84000015258789,45.529998779296875,0.8420000076293945,-0.91,1.75,0.16,1773389218.0404663,0.16
2020-11-30,1775.699951171875,22.534000396728516,91.87000274658203,3621.6298828125,20.56999969482422,45.34000015258789,0.843999981880188,-0.93,1.77,0.16,2201710675.8117676,0.16
2020-12-01,1814.0999755859375,24.033000946044922,91.30999755859375,3662.449951171875,20.770000457763672,44.54999923706055,0.9340000152587891,-0.89,1.81,0.17,2303096894.8791504,0.17
2020-12-02,1825.699951171875,24.024999618530273,91.12000274658203,3669.010009765625,21.170000076293945,45.279998779296875,0.9480000138282776,-0.9,1.85,0.16,1577380623.765564,0.16
2020-12-03,1836.800048828125,24.086999893188477,90.70999908447266,3666.719970703125,21.280000686645508,45.63999938964844,0.9200000166893005,-0.94,1.86,0.16,1807125987.4694824,0.16
2020-12-04,1835.9000244140625,24.202999114990234,90.69999694824219,3699.1201171875,20.790000915527344,46.2599983215332,0.968999981880188,-0.92,1.89,0.16,1740190825.9643555,0.16
2020-12-07,1861.800048828125,24.740999221801758,90.79000091552734,3691.9599609375,21.299999237060547,45.7599983215332,0.9279999732971191,-0.94,1.88,0.14,1845981432.5576782,0.14
2020-12-08,1870.800048828125,24.68400001525879,90.97000122070312,3702.25,20.68000030517578,45.599998474121094,0.9129999876022339,-0.97,1.89,0.14,1114144200.0,0.14
2020-12-09,1834.5999755859375,23.93000030517578,91.08999633789062,3672.820068359375,22.270000457763672,45.52000045776367,0.9409999847412109,-0.96,1.91,0.16,1853202000.0,0.16
2020-12-10,1833.5999755859375,24.0310001373291,90.79000091552734,3668.10009765625,22.520000457763672,46.779998779296875,0.9079999923706055,-0.96,1.88,0.14,1130123867.980957,0.14
2020-12-11,1839.800048828125,24.031999588012695,90.9800033569336,3663.4599609375,23.309999465942383,46.56999969482422,0.8930000066757202,-0.97,1.87,0.11,1049567185.4248047,0.11
2020-12-14,1828.699951171875,23.985000610351562,90.70999908447266,3647.489990234375,24.719999313354492,46.9900016784668,0.8920000195503235,-0.98,1.88,0.13,1311320324.6765137,0.13
2020-12-15,1852.300048828125,24.58099937438965,90.47000122070312,3694.6201171875,22.889999389648438,47.619998931884766,0.9229999780654907,-0.99,1.91,0.11,1189836586.7004395,0.11
2020-12-16,1856.0999755859375,24.985000610351562,90.44999694824219,3701.169921875,22.5,47.81999969482422,0.9200000166893005,-1.0,1.92,0.13,1429754980.1055908,0.13
2020-12-17,1887.199951171875,26.100000381469727,89.81999969482422,3722.47998046875,21.93000030517578,48.36000061035156,0.9300000071525574,-1.0,1.94,0.13,1674752944.052124,0.13
2020-12-18,1885.699951171875,25.948999404907227,90.0199966430664,3709.409912109375,21.56999969482422,49.099998474121094,0.9480000138282776,-1.0,1.95,0.13,1198009972.5769043,0.13
2020-12-21,1879.199951171875,26.277999877929688,90.04000091552734,3694.919921875,25.15999984741211,47.7400016784668,0.9409999847412109,-1.0,1.95,0.13,1436746171.887207,0.13
2020-12-22,1866.5999755859375,25.43400001525879,90.6500015258789,3687.260009765625,24.229999542236328,47.02000045776367,0.9179999828338623,-1.01,1.94,0.13,1647604427.8686523,0.13
2020-12-23,1874.699951171875,25.823999404907227,90.41000366210938,3690.010009765625,23.309999465942383,48.119998931884766,0.9549999833106995,-1.01,1.97,0.13,1149242780.065918,0.13
2020-12-24,1879.9000244140625,25.81100082397461,90.33000183105469,3703.06005859375,21.530000686645508,48.22999954223633,0.9279999732971191,-1.03,1.97,0.13,651683812.5549316,0.13
2020-12-28,1877.199951171875,26.459999084472656,90.33999633789062,3735.360107421875,21.700000762939453,47.619998931884766,0.9330000281333923,-1.03,1.97,0.13,1366795429.2251587,0.13
2020-12-29,1879.699951171875,26.13800048828125,90.01000213623047,3727.0400390625,23.079999923706055,48.0,0.9350000023841858,-1.02,1.96,0.12,1055225531.5216064,0.12
2020-12-30,1891.0,26.488000869750977,89.62999725341797,3732.0400390625,22.770000457763672,48.400001525878906,0.9259999990463257,-1.03,1.96,0.12,1050917781.9519043,0.12
2020-12-31,1893.0999755859375,26.332000732421875,89.94000244140625,3756.070068359375,22.75,48.52000045776367,0.9169999957084656,-1.06,1.99,0.13,1344977092.602539,0.13
2021-01-04,1944.699951171875,27.284000396728516,89.87999725341797,3700.64990234375,26.969999313354492,47.619998931884766,0.9169999957084656,-1.08,2.01,0.11,2613044188.241577,0.11
2021-01-05,1952.699951171875,27.570999145507812,89.44000244140625,3726.860107421875,25.34000015258789,49.93000030517578,0.9549999833106995,-1.07,2.03,0.13,2325886893.8964844,0.13
2021-01-06,1906.9000244140625,26.972999572753906,89.52999877929688,3748.139892578125,25.06999969482422,50.630001068115234,1.0420000553131104,-1.02,2.06,0.14,3319784537.3687744,0.14
2021-01-07,1912.300048828125,27.200000762939453,89.83000183105469,3803.7900390625,22.3700008392334,50.83000183105469,1.0709999799728394,-1.01,2.09,0.14,1276138665.6219482,0.14
2021-01-08,1834.0999755859375,24.582000732421875,90.0999984741211,3824.679931640625,21.559999465942383,52.2400016784668,1.1050000190734863,-0.93,2.06,0.14,4229478576.6448975,0.14
2021-01-11,1849.5999755859375,25.23900032043457,90.54000091552734,3799.610107421875,24.079999923706055,52.25,1.1319999694824219,-0.91,2.06,0.14,1482852200.0,0.14
2021-01-12,1842.9000244140625,25.384000778198242,90.05000305175781,3801.18994140625,23.329999923706055,53.209999084472656,1.1380000114440918,-0.93,2.08,0.14,1706114772.1557617,0.14
2021-01-13,1853.5999755859375,25.520000457763672,90.31999969482422,3809.840087890625,22.209999084472656,52.90999984741211,1.0880000591278076,-0.96,2.06,0.14,2446302642.102051,0.14
2021-01-14,1850.300048828125,25.746000289916992,90.23999786376953,3795.5400390625,23.25,53.56999969482422,1.128999948501587,-0.94,2.09,0.16,2343213439.492798,0.16
2021-01-15,1829.300048828125,24.825000762939453,90.77999877929688,3768.25,24.34000015258789,52.36000061035156,1.097000002861023,-0.99,2.1,0.13,2767600003.967285,0.13
2021-01-19,1839.5,25.27899932861328,90.5,3798.909912109375,23.239999771118164,52.97999954223633,1.0920000076293945,-1.0,2.1,0.14,1291882119.706726,0.14
2021-01-20,1865.9000244140625,25.733999252319336,90.47000122070312,3851.85009765625,21.579999923706055,53.2400016784668,1.090000033378601,-1.02,2.12,0.13,1658487834.2285156,0.13
2021-01-21,1865.300048828125,25.82200050354004,90.12999725341797,3853.070068359375,21.31999969482422,53.130001068115234,1.1089999675750732,-0.98,2.1,0.13,1270219095.1538086,0.13
2021-01-22,1855.699951171875,25.52400016784668,90.23999786376953,3841.469970703125,21.90999984741211,52.27000045776367,1.090999960899353,-0.99,2.09,0.13,1264183395.6298828,0.13
2021-01-25,1854.9000244140625,25.454999923706055,90.38999938964844,3855.360107421875,23.190000534057617,52.77000045776367,1.0399999618530273,-1.03,2.08,0.13,1033300058.1176758,0.13
2021-01-26,1850.699951171875,25.52899932861328,90.16999816894531,3849.6201171875,23.020000457763672,52.61000061035156,1.0399999618530273,-1.03,2.08,0.11,813513849.1210938,0.11
2021-01-27,1844.9000244140625,25.375999450683594,90.6500015258789,3750.77001953125,37.209999084472656,52.849998474121094,1.0140000581741333,-1.04,2.08,0.12,1558977018.6080933,0.12
2021-01-28,1837.9000244140625,25.909000396728516,90.45999908447266,3787.3798828125,30.209999084472656,52.34000015258789,1.0570000410079956,-1.06,2.13,0.12,1621879563.2080078,0.12
2021-01-29,1847.300048828125,26.899999618530273,90.58000183105469,3714.239990234375,33.09000015258789,52.20000076293945,1.093000054359436,-1.02,2.13,0.11,1942345814.868164,0.11
2021-02-01,1860.800048828125,29.398000717163086,91.0199966430664,3773.860107421875,30.239999771118164,53.54999923706055,1.0770000219345093,-1.02,2.11,0.11,1586451226.097107,0.11
2021-02-02,1830.5,26.384000778198242,91.19999694824219,3826.31005859375,25.559999465942383,54.7599983215332,1.1050000190734863,-1.03,2.15,0.11,1242926791.4077759,0.11
2021-02-03,1832.199951171875,26.878000259399414,91.12000274658203,3830.169921875,22.90999984741211,55.689998626708984,1.13100004196167,-1.04,2.19,0.11,800494513.4307861,0.11
2021-02-04,1788.9000244140625,26.222999572753906,91.52999877929688,3871.739990234375,21.770000457763672,56.22999954223633,1.1390000581741333,-1.02,2.17,0.11,2309809206.1584473,0.11
2021-02-05,1810.9000244140625,27.013999938964844,91.04000091552734,3886.830078125,20.8700008392334,56.849998474121094,1.1699999570846558,-1.02,2.21,0.09,1110302669.0368652,0.09
2021-02-08,1831.9000244140625,27.56999969482422,90.93000030517578,3915.590087890625,21.239999771118164,57.970001220703125,1.159999966621399,-1.03,2.22,0.11,1181344029.4265747,0.11
2021-02-09,1835.300048828125,27.395999908447266,90.44000244140625,3911.22998046875,21.6299991607666,58.36000061035156,1.156999945640564,-1.04,2.22,0.11,883080153.3966064,0.11
2021-02-10,1840.5999755859375,27.073999404907227,90.37000274658203,3909.8798828125,21.989999771118164,58.68000030517578,1.1330000162124634,-1.06,2.21,0.11,1055741729.0405273,0.11
2021-02-11,1824.9000244140625,27.04199981689453,90.41999816894531,3916.3798828125,21.25,58.2400016784668,1.1579999923706055,-1.04,2.2,0.11,1026318385.2462769,0.11
2021-02-12,1821.5999755859375,27.322999954223633,90.4800033569336,3934.830078125,19.969999313354492,59.470001220703125,1.2000000476837158,-1.01,2.21,0.11,1027366055.6945801,0.11
2021-02-16,1797.199951171875,27.319000244140625,90.51000213623047,3932.590087890625,21.459999084472656,60.04999923706055,1.2990000247955322,-0.94,2.24,0.13,2483407545.085144,0.13
2021-02-17,1771.0999755859375,27.31399917602539,90.94999694824219,3931.330078125,21.5,61.13999938964844,1.3009999990463257,-0.92,2.21,0.11,1896278451.8753052,0.11
2021-02-18,1773.4000244140625,27.07699966430664,90.58999633789062,3913.969970703125,22.489999771118164,60.52000045776367,1.2869999408721924,-0.87,2.16,0.11,1247100678.918457,0.11
2021-02-19,1775.800048828125,27.25200080871582,90.36000061035156,3906.7099609375,22.049999237060547,59.2400016784668,1.3450000286102295,-0.8,2.14,0.11,1381757189.5523071,0.11
2021-02-22,1806.699951171875,28.08300018310547,90.01000213623047,3876.5,23.450000762939453,61.4900016784668,1.3700000047683716,-0.79,2.16,0.11,1707304664.6728516,0.11
2021-02-23,1804.4000244140625,27.68600082397461,90.16999816894531,3881.3701171875,23.110000610351562,61.66999816894531,1.3619999885559082,-0.79,2.16,0.11,1457273173.9257812,0.11
2021-02-24,1796.4000244140625,27.85700035095215,90.18000030517578,3925.429931640625,21.34000015258789,63.220001220703125,1.3890000581741333,-0.79,2.17,0.12,1502511400.0,0.12
2021-02-25,1774.4000244140625,27.636999130249023,90.12999725341797,3829.340087890625,28.889999389648438,63.529998779296875,1.5180000066757202,-0.6,2.14,0.17,2712715827.819824,0.17
2021-02-26,1728.0999755859375,26.402000427246094,90.93000030517578,3811.14990234375,27.950000762939453,61.5,1.4600000381469727,-0.71,2.15,0.14,3839815966.064453,0.14
2021-03-01,1722.5,26.64699935913086,91.04000091552734,3901.820068359375,23.350000381469727,60.63999938964844,1.4459999799728394,-0.71,2.16,0.13,2233685282.119751,0.13
2021-03-02,1733.0999755859375,26.850000381469727,90.79000091552734,3870.2900390625,24.100000381469727,59.75,1.4149999618530273,-0.78,2.2,0.13,1855469327.8381348,0.13
2021-03-03,1715.300048828125,26.35700035095215,90.94999694824219,3819.719970703125,26.670000076293945,61.279998779296875,1.4700000286102295,-0.74,2.21,0.14,2097681074.230957,0.14
2021-03-04,1700.199951171875,25.43400001525879,91.62999725341797,3768.469970703125,28.56999969482422,63.83000183105469,1.5499999523162842,-0.66,2.2,0.14,2205900610.8779907,0.14
2021-03-05,1698.0,25.256999969482422,91.9800033569336,3841.93994140625,24.65999984741211,66.08999633789062,1.5540000200271606,-0.66,2.22,0.14,2040429416.1743164,0.14
2021-03-08,1677.699951171875,25.239999771118164,92.30999755859375,3821.35009765625,25.469999313354492,65.05000305175781,1.5959999561309814,-0.62,2.21,0.17,1911125467.6589966,0.17
2021-03-09,1716.5999755859375,26.148000717163086,91.95999908447266,3875.43994140625,24.030000686645508,64.01000213623047,1.5460000038146973,-0.66,2.21,0.17,1669937345.9777832,0.17
2021-03-10,1721.5,26.101999282836914,91.79000091552734,3898.81005859375,22.559999465942383,64.44000244140625,1.5199999809265137,-0.73,2.26,0.16,1287136949.1577148,0.16
2021-03-11,1722.300048828125,26.16200065612793,91.41999816894531,3939.340087890625,21.90999984741211,66.0199966430664,1.5269999504089355,-0.74,2.28,0.14,1090130812.8356934,0.14
2021-03-12,1719.5,25.8799991607666,91.68000030517578,3943.340087890625,20.690000534057617,65.61000061035156,1.6349999904632568,-0.62,2.26,0.14,1390186712.2879028,0.14
2021-03-15,1728.9000244140625,26.253000259399414,91.83000183105469,3968.93994140625,20.030000686645508,65.38999938964844,1.6069999933242798,-0.65,2.27,0.14,1314549875.2670288,0.14
2021-03-16,1730.5999755859375,25.974000930786133,91.87000274658203,3962.7099609375,19.790000915527344,64.80000305175781,1.621000051498413,-0.68,2.3,0.15,1225320436.0656738,0.15
2021-03-17,1726.800048828125,26.030000686645508,91.4000015258789,3974.1201171875,19.229999542236328,64.5999984741211,1.6410000324249268,-0.67,2.3,0.13,2064591647.6394653,0.13
2021-03-18,1732.199951171875,26.320999145507812,91.8499984741211,3915.4599609375,21.579999923706055,60.0,1.7300000190734863,-0.56,2.27,0.16,1416076394.732666,0.16
2021-03-19,1741.4000244140625,26.29199981689453,91.91999816894531,3913.10009765625,20.950000762939453,61.41999816894531,1.7319999933242798,-0.57,2.31,0.16,1121279273.7319946,0.16
2021-03-22,1737.800048828125,25.740999221801758,91.80000305175781,3940.590087890625,18.8799991607666,61.54999923706055,1.684000015258789,-0.64,2.33,0.15,854120000.0,0.15
2021-03-23,1724.699951171875,25.200000762939453,92.33999633789062,3910.52001953125,20.299999237060547,57.7599983215332,1.6380000114440918,-0.66,2.29,0.15,978675408.2336426,0.15
2021-03-24,1732.9000244140625,25.201000213623047,92.52999877929688,3889.139892578125,21.200000762939453,61.18000030517578,1.6139999628067017,-0.69,2.31,0.14,1004047338.8061523,0.14
2021-03-25,1724.9000244140625,25.02199935913086,92.87999725341797,3909.52001953125,19.809999465942383,58.560001373291016,1.6139999628067017,-0.69,2.32,0.14,1358725497.7478027,0.14
2021-03-26,1732.199951171875,25.091999053955078,92.7699966430664,3974.5400390625,18.860000610351562,60.970001220703125,1.659999966621399,-0.67,2.34,0.14,998408769.8043823,0.14
2021-03-29,1712.0999755859375,24.746999740600586,92.94000244140625,3971.090087890625,20.739999771118164,61.560001373291016,1.7209999561309814,-0.63,2.36,0.14,1348094862.4694824,0.14
2021-03-30,1683.9000244140625,24.121000289916992,93.30000305175781,3958.550048828125,19.610000610351562,60.54999923706055,1.7259999513626099,-0.62,2.35,0.16,1316213785.180664,0.16
2021-03-31,1713.800048828125,24.517000198364258,93.2300033569336,3972.889892578125,19.399999618530273,59.15999984741211,1.746000051498413,-0.63,2.37,0.16,1699383119.3267822,0.16
2021-04-01,1726.5,24.934999465942383,92.93000030517578,4019.8701171875,17.329999923706055,61.45000076293945,1.6790000200271606,-0.66,2.35,0.17,1150900265.6433105,0.17
2021-04-05,1727.0,24.76300048828125,92.5999984741211,4077.909912109375,17.90999984741211,58.650001525878906,1.7200000286102295,-0.62,2.35,0.17,998042484.7137451,0.17
2021-04-06,1741.5,25.211999893188477,92.33999633789062,4073.93994140625,18.1200008392334,59.33000183105469,1.656000018119812,-0.65,2.32,0.16,1103563072.253418,0.16
2021-04-07,1740.0999755859375,25.232999801635742,92.45999908447266,4079.949951171875,17.15999984741211,59.77000045776367,1.652999997138977,-0.66,2.34,0.16,884763330.1391602,0.16
2021-04-08,1756.800048828125,25.569000244140625,92.05999755859375,4097.169921875,16.950000762939453,59.599998474121094,1.6319999694824219,-0.69,2.33,0.14,1081570958.8851929,0.14
2021-04-09,1743.300048828125,25.31100082397461,92.16000366210938,4128.7998046875,16.690000534057617,59.31999969482422,1.6660000085830688,-0.64,2.31,0.16,1087035361.4456177,0.16
2021-04-12,1731.199951171875,24.85300064086914,92.13999938964844,4127.990234375,16.90999984741211,59.70000076293945,1.6749999523162842,-0.64,2.33,0.18,794636470.022583,0.18
2021-04-13,1746.199951171875,25.41699981689453,91.8499984741211,4141.58984375,16.649999618530273,60.18000030517578,1.6230000257492065,-0.69,2.33,0.16,1143339885.760498,0.16
2021-04-14,1734.9000244140625,25.514999389648438,91.69000244140625,4124.66015625,16.989999771118164,63.150001525878906,1.6380000114440918,-0.69,2.33,0.16,1027137463.7054443,0.16
2021-04-15,1765.4000244140625,25.95599937438965,91.66999816894531,4170.419921875,16.56999969482422,63.459999084472656,1.5299999713897705,-0.77,2.33,0.16,1364236760.357666,0.16
2021-04-16,1779.0,26.099000930786133,91.55999755859375,4185.47021484375,16.25,63.130001068115234,1.5729999542236328,-0.77,2.36,0.16,1673081821.3867188,0.16
2021-04-19,1769.4000244140625,25.83099937438965,91.06999969482422,4163.259765625,17.290000915527344,63.380001068115234,1.6009999513626099,-0.73,2.34,0.16,949172809.5077515,0.16
2021-04-20,1777.300048828125,25.834999084472656,91.23999786376953,4134.93994140625,18.68000030517578,62.439998626708984,1.562000036239624,-0.74,2.32,0.15,1087447332.0922852,0.15
2021-04-21,1792.300048828125,26.565000534057617,91.16000366210938,4173.419921875,17.5,61.349998474121094,1.5640000104904175,-0.76,2.33,0.15,1408963066.9189453,0.15
2021-04-22,1781.199951171875,26.173999786376953,91.33000183105469,4134.97998046875,18.709999084472656,61.43000030517578,1.5540000200271606,-0.76,2.33,0.16,1282883852.4368286,0.16
2021-04-23,1777.0,26.07699966430664,90.86000061035156,4180.169921875,17.329999923706055,62.13999938964844,1.5670000314712524,-0.76,2.34,0.16,1182504916.6259766,0.16
2021-04-26,1779.199951171875,26.211000442504883,90.80999755859375,4187.6201171875,17.639999389648438,61.90999984741211,1.5700000524520874,-0.78,2.36,0.18,798596326.4709473,0.18
2021-04-27,1778.0,26.41200065612793,90.91000366210938,4186.72021484375,17.559999465942383,62.939998626708984,1.621999979019165,-0.76,2.39,0.17,892593660.1791382,0.17
2021-04-28,1773.199951171875,26.08099937438965,90.61000061035156,4183.18017578125,17.280000686645508,63.86000061035156,1.6200000047683716,-0.78,2.41,0.17,1157053527.3864746,0.17
2021-04-29,1768.0999755859375,26.05299949645996,90.61000061035156,4211.47021484375,17.610000610351562,65.01000213623047,1.6399999856948853,-0.77,2.42,0.16,1507216483.0688477,0.16
2021-04-30,1767.300048828125,25.85300064086914,91.27999877929688,4181.169921875,18.610000610351562,63.58000183105469,1.63100004196167,-0.76,2.41,0.16,1035159664.8834229,0.16
2021-05-03,1791.4000244140625,26.94300079345703,90.94999694824219,4192.66015625,18.309999465942383,64.48999786376953,1.6069999933242798,-0.79,2.42,0.16,1512756784.991455,0.16
2021-05-04,1775.800048828125,26.538999557495117,91.29000091552734,4164.66015625,19.479999542236328,65.69000244140625,1.5920000076293945,-0.81,2.42,0.16,1710343510.800171,0.16
2021-05-05,1784.0999755859375,26.50200080871582,91.30999755859375,4167.58984375,19.149999618530273,65.62999725341797,1.5839999914169312,-0.88,2.47,0.16,995256525.4211426,0.16
2021-05-06,1815.5,27.461999893188477,90.94999694824219,4201.6201171875,18.389999389648438,64.70999908447266,1.5609999895095825,-0.87,2.45,0.16,2308411412.8601074,0.16
2021-05-07,1831.0999755859375,27.461999893188477,90.2300033569336,4232.60009765625,16.690000534057617,64.9000015258789,1.5770000219345093,-0.89,2.49,0.14,2530712219.9890137,0.14
2021-05-10,1837.5,27.479000091552734,90.20999908447266,4188.43017578125,19.65999984741211,64.91999816894531,1.6019999980926514,-0.91,2.54,0.16,1424485631.0516357,0.16
2021-05-11,1835.9000244140625,27.656999588012695,90.13999938964844,4152.10009765625,21.84000015258789,65.27999877929688,1.6239999532699585,-0.89,2.53,0.16,1437059142.904663,0.16
2021-05-12,1822.5999755859375,27.231000900268555,90.70999908447266,4063.0400390625,27.59000015258789,66.08000183105469,1.6950000524520874,-0.85,2.54,0.16,2158717416.229248,0.16
2021-05-13,1823.800048828125,27.04400062561035,90.75,4112.5,23.1299991607666,63.81999969482422,1.6679999828338623,-0.85,2.51,0.16,1382439518.4448242,0.16
2021-05-14,1837.9000244140625,27.35300064086914,90.31999969482422,4173.85009765625,18.809999465942383,65.37000274658203,1.6349999904632568,-0.88,2.51,0.16,1672813515.649414,0.16
2021-05-17,1867.5,28.260000228881836,90.22000122070312,4163.2900390625,19.719999313354492,66.2699966430664,1.6399999856948853,-0.9,2.54,0.16,2088852923.5107422,0.16
2021-05-18,1867.800048828125,28.31399917602539,89.75,4127.830078125,21.34000015258789,65.48999786376953,1.6419999599456787,-0.88,2.52,0.16,1276741711.0290527,0.16
2021-05-19,1881.300048828125,28.007999420166016,90.19000244140625,4115.68017578125,22.18000030517578,63.36000061035156,1.6829999685287476,-0.8,2.48,0.16,3633011151.9561768,0.16
2021-05-20,1881.800048828125,28.052000045776367,89.80999755859375,4159.1201171875,20.670000076293945,62.04999923706055,1.6339999437332153,-0.78,2.41,0.15,1724900753.8146973,0.15
2021-05-21,1876.699951171875,27.472999572753906,90.0199966430664,4155.85986328125,20.149999618530273,63.58000183105469,1.6319999694824219,-0.8,2.43,0.17,1351494236.4562988,0.17
2021-05-24,1884.5999755859375,27.886999130249023,89.83000183105469,4197.0498046875,18.399999618530273,66.05000305175781,1.6080000400543213,-0.83,2.44,0.15,980029888.9190674,0.15
2021-05-25,1898.0999755859375,28.03700065612793,89.63999938964844,4188.1298828125,18.84000015258789,66.06999969482422,1.5640000104904175,-0.86,2.42,0.15,1599218827.5741577,0.15
2021-05-26,1901.300048828125,27.85300064086914,90.04000091552734,4195.990234375,17.360000610351562,66.20999908447266,1.5740000009536743,-0.82,2.4,0.14,1509122850.8148193,0.14
2021-05-27,1895.699951171875,27.91900062561035,89.97000122070312,4200.8798828125,16.739999771118164,66.8499984741211,1.6100000143051147,-0.81,2.42,0.14,1420436083.6639404,0.14
2021-05-28,1902.5,27.993000030517578,90.02999877929688,4204.10986328125,16.760000228881836,66.31999969482422,1.5809999704360962,-0.84,2.42,0.14,1777913508.6669922,0.14
2021-06-01,1902.9000244140625,28.08300018310547,89.83000183105469,4202.0400390625,17.899999618530273,67.72000122070312,1.6150000095367432,-0.84,2.46,0.16,1626593014.1937256,0.16
2021-06-02,1907.5,28.18600082397461,89.9000015258789,4208.1201171875,17.479999542236328,68.83000183105469,1.590999960899353,-0.85,2.44,0.13,1182223915.2542114,0.13
2021-06-03,1871.199951171875,27.459999084472656,90.5,4192.85009765625,18.040000915527344,68.80999755859375,1.625,-0.79,2.42,0.16,1779674096.382141,0.16
2021-06-04,1889.800048828125,27.878999710083008,90.13999938964844,4229.89013671875,16.420000076293945,69.62000274658203,1.559999942779541,-0.84,2.4,0.14,1483768178.6712646,0.14
2021-06-07,1896.800048828125,28.000999450683594,89.94999694824219,4226.52001953125,16.420000076293945,69.2300033569336,1.569000005722046,-0.82,2.39,0.16,1371217579.3579102,0.16
2021-06-08,1892.199951171875,27.71500015258789,90.08000183105469,4227.259765625,17.06999969482422,70.05000305175781,1.527999997138977,-0.83,2.36,0.14,1047216499.2553711,0.14
2021-06-09,1893.199951171875,27.985000610351562,90.12000274658203,4219.5498046875,17.889999389648438,69.95999908447266,1.4889999628067017,-0.82,2.32,0.16,1123132750.8865356,0.16
2021-06-10,1894.199951171875,28.014999389648438,90.08000183105469,4239.18017578125,16.100000381469727,70.29000091552734,1.4589999914169312,-0.9,2.35,0.14,1759021738.3636475,0.14
2021-06-11,1877.4000244140625,28.131000518798828,90.55999755859375,4247.43994140625,15.649999618530273,70.91000366210938,1.4620000123977661,-0.85,2.32,0.16,1377256849.0493774,0.16
2021-06-14,1864.0,28.02400016784668,90.5199966430664,4255.14990234375,16.389999389648438,70.87999725341797,1.5010000467300415,-0.85,2.36,0.16,1351137307.9223633,0.16
2021-06-15,1854.5,27.679000854492188,90.54000091552734,4246.58984375,17.020000457763672,72.12000274658203,1.4989999532699585,-0.87,2.38,0.16,1314112333.0413818,0.16
2021-06-16,1859.5,27.799999237060547,91.12999725341797,4223.7001953125,18.149999618530273,72.1500015258789,1.569000005722046,-0.75,2.32,0.21,2895129877.3269653,0.21
2021-06-17,1773.800048828125,25.8439998626709,91.88999938964844,4221.85986328125,17.75,71.04000091552734,1.5110000371932983,-0.75,2.27,0.23,4516460536.212158,0.23
2021-06-18,1767.9000244140625,25.95800018310547,92.2300033569336,4166.4501953125,20.700000762939453,71.63999938964844,1.4500000476837158,-0.79,2.24,0.26,2596707283.6853027,0.26
2021-06-21,1781.800048828125,26.014999389648438,91.86000061035156,4224.7900390625,17.889999389648438,73.66000366210938,1.4839999675750732,-0.75,2.25,0.27,1397538424.4537354,0.27
2021-06-22,1776.300048828125,25.847999572753906,91.7300033569336,4246.43994140625,16.65999984741211,73.05999755859375,1.472000002861023,-0.83,2.31,0.25,1200973375.0,0.25
2021-06-23,1782.300048828125,26.107999801635742,91.80000305175781,4241.83984375,16.31999969482422,73.08000183105469,1.4869999885559082,-0.84,2.34,0.26,1407920196.8276978,0.26
2021-06-24,1775.5999755859375,26.047000885009766,91.81999969482422,4266.490234375,15.970000267028809,73.30000305175781,1.4869999885559082,-0.81,2.3,0.26,1146240489.6514893,0.26
2021-06-25,1776.5999755859375,26.082000732421875,91.80999755859375,4280.7001953125,15.619999885559082,74.05000305175781,1.5360000133514404,-0.8,2.34,0.28,1245043655.6304932,0.28
2021-06-28,1779.5999755859375,26.218000411987305,91.87999725341797,4290.60986328125,15.760000228881836,72.91000366210938,1.4780000448226929,-0.84,2.33,0.25,1084252573.9181519,0.25
2021-06-29,1762.800048828125,25.871999740600586,92.05000305175781,4291.7998046875,16.020000457763672,72.9800033569336,1.4800000190734863,-0.83,2.32,0.27,1228214275.643921,0.27
2021-06-30,1770.800048828125,26.165000915527344,92.44000244140625,4297.5,15.829999923706055,73.47000122070312,1.4429999589920044,-0.87,2.32,0.25,1317719192.8466797,0.25
2021-07-01,1775.9000244140625,26.075000762939453,92.5999984741211,4319.93994140625,15.479999542236328,75.2300033569336,1.4800000190734863,-0.87,2.35,0.25,1234949077.3239136,0.25
2021-07-02,1782.5999755859375,26.481000900268555,92.2300033569336,4352.33984375,15.069999694824219,75.16000366210938,1.430999994277954,-0.89,2.33,0.24,1317174491.1376953,0.24
2021-07-06,1793.5,26.15399932861328,92.55000305175781,4343.5400390625,16.440000534057617,73.37000274658203,1.3700000047683716,-0.94,2.31,0.22,1333544613.269043,0.22
2021-07-07,1801.5,26.110000610351562,92.63999938964844,4358.1298828125,16.200000762939453,72.19999694824219,1.3209999799728394,-0.95,2.28,0.22,1199697924.949646,0.22
2021-07-08,1799.5999755859375,25.966999053955078,92.36000061035156,4320.81982421875,19.0,72.94000244140625,1.2879999876022339,-0.92,2.22,0.19,1221751150.7843018,0.19
2021-07-09,1810.0,26.211000442504883,92.12999725341797,4369.5498046875,16.18000030517578,74.55999755859375,1.3559999465942383,-0.91,2.28,0.23,845610087.5518799,0.23
2021-07-12,1805.5,26.216999053955078,92.2300033569336,4384.6298828125,16.170000076293945,74.0999984741211,1.3630000352859497,-0.95,2.33,0.23,1236302600.0,0.23
2021-07-13,1809.4000244140625,26.114999771118164,92.75,4369.2099609375,17.1200008392334,75.25,1.4149999618530273,-0.94,2.36,0.26,1191359574.5941162,0.26
2021-07-14,1824.300048828125,26.246000289916992,92.41000366210938,4374.2998046875,16.329999923706055,73.12999725341797,1.3559999465942383,-0.97,2.34,0.23,1510334452.7145386,0.23
2021-07-15,1828.4000244140625,26.375,92.62000274658203,4360.02978515625,17.010000228881836,71.6500015258789,1.2970000505447388,-1.01,2.32,0.23,1115393554.7546387,0.23
2021-07-16,1814.5,25.777000427246094,92.69000244140625,4327.16015625,18.450000762939453,71.80999755859375,1.2999999523162842,-1.02,2.33,0.25,1602669457.6446533,0.25
2021-07-19,1808.699951171875,25.125999450683594,92.88999938964844,4258.490234375,22.5,66.41999816894531,1.180999994277954,-1.05,2.24,0.21,1137642118.093872,0.21
2021-07-20,1810.9000244140625,24.976999282836914,92.97000122070312,4323.06005859375,19.729999542236328,67.41999816894531,1.2089999914169312,-1.03,2.26,0.2,1107827535.0082397,0.2
2021-07-21,1802.9000244140625,25.238000869750977,92.75,4358.68994140625,17.90999984741211,70.30000305175781,1.2799999713897705,-0.98,2.28,0.22,780109950.6072998,0.22
2021-07-22,1805.0,25.364999771118164,92.81999969482422,4367.47998046875,17.690000534057617,71.91000366210938,1.2649999856948853,-1.01,2.28,0.2,810549806.4453125,0.2
2021-07-23,1801.4000244140625,25.218000411987305,92.91000366210938,4411.7900390625,17.200000762939453,72.06999969482422,1.2860000133514404,-1.05,2.35,0.22,982957625.7629395,0.22
2021-07-26,1798.699951171875,25.295000076293945,92.6500015258789,4422.2998046875,17.579999923706055,71.91000366210938,1.2760000228881836,-1.11,2.4,0.22,879443187.1520996,0.22
2021-07-27,1799.5,24.631999969482422,92.43000030517578,4401.4599609375,19.360000610351562,71.6500015258789,1.2339999675750732,-1.13,2.38,0.2,1061205703.3813477,0.2
2021-07-28,1799.5,24.856000900268555,92.31999969482422,4400.64013671875,18.309999465942383,72.38999938964844,1.2610000371932983,-1.15,2.41,0.2,1338372828.9215088,0.2
2021-07-29,1831.199951171875,25.763999938964844,91.86000061035156,4419.14990234375,17.700000762939453,73.62000274658203,1.2690000534057617,-1.15,2.43,0.2,1389831917.1325684,0.2
2021-07-30,1812.5999755859375,25.527999877929688,92.16999816894531,4395.259765625,18.239999771118164,73.94999694824219,1.2389999628067017,-1.16,2.4,0.19,1255258548.1384277,0.19
2021-08-02,1818.0999755859375,25.55699920654297,92.05000305175781,4387.16015625,19.459999084472656,71.26000213623047,1.1740000247955322,-1.17,2.37,0.17,1828938558.581543,0.17
2021-08-03,1810.0999755859375,25.56599998474121,92.08000183105469,4423.14990234375,18.040000915527344,70.55999755859375,1.1759999990463257,-1.19,2.38,0.17,915635856.6757202,0.17
2021-08-04,1810.5,25.445999145507812,92.2699966430664,4402.66015625,17.969999313354492,68.1500015258789,1.184000015258789,-1.16,2.35,0.17,1660766727.041626,0.17
2021-08-05,1805.0999755859375,25.277000427246094,92.23999786376953,4429.10009765625,17.280000686645508,69.08999633789062,1.2170000076293945,-1.1,2.33,0.21,1353412904.8919678,0.21
2021-08-06,1760.0,24.312000274658203,92.80000305175781,4436.52001953125,16.149999618530273,68.27999877929688,1.2899999618530273,-1.06,2.37,0.21,2230476855.731201,0.21
2021-08-09,1723.4000244140625,23.2549991607666,92.94999694824219,4432.35009765625,16.719999313354492,66.4800033569336,1.3170000314712524,-1.04,2.37,0.23,1867380854.095459,0.23
2021-08-10,1728.800048828125,23.37700080871582,93.05999755859375,4436.75,16.790000915527344,68.29000091552734,1.3420000076293945,-1.04,2.4,0.24,1111489345.3552246,0.24
2021-08-11,1750.4000244140625,23.474000930786133,92.91000366210938,4442.41015625,16.170000076293945,69.25,1.3289999961853027,-1.07,2.42,0.23,1210713600.0,0.23
2021-08-12,1749.0,23.104999542236328,93.04000091552734,4460.830078125,15.59000015258789,69.08999633789062,1.3669999837875366,-1.05,2.41,0.23,854927233.0093384,0.23
2021-08-13,1775.199951171875,23.76799964904785,92.5199966430664,4468.0,15.449999809265137,68.44000244140625,1.2970000505447388,-1.08,2.37,0.23,1242417486.442566,0.23
2021-08-16,1786.9000244140625,23.780000686645508,92.62999725341797,4479.7099609375,16.1200008392334,67.29000091552734,1.2569999694824219,-1.1,2.36,0.21,1300386339.4927979,0.21
2021-08-17,1785.0,23.648000717163086,93.12999725341797,4448.080078125,17.90999984741211,66.58999633789062,1.2580000162124634,-1.07,2.33,0.23,1186655798.675537,0.23
2021-08-18,1781.5999755859375,23.41200065612793,93.13999938964844,4400.27001953125,21.56999969482422,65.45999908447266,1.2730000019073486,-1.05,2.32,0.23,1286319136.984253,0.23
2021-08-19,1780.199951171875,23.219999313354492,93.56999969482422,4405.7998046875,21.670000076293945,63.689998626708984,1.2419999837875366,-1.04,2.28,0.22,1155323727.2323608,0.22
2021-08-20,1781.0,23.104999542236328,93.5,4441.669921875,18.559999465942383,62.31999969482422,1.2599999904632568,-1.01,2.27,0.23,1192571778.1677246,0.23
2021-08-23,1803.199951171875,23.64900016784668,92.95999908447266,4479.52978515625,17.149999618530273,65.63999938964844,1.2549999952316284,-1.02,2.27,0.23,1381983030.0064087,0.23
2021-08-24,1805.5999755859375,23.889999389648438,92.88999938964844,4486.22998046875,17.219999313354492,67.54000091552734,1.2899999618530273,-1.01,2.3,0.24,762163052.4169922,0.24
2021-08-25,1788.199951171875,23.770999908447266,92.83000183105469,4496.18994140625,16.790000915527344,68.36000061035156,1.3420000076293945,-1.0,2.35,0.23,936012200.1220703,0.23
2021-08-26,1792.199951171875,23.54599952697754,93.05999755859375,4470.0,18.84000015258789,67.41999816894531,1.3420000076293945,-0.99,2.33,0.25,733036464.994812,0.25
2021-08-27,1816.5999755859375,24.059999465942383,92.69000244140625,4509.3701171875,16.389999389648438,68.73999786376953,1.312000036239624,-1.08,2.39,0.22,1708094940.5029297,0.22
2021-08-30,1809.0,23.959999084472656,92.6500015258789,4528.7900390625,16.190000534057617,69.20999908447266,1.284999966621399,-1.08,2.37,0.2,638212433.001709,0.2
2021-08-31,1815.0,23.959999084472656,92.62999725341797,4522.68017578125,16.479999542236328,68.5,1.3040000200271606,-1.03,2.33,0.2,1075155855.46875,0.2
2021-09-01,1813.0999755859375,24.177000045776367,92.44999694824219,4524.08984375,16.110000610351562,68.58999633789062,1.3020000457763672,-1.03,2.34,0.2,808603515.4586792,0.2
2021-09-02,1808.699951171875,23.875,92.2300033569336,4536.9501953125,16.40999984741211,69.98999786376953,1.2940000295639038,-1.03,2.32,0.2,778516150.0,0.2
2021-09-03,1830.9000244140625,24.761999130249023,92.04000091552734,4535.43017578125,16.40999984741211,69.29000091552734,1.3220000267028809,-1.01,2.34,0.21,1428915477.6062012,0.21
2021-09-07,1795.9000244140625,24.333999633789062,92.5199966430664,4520.02978515625,18.139999389648438,68.3499984741211,1.3700000047683716,-0.98,2.36,0.22,1677871533.1695557,0.22
2021-09-08,1790.699951171875,24.011999130249023,92.6500015258789,4514.06982421875,17.959999084472656,69.30000305175781,1.3339999914169312,-1.03,2.38,0.22,1100098995.8496094,0.22
2021-09-09,1797.4000244140625,24.132999420166016,92.4800033569336,4493.27978515625,18.799999237060547,68.13999938964844,1.2990000247955322,-1.08,2.38,0.23,1115954433.8928223,0.23
2021-09-10,1789.5999755859375,23.854999542236328,92.58000183105469,4458.580078125,20.950000762939453,69.72000122070312,1.340999960899353,-1.05,2.4,0.23,1241528779.6081543,0.23
2021-09-13,1792.0,23.753000259399414,92.62000274658203,4468.72998046875,19.3700008392334,70.44999694824219,1.3240000009536743,-1.04,2.37,0.21,918259112.071228,0.21
2021-09-14,1804.699951171875,23.841999053955078,92.6500015258789,4443.0498046875,19.459999084472656,70.45999908447266,1.2769999504089355,-1.05,2.33,0.21,1337544036.0290527,0.21
2021-09-15,1792.4000244140625,23.759000778198242,92.48999786376953,4480.7001953125,18.18000030517578,72.61000061035156,1.3040000200271606,-1.04,2.35,0.21,944026977.2994995,0.21
2021-09-16,1754.5999755859375,22.75200080871582,92.86000061035156,4473.75,18.690000534057617,72.61000061035156,1.3309999704360962,-1.01,2.35,0.23,1932338997.619629,0.23
2021-09-17,1749.4000244140625,22.295000076293945,93.19999694824219,4432.990234375,20.809999465942383,71.97000122070312,1.3700000047683716,-0.96,2.33,0.23,1370705804.7592163,0.23
2021-09-20,1761.800048828125,22.163000106811523,93.23999786376953,4357.72998046875,25.709999084472656,70.29000091552734,1.309000015258789,-0.98,2.29,0.23,1248035022.4731445,0.23
2021-09-21,1776.0,22.572999954223633,93.19999694824219,4354.18994140625,24.360000610351562,70.55999755859375,1.3240000009536743,-0.96,2.29,0.22,1192416211.7843628,0.22
2021-09-22,1776.699951171875,22.868999481201172,93.45999908447266,4395.64013671875,20.8700008392334,72.2300033569336,1.3359999656677246,-0.96,2.28,0.25,1617443658.0963135,0.25
2021-09-23,1747.699951171875,22.642000198364258,93.0999984741211,4448.97998046875,18.6299991607666,73.30000305175781,1.409999966621399,-0.9,2.31,0.27,1381970122.5723267,0.27
2021-09-24,1749.699951171875,22.38800048828125,93.33000183105469,4455.47998046875,17.75,73.9800033569336,1.4600000381469727,-0.87,2.34,0.29,1132893771.1715698,0.29
2021-09-27,1750.0,22.656999588012695,93.37999725341797,4443.10986328125,18.760000228881836,75.44999694824219,1.4839999675750732,-0.87,2.35,0.31,808872516.9830322,0.31
2021-09-28,1735.800048828125,22.43000030517578,93.7699966430664,4352.6298828125,23.25,75.29000091552734,1.534000039100647,-0.84,2.38,0.31,1504277768.3288574,0.31
2021-09-29,1721.5,21.458999633789062,94.33999633789062,4359.4599609375,22.559999465942383,74.83000183105469,1.5410000085830688,-0.82,2.37,0.3,1348748185.2355957,0.3
2021-09-30,1755.300048828125,22.020999908447266,94.25,4307.5400390625,23.139999389648438,75.02999877929688,1.5290000438690186,-0.85,2.37,0.28,1736281650.906372,0.28
2021-10-01,1757.0,22.510000228881836,94.04000091552734,4357.0400390625,21.100000381469727,75.87999725341797,1.4789999723434448,-0.9,2.38,0.27,1095297048.6297607,0.27
2021-10-04,1766.199951171875,22.618000030517578,93.80999755859375,4300.4599609375,22.959999084472656,77.62000274658203,1.4809999465942383,-0.89,2.38,0.27,1265285116.670227,0.27
2021-10-05,1759.5999755859375,22.582000732421875,93.9800033569336,4345.72021484375,21.299999237060547,78.93000030517578,1.5290000438690186,-0.91,2.45,0.28,924551386.428833,0.28
2021-10-06,1760.5,22.506000518798828,94.2699966430664,4363.5498046875,21.0,77.43000030517578,1.5240000486373901,-0.9,2.43,0.3,1001270008.59375,0.3
2021-10-07,1757.9000244140625,22.631999969482422,94.22000122070312,4399.759765625,19.540000915527344,78.30000305175781,1.5709999799728394,-0.88,2.46,0.32,786572657.5469971,0.32
2021-10-08,1756.300048828125,22.679000854492188,94.06999969482422,4391.33984375,18.770000457763672,79.3499984741211,1.6050000190734863,-0.89,2.5,0.32,1401883666.5298462,0.32
2021-10-11,1754.5999755859375,22.639999389648438,94.31999969482422,4361.18994140625,20.0,80.5199966430664,1.6139999628067017,-0.89,2.5,0.32,626190785.005188,0.32
2021-10-12,1758.300048828125,22.490999221801758,94.5199966430664,4350.64990234375,19.850000381469727,80.63999938964844,1.5800000429153442,-0.9,2.49,0.35,897890999.9694824,0.35
2021-10-13,1793.699951171875,23.14900016784668,94.08000183105469,4363.7998046875,18.639999389648438,80.44000244140625,1.5490000247955322,-0.96,2.52,0.37,1862561701.3000488,0.37
2021-10-14,1796.699951171875,23.45599937438965,93.95999908447266,4438.259765625,16.860000610351562,81.30999755859375,1.5190000534057617,-1.0,2.52,0.36,853675200.0,0.36
2021-10-15,1767.199951171875,23.327999114990234,93.94000244140625,4471.3701171875,16.299999237060547,82.27999877929688,1.5759999752044678,-0.97,2.56,0.41,1438238751.928711,0.41
2021-10-18,1764.800048828125,23.243000030517578,93.94999694824219,4486.4599609375,16.309999465942383,82.44000244140625,1.5839999914169312,-0.95,2.54,0.44,664561624.621582,0.44
2021-10-19,1769.699951171875,23.86199951171875,93.79000091552734,4519.6298828125,15.699999809265137,82.95999908447266,1.6349999904632568,-0.89,2.54,0.41,1090067304.8934937,0.41
2021-10-20,1784.0999755859375,24.423999786376953,93.55999755859375,4536.18994140625,15.489999771118164,83.87000274658203,1.6360000371932983,-0.92,2.57,0.4,838171769.3481445,0.4
2021-10-21,1781.199951171875,24.149999618530273,93.7699966430664,4549.77978515625,15.010000228881836,82.5,1.6759999990463257,-0.96,2.64,0.45,735767700.0,0.45
2021-10-22,1795.5,24.429000854492188,93.61000061035156,4544.89990234375,15.430000305175781,83.76000213623047,1.6549999713897705,-0.98,2.64,0.48,1795793348.7319946,0.48
2021-10-25,1806.0,24.57200050354004,93.80999755859375,4566.47998046875,15.239999771118164,83.76000213623047,1.6349999904632568,-1.02,2.66,0.47,824597973.248291,0.47
2021-10-26,1792.699951171875,24.086000442504883,93.94999694824219,4574.7900390625,15.979999542236328,84.6500015258789,1.61899995803833,-1.06,2.69,0.47,1116564303.2287598,0.47
2021-10-27,1797.9000244140625,24.18899917602539,93.86000061035156,4551.68017578125,16.979999542236328,82.66000366210938,1.5290000438690186,-1.11,2.65,0.5,978979543.5668945,0.5
2021-10-28,1801.5999755859375,24.117000579833984,93.3499984741211,4596.419921875,16.530000686645508,82.80999755859375,1.5679999589920044,-1.0,2.57,0.5,1176677668.8186646,0.5
2021-10-29,1783.0,23.94499969482422,94.12000274658203,4605.3798828125,16.260000228881836,83.56999969482422,1.5570000410079956,-0.96,2.51,0.48,1255191089.0289307,0.48
2021-11-01,1795.0999755859375,24.06399917602539,93.87999725341797,4613.669921875,16.40999984741211,84.05000305175781,1.5750000476837158,-0.92,2.5,0.5,833512533.2580566,0.5
2021-11-02,1788.699951171875,23.5,94.08999633789062,4630.64990234375,16.030000686645508,83.91000366210938,1.5490000247955322,-0.95,2.51,0.46,628638625.7720947,0.46
2021-11-03,1763.5999755859375,23.22599983215332,93.86000061035156,4660.56982421875,15.100000381469727,80.86000061035156,1.5789999961853027,-0.93,2.53,0.47,1501080542.6879883,0.47
2021-11-04,1793.0,23.9060001373291,94.3499984741211,4680.06005859375,15.4399995803833,78.80999755859375,1.5240000486373901,-1.03,2.56,0.41,1115895124.3743896,0.41
2021-11-05,1816.4000244140625,24.152000427246094,94.31999969482422,4697.52978515625,16.479999542236328,81.2699966430664,1.4529999494552612,-1.09,2.54,0.39,1591213941.6900635,0.39
2021-11-08,1827.4000244140625,24.53700065612793,94.05000305175781,4701.7001953125,17.219999313354492,81.93000030517578,1.496999979019165,-1.11,2.62,0.45,846471729.8446655,0.45
2021-11-09,1830.199951171875,24.312999725341797,93.95999908447266,4685.25,17.780000686645508,84.1500015258789,1.4320000410079956,-1.17,2.63,0.41,990261709.185791,0.41
2021-11-10,1847.5999755859375,24.767000198364258,94.8499984741211,4646.7099609375,18.729999542236328,81.33999633789062,1.559999942779541,-1.14,2.7,0.51,1984610600.0427246,0.51
2021-11-11,1863.199951171875,25.301000595092773,95.18000030517578,4649.27001953125,17.65999984741211,81.58999633789062,1.559999942779541,-1.14,2.7,0.51,1037685522.9003906,0.51
2021-11-12,1867.9000244140625,25.3439998626709,95.12999725341797,4682.85009765625,16.290000915527344,80.79000091552734,1.5820000171661377,-1.15,2.73,0.53,1377247835.9069824,0.53
2021-11-15,1866.0999755859375,25.10700035095215,95.41000366210938,4682.7998046875,16.489999771118164,80.87999725341797,1.6230000257492065,-1.13,2.76,0.53,980772702.7587891,0.53
2021-11-16,1853.5999755859375,24.944000244140625,95.91999816894531,4700.89990234375,16.3700008392334,80.76000213623047,1.6339999437332153,-1.1,2.73,0.54,1498749500.1296997,0.54
2021-11-17,1869.699951171875,25.16699981689453,95.83000183105469,4688.669921875,17.110000610351562,78.36000061035156,1.6039999723434448,-1.1,2.7,0.52,1138280950.0,0.52
2021-11-18,1861.0,24.900999069213867,95.54000091552734,4704.5400390625,17.59000015258789,79.01000213623047,1.5889999866485596,-1.14,2.73,0.52,1087472895.2636719,0.52
2021-11-19,1851.199951171875,24.780000686645508,96.06999969482422,4697.9599609375,17.90999984741211,76.0999984741211,1.5360000133514404,-1.11,2.65,0.52,1516482421.3623047,0.52
2021-11-22,1806.0,24.297000885009766,96.5,4682.93994140625,19.170000076293945,76.75,1.625,-0.98,2.61,0.63,2209127277.9159546,0.63
2021-11-23,1783.5,23.434999465942383,96.48999786376953,4690.7001953125,19.3799991607666,78.5,1.6670000553131104,-0.95,2.62,0.6,1346235974.1760254,0.6
2021-11-24,1784.0999755859375,23.496000289916992,96.83999633789062,4701.4599609375,18.579999923706055,78.38999938964844,1.6449999809265137,-0.97,2.61,0.64,895679613.8305664,0.64
2021-11-26,1785.300048828125,23.10700035095215,96.08999633789062,4594.6201171875,28.6200008392334,68.1500015258789,1.4819999933242798,-1.07,2.55,0.5,1602627678.6254883,0.5
2021-11-29,1782.300048828125,22.798999786376953,96.33999633789062,4655.27001953125,22.959999084472656,69.94999694824219,1.5299999713897705,-1.02,2.54,0.51,1232138201.8920898,0.51
2021-11-30,1773.5999755859375,22.764999389648438,95.98999786376953,4567.0,27.190000534057617,66.18000030517578,1.4429999589920044,-1.07,2.5,0.52,2139137150.0,0.52
2021-12-01,1781.5999755859375,22.298999786376953,96.05000305175781,4513.0400390625,31.1200008392334,65.56999969482422,1.434000015258789,-1.01,2.44,0.56,1297477004.5959473,0.56
2021-12-02,1760.699951171875,22.280000686645508,96.12999725341797,4577.10009765625,27.950000762939453,66.5,1.4479999542236328,-1.03,2.47,0.63,1586981536.756897,0.63
2021-12-03,1782.0,22.44499969482422,96.12000274658203,4538.43017578125,30.670000076293945,66.26000213623047,1.343000054359436,-1.08,2.43,0.6,1584301423.425293,0.6
2021-12-06,1777.5,22.22800064086914,96.29000091552734,4591.669921875,27.18000030517578,69.48999786376953,1.434000015258789,-1.01,2.44,0.65,800116597.8759766,0.65
2021-12-07,1782.5999755859375,22.48699951171875,96.37000274658203,4686.75,21.889999389648438,72.05000305175781,1.4800000190734863,-0.99,2.47,0.7,817485755.0354004,0.7
2021-12-08,1783.4000244140625,22.389999389648438,95.88999938964844,4701.2099609375,19.899999618530273,72.36000061035156,1.5089999437332153,-1.0,2.52,0.68,715817383.8226318,0.68
2021-12-09,1774.5999755859375,21.974000930786133,96.2699966430664,4667.4501953125,21.579999923706055,70.94000244140625,1.4869999885559082,-0.98,2.47,0.7,815101167.9931641,0.7
2021-12-10,1782.9000244140625,22.15999984741211,96.05000305175781,4712.02001953125,18.690000534057617,71.66999816894531,1.4889999628067017,-0.96,2.44,0.67,1074540959.8114014,0.67
2021-12-13,1786.300048828125,22.290000915527344,96.31999969482422,4668.97021484375,20.309999465942383,71.29000091552734,1.4240000247955322,-0.98,2.4,0.66,1103986900.0,0.66
2021-12-14,1770.4000244140625,21.886999130249023,96.56999969482422,4634.08984375,21.889999389648438,70.7300033569336,1.437999963760376,-0.93,2.37,0.67,1429054197.088623,0.67
2021-12-15,1762.5999755859375,21.507999420166016,96.51000213623047,4709.85009765625,19.290000915527344,70.87000274658203,1.4630000591278076,-0.92,2.39,0.69,2364513793.1396484,0.69
2021-12-16,1796.5999755859375,22.454999923706055,96.04000091552734,4668.669921875,20.56999969482422,72.37999725341797,1.4220000505447388,-0.98,2.42,0.64,1881071432.965088,0.64
2021-12-17,1803.800048828125,22.506999969482422,96.56999969482422,4620.64013671875,21.56999969482422,70.86000061035156,1.4019999504089355,-0.97,2.38,0.66,1653987850.0808716,0.66
2021-12-20,1793.699951171875,22.274999618530273,96.55000305175781,4568.02001953125,22.8700008392334,68.2300033569336,1.4190000295639038,-0.96,2.39,0.65,1165118544.4641113,0.65
2021-12-21,1787.9000244140625,22.50200080871582,96.48999786376953,4649.22998046875,21.010000228881836,71.12000274658203,1.4869999885559082,-0.96,2.44,0.7,759690489.4332886,0.7
2021-12-22,1801.5999755859375,22.79199981689453,96.08000183105469,4696.56005859375,18.6299991607666,72.76000213623047,1.4570000171661377,-1.01,2.47,0.68,787804193.8873291,0.68
2021-12-23,1811.199951171875,22.930999755859375,96.0199966430664,4725.7900390625,17.959999084472656,73.79000091552734,1.4930000305175781,-0.97,2.47,0.71,768999372.555542,0.71
2021-12-27,1808.0999755859375,22.979000091552734,96.08999633789062,4791.18994140625,17.68000030517578,75.56999969482422,1.4809999465942383,-1.02,2.5,0.76,806251987.7563477,0.76
2021-12-28,1810.199951171875,23.111000061035156,96.19999694824219,4786.35009765625,17.540000915527344,75.9800033569336,1.4809999465942383,-1.01,2.5,0.74,765946013.2278442,0.74
2021-12-29,1805.0999755859375,22.847999572753906,95.93000030517578,4793.06005859375,16.950000762939453,76.55999755859375,1.5429999828338623,-0.98,2.53,0.75,992944501.4312744,0.75
2021-12-30,1812.699951171875,23.027999877929688,95.97000122070312,4778.72998046875,17.329999923706055,76.98999786376953,1.5149999856948853,-1.06,2.58,0.73,921385756.5597534,0.73
2021-12-31,1827.5,23.327999114990234,95.66999816894531,4766.18017578125,17.219999313354492,75.20999908447266,1.5119999647140503,-1.04,2.56,0.73,1203438775.2609253,0.73
2022-01-03,1799.4000244140625,22.790000915527344,96.23999786376953,4796.56005859375,16.600000381469727,76.08000183105469,1.628000020980835,-0.97,2.6,0.78,1517393968.5058594,0.78
2022-01-04,1814.0,23.038000106811523,96.29000091552734,4793.5400390625,16.90999984741211,76.98999786376953,1.6679999828338623,-0.91,2.57,0.77,1181156843.0175781,0.77
2022-01-05,1824.5999755859375,23.149999618530273,96.19000244140625,4700.580078125,19.729999542236328,77.8499984741211,1.7050000429153442,-0.82,2.53,0.83,1473459314.7216797,0.83
2022-01-06,1788.699951171875,22.173999786376953,96.25,4696.0498046875,19.610000610351562,79.45999908447266,1.7330000400543213,-0.73,2.46,0.88,1820641932.8903198,0.88
2022-01-07,1797.0,22.393999099731445,95.73999786376953,4677.02978515625,18.760000228881836,78.9000015258789,1.7710000276565552,-0.72,2.48,0.87,1374191225.0,0.87
2022-01-10,1798.4000244140625,22.445999145507812,95.98999786376953,4670.2900390625,19.399999618530273,78.2300033569336,1.7799999713897705,-0.7,2.48,0.92,1182278851.4022827,0.92
2022-01-11,1818.5999755859375,22.805999755859375,95.62000274658203,4713.06982421875,18.40999984741211,81.22000122070312,1.746000051498413,-0.79,2.54,0.9,1425156953.8116455,0.9
2022-01-12,1827.199951171875,23.200000762939453,95.0,4726.35009765625,17.6200008392334,82.63999938964844,1.725000023841858,-0.74,2.48,0.92,1072366752.5009155,0.92
2022-01-13,1821.199951171875,23.155000686645508,94.79000091552734,4659.02978515625,20.309999465942383,82.12000274658203,1.7109999656677246,-0.73,2.43,0.91,1196939497.7600098,0.91
2022-01-14,1816.5,22.910999298095703,95.16999816894531,4662.85009765625,19.190000534057617,83.81999969482422,1.7719999551773071,-0.66,2.44,0.99,1334607238.597107,0.99
2022-01-18,1812.300048828125,23.48699951171875,95.7300033569336,4577.10986328125,22.790000915527344,85.43000030517578,1.8650000095367432,-0.59,2.46,1.06,1579189086.3098145,1.06
2022-01-19,1843.0999755859375,24.22599983215332,95.51000213623047,4532.759765625,23.850000381469727,86.95999908447266,1.8270000219345093,-0.57,2.4,1.04,2716196788.9022827,1.04
2022-01-20,1842.5,24.711000442504883,95.73999786376953,4482.72998046875,25.59000015258789,86.9000015258789,1.8329999446868896,-0.5,2.33,1.08,1642776266.5863037,1.08
2022-01-21,1831.800048828125,24.31399917602539,95.63999938964844,4397.93994140625,28.850000381469727,85.13999938964844,1.746999979019165,-0.59,2.34,1.01,1878995884.7808838,1.01
2022-01-24,1841.699951171875,23.795000076293945,95.91999816894531,4410.1298828125,29.899999618530273,83.30999755859375,1.7350000143051147,-0.63,2.38,0.99,2705636211.8011475,0.99
2022-01-25,1852.699951171875,23.895999908447266,95.94999694824219,4356.4501953125,31.15999984741211,85.5999984741211,1.7829999923706055,-0.63,2.41,1.02,2999802849.8275757,1.02
2022-01-26,1829.9000244140625,23.80699920654297,96.48999786376953,4349.93017578125,31.959999084472656,87.3499984741211,1.8480000495910645,-0.53,2.38,1.13,3022160006.4971924,1.13
2022-01-27,1793.300048828125,22.67300033569336,97.26000213623047,4326.509765625,30.489999771118164,86.61000061035156,1.8070000410079956,-0.59,2.4,1.18,2659359576.8463135,1.18
2022-01-28,1784.9000244140625,22.302000045776367,97.2699966430664,4431.85009765625,27.65999984741211,86.81999969482422,1.781999945640564,-0.66,2.44,1.15,1634655809.7076416,1.15
2022-01-31,1795.0,22.395000457763672,96.54000091552734,4515.5498046875,24.829999923706055,88.1500015258789,1.781999945640564,-0.65,2.44,1.18,1435370905.7281494,1.18
2022-02-01,1800.300048828125,22.59600067138672,96.38999938964844,4546.5400390625,21.959999084472656,88.19999694824219,1.7999999523162842,-0.62,2.43,1.18,1642580855.2841187,1.18
2022-02-02,1809.199951171875,22.711000442504883,95.94000244140625,4589.3798828125,22.09000015258789,88.26000213623047,1.7660000324249268,-0.63,2.41,1.16,1533962018.7286377,1.16
2022-02-03,1803.0,22.375,95.37999725341797,4477.43994140625,24.350000381469727,90.2699966430664,1.8270000219345093,-0.56,2.38,1.19,1795724945.0073242,1.19
2022-02-04,1806.5999755859375,22.475000381469727,95.4800033569336,4500.52978515625,23.219999313354492,92.30999755859375,1.9299999475479126,-0.48,2.41,1.31,1624365661.871338,1.31
2022-02-07,1820.5999755859375,23.076000213623047,95.4000015258789,4483.8701171875,22.860000610351562,91.31999969482422,1.9160000085830688,-0.48,2.4,1.3,1326330663.75885,1.3
2022-02-08,1826.5999755859375,23.19499969482422,95.63999938964844,4521.5400390625,21.440000534057617,89.36000061035156,1.9539999961853027,-0.46,2.42,1.35,989995288.3300781,1.35
2022-02-09,1835.199951171875,23.336000442504883,95.48999786376953,4587.18017578125,19.959999084472656,89.66000366210938,1.9290000200271606,-0.48,2.42,1.36,1370159441.7297363,1.36
2022-02-10,1836.199951171875,23.518999099731445,95.55000305175781,4504.080078125,23.90999984741211,89.87999725341797,2.0309998989105225,-0.42,2.45,1.61,1823883333.8928223,1.61
2022-02-11,1840.800048828125,23.365999221801758,96.08000183105469,4418.64013671875,27.360000610351562,93.0999984741211,1.9550000429153442,-0.51,2.43,1.5,4474130052.154541,1.5
2022-02-14,1868.0,23.844999313354492,96.37000274658203,4401.669921875,28.329999923706055,95.45999908447266,1.996000051498413,-0.5,2.48,1.58,2385323392.9855347,1.58
2022-02-15,1854.800048828125,23.33799934387207,95.98999786376953,4471.06982421875,25.700000762939453,92.06999969482422,2.0450000762939453,-0.43,2.48,1.58,2181431111.077881,1.58
2022-02-16,1870.199951171875,23.60099983215332,95.69999694824219,4475.009765625,24.290000915527344,93.66000366210938,2.046999931335449,-0.43,2.46,1.52,2233329413.795471,1.52
2022-02-17,1900.699951171875,23.874000549316406,95.80000305175781,4380.259765625,28.110000610351562,91.76000213623047,1.972000002861023,-0.46,2.43,1.49,3299065625.0,1.49
2022-02-18,1898.5999755859375,23.990999221801758,96.04000091552734,4348.8701171875,27.75,91.06999969482422,1.9320000410079956,-0.49,2.41,1.47,2260175121.6918945,1.47
2022-02-22,1906.0999755859375,24.31100082397461,96.02999877929688,4304.759765625,28.809999465942383,92.3499984741211,1.9479999542236328,-0.51,2.45,1.56,2655339227.180481,1.56
2022-02-23,1909.199951171875,24.55500030517578,96.19000244140625,4225.5,31.020000457763672,92.0999984741211,1.9769999980926514,-0.54,2.53,1.58,2098865458.9630127,1.58
2022-02-24,1925.0999755859375,24.68600082397461,97.13999938964844,4288.7001953125,30.31999969482422,92.80999755859375,1.968999981880188,-0.59,2.55,1.54,5797083620.025635,1.54
2022-02-25,1886.5,23.996999740600586,96.62000274658203,4384.64990234375,27.59000015258789,91.58999633789062,1.9859999418258667,-0.57,2.54,1.55,2035780430.1895142,1.55
2022-02-28,1899.4000244140625,24.361000061035156,96.70999908447266,4373.93994140625,30.149999618530273,95.72000122070312,1.8389999866485596,-0.79,2.62,1.44,2864033682.397461,1.44
2022-03-01,1942.4000244140625,25.534000396728516,97.41000366210938,4306.259765625,33.31999969482422,103.41000366210938,1.7070000171661377,-0.9,2.62,1.31,3985124094.86084,1.31
2022-03-02,1920.9000244140625,25.183000564575195,97.38999938964844,4386.5400390625,30.739999771118164,110.5999984741211,1.8650000095367432,-0.85,2.71,1.5,3545569571.7163086,1.5
2022-03-03,1934.4000244140625,25.204999923706055,97.79000091552734,4363.490234375,30.479999542236328,107.66999816894531,1.843999981880188,-0.83,2.69,1.53,2741723566.278076,1.53
2022-03-04,1965.0999755859375,25.781999588012695,98.6500015258789,4328.8701171875,31.979999542236328,115.68000030517578,1.7239999771118164,-0.93,2.67,1.5,4112613404.01001,1.5
2022-03-07,1993.9000244140625,25.71299934387207,99.29000091552734,4201.08984375,36.45000076293945,119.4000015258789,1.7510000467300415,-0.99,2.77,1.55,5210495140.362549,1.55
2022-03-08,2040.0999755859375,26.88800048828125,99.05999755859375,4170.7001953125,35.130001068115234,123.69999694824219,1.871999979019165,-1.04,2.9,1.63,9067557766.911316,1.63
2022-03-09,1985.9000244140625,25.756999969482422,97.97000122070312,4277.8798828125,32.45000076293945,108.69999694824219,1.9479999542236328,-0.9,2.84,1.68,4987353250.579834,1.68
2022-03-10,1998.0999755859375,26.20199966430664,98.51000213623047,4259.52001953125,30.229999542236328,106.0199966430664,2.010999917984009,-0.88,2.86,1.72,3440049167.3583984,1.72
2022-03-11,1982.699951171875,26.106000900268555,99.12000274658203,4204.31005859375,30.75,109.33000183105469,2.003999948501587,-0.94,2.94,1.75,2743903668.710327,1.75
2022-03-14,1959.5999755859375,25.243999481201172,99.05999755859375,4173.10986328125,31.770000457763672,103.01000213623047,2.140000104904175,-0.79,2.93,1.87,2403880760.241699,1.87
2022-03-15,1928.5,25.12299919128418,99.06999969482422,4262.4501953125,29.829999923706055,96.44000244140625,2.1600000858306885,-0.69,2.84,1.85,3034385836.6470337,1.85
2022-03-16,1908.0,24.670000076293945,98.37999725341797,4357.85986328125,26.670000076293945,95.04000091552734,2.187999963760376,-0.61,2.8,1.95,3158833384.6054077,1.95
2022-03-17,1942.0999755859375,25.583999633789062,98.01000213623047,4411.669921875,25.670000076293945,102.9800033569336,2.191999912261963,-0.71,2.91,1.94,1981487142.314148,1.94
2022-03-18,1928.199951171875,25.05500030517578,98.2300033569336,4463.1201171875,23.8700008392334,104.69999694824219,2.1480000019073486,-0.72,2.86,1.97,2509572492.713928,1.97
2022-03-21,1928.5999755859375,25.281999588012695,98.5,4461.18017578125,23.530000686645508,112.12000274658203,2.315000057220459,-0.58,2.9,2.14,1911886054.623413,2.14
2022-03-22,1920.699951171875,24.885000228881836,98.48999786376953,4511.60986328125,22.940000534057617,111.76000213623047,2.372999906539917,-0.53,2.91,2.18,1725766053.8726807,2.18
2022-03-23,1936.5999755859375,25.170000076293945,98.62000274658203,4456.240234375,23.56999969482422,114.93000030517578,2.321000099182129,-0.62,2.94,2.13,2283042682.3425293,2.13
2022-03-24,1961.5999755859375,25.899999618530273,98.79000091552734,4520.16015625,21.670000076293945,112.33999633789062,2.3410000801086426,-0.58,2.92,2.13,2008954466.5649414,2.13
2022-03-25,1953.800048828125,25.594999313354492,98.80999755859375,4543.06005859375,20.809999465942383,113.9000015258789,2.492000102996826,-0.47,2.95,2.3,1442826456.628418,2.3
2022-03-28,1939.5999755859375,25.176000595092773,99.08999633789062,4575.52001953125,19.6299991607666,105.95999908447266,2.4769999980926514,-0.49,2.95,2.35,1699225658.831787,2.35
2022-03-29,1912.0,24.715999603271484,98.4000015258789,4631.60009765625,18.899999618530273,104.23999786376953,2.4000000953674316,-0.45,2.86,2.35,1873607339.616394,2.35
2022-03-30,1933.5,25.10300064086914,97.79000091552734,4602.4501953125,19.329999923706055,107.81999969482422,2.3580000400543213,-0.51,2.86,2.31,1509883569.3099976,2.31
2022-03-31,1949.199951171875,25.121000289916992,98.30999755859375,4530.41015625,20.559999465942383,100.27999877929688,2.3269999027252197,-0.52,2.84,2.28,1778390799.9145508,2.28
2022-04-01,1919.0999755859375,24.642000198364258,98.62999725341797,4545.85986328125,19.6299991607666,99.2699966430664,2.377000093460083,-0.41,2.8,2.44,2339674800.0,2.44
2022-04-04,1929.199951171875,24.583999633789062,98.98999786376953,4582.64013671875,18.56999969482422,103.27999877929688,2.4119999408721924,-0.38,2.8,2.43,1273971312.512207,2.43
2022-04-05,1922.9000244140625,24.527999877929688,99.47000122070312,4525.1201171875,21.030000686645508,101.95999908447266,2.555999994277954,-0.3,2.84,2.51,1940900399.482727,2.51
2022-04-06,1918.4000244140625,24.454999923706055,99.5999984741211,4481.14990234375,22.100000381469727,96.2300033569336,2.6089999675750732,-0.22,2.83,2.5,1606537718.7469482,2.5
2022-04-07,1933.800048828125,24.732999801635742,99.75,4500.2099609375,21.549999237060547,96.02999877929688,2.6519999504089355,-0.16,2.82,2.47,1828755766.8640137,2.47
2022-04-08,1941.5999755859375,24.819000244140625,99.80000305175781,4488.27978515625,21.15999984741211,98.26000213623047,2.7130000591278076,-0.15,2.87,2.53,1933689892.0074463,2.53
2022-04-11,1944.300048828125,24.97800064086914,99.93000030517578,4412.52978515625,24.3700008392334,94.29000091552734,2.7799999713897705,-0.12,2.91,2.5,1836702931.8237305,2.5
2022-04-12,1972.0999755859375,25.725000381469727,100.29000091552734,4397.4501953125,24.260000228881836,100.5999984741211,2.7249999046325684,-0.14,2.86,2.39,2209760793.374634,2.39
2022-04-13,1981.0,26.020000457763672,99.87999725341797,4446.58984375,21.81999969482422,104.25,2.687000036239624,-0.1,2.8,2.37,1597517887.1948242,2.37
2022-04-14,1970.9000244140625,25.690000534057617,100.31999969482422,4392.58984375,22.700000762939453,106.94999694824219,2.828000068664551,-0.06,2.89,2.47,2128827410.3393555,2.47
2022-04-18,1982.9000244140625,26.139999389648438,100.77999877929688,4391.68994140625,22.170000076293945,108.20999908447266,2.861999988555908,-0.07,2.92,2.46,1640573692.4240112,2.46
2022-04-19,1955.699951171875,25.391000747680664,100.95999908447266,4462.2099609375,21.3700008392334,102.55999755859375,2.9130001068115234,0.0,2.93,2.61,2288313884.1796875,2.61
2022-04-20,1952.300048828125,25.270000457763672,100.38999938964844,4459.4501953125,20.31999969482422,102.75,2.8399999141693115,-0.07,2.92,2.6,1286022653.2562256,2.6
2022-04-21,1944.9000244140625,24.621000289916992,100.58000183105469,4393.66015625,22.68000030517578,103.79000091552734,2.9170000553131104,-0.12,3.02,2.68,1755021964.465332,2.68
2022-04-22,1931.0,24.256999969482422,101.22000122070312,4271.77978515625,28.209999084472656,102.06999969482422,2.9059998989105225,-0.08,2.98,2.72,1649112568.5882568,2.72
2022-04-25,1893.199951171875,23.667999267578125,101.75,4296.1201171875,27.020000457763672,98.54000091552734,2.8259999752044678,-0.1,2.91,2.63,2314698624.897766,2.63
2022-04-26,1901.4000244140625,23.54199981689453,102.30000305175781,4175.2001953125,33.52000045776367,101.69999694824219,2.7720000743865967,-0.08,2.85,2.54,1603398434.2285156,2.54
2022-04-27,1885.9000244140625,23.45800018310547,102.94999694824219,4183.9599609375,31.600000381469727,102.0199966430664,2.818000078201294,-0.06,2.88,2.58,1558250068.1686401,2.58
2022-04-28,1888.699951171875,23.128999710083008,103.62000274658203,4287.5,29.989999771118164,105.36000061035156,2.86299991607666,-0.12,2.97,2.63,1129007976.2634277,2.63
2022-04-29,1909.300048828125,23.040000915527344,102.95999908447266,4131.93017578125,33.400001525878906,104.69000244140625,2.88700008392334,0.01,2.88,2.7,1365692155.2703857,2.7
2022-05-02,1861.800048828125,22.54400062561035,103.73999786376953,4155.3798828125,32.34000015258789,105.16999816894531,2.996000051498413,0.18,2.81,2.73,2486138587.915039,2.73
2022-05-03,1868.800048828125,22.621000289916992,103.47000122070312,4175.47998046875,29.25,102.41000366210938,2.9600000381469727,0.14,2.83,2.78,1255937460.5804443,2.78
2022-05-04,1867.0,22.36199951171875,102.58999633789062,4300.169921875,25.420000076293945,107.80999755859375,2.9170000553131104,0.07,2.86,2.66,1844440892.0181274,2.66
2022-05-05,1874.0,22.399999618530273,103.75,4146.8701171875,31.200000762939453,108.26000213623047,3.065999984741211,0.18,2.87,2.71,2240648308.4716797,2.71
2022-05-06,1881.199951171875,22.325000762939453,103.66000366210938,4123.33984375,30.190000534057617,109.7699966430664,3.122999906539917,0.26,2.86,2.72,1340787672.0046997,2.72
2022-05-09,1857.0999755859375,21.781999588012695,103.6500015258789,3991.239990234375,34.75,103.08999633789062,3.0789999961853027,0.3,2.75,2.61,1857146164.453125,2.61
2022-05-10,1839.9000244140625,21.389999389648438,103.91999816894531,4001.050048828125,32.9900016784668,99.76000213623047,2.993000030517578,0.34,2.65,2.62,1887402747.8393555,2.62
2022-05-11,1852.5999755859375,21.549999237060547,103.8499984741211,3935.179931640625,32.560001373291016,105.70999908447266,2.9210000038146973,0.21,2.7,2.66,1586418539.2333984,2.66
2022-05-12,1823.800048828125,20.756999969482422,104.8499984741211,3930.080078125,31.770000457763672,106.12999725341797,2.816999912261963,0.25,2.59,2.56,1978532534.7106934,2.56
2022-05-13,1807.4000244140625,20.983999252319336,104.55999755859375,4023.889892578125,28.8700008392334,110.48999786376953,2.934999942779541,0.24,2.69,2.61,2199519281.5109253,2.61
2022-05-16,1813.5,21.53499984741211,104.19000244140625,4008.010009765625,27.469999313354492,114.19999694824219,2.877000093460083,0.2,2.68,2.58,1247208675.326538,2.58
2022-05-17,1818.199951171875,21.73699951171875,103.36000061035156,4088.85009765625,26.100000381469727,112.4000015258789,2.9679999351501465,0.27,2.71,2.71,1090671474.7940063,2.71
2022-05-18,1815.9000244140625,21.533000946044922,103.80999755859375,3923.679931640625,30.959999084472656,109.58999633789062,2.885999917984009,0.17,2.72,2.68,1266058704.3167114,2.68
2022-05-19,1841.199951171875,21.898000717163086,102.72000122070312,3900.7900390625,29.350000381469727,112.20999908447266,2.8550000190734863,0.25,2.59,2.63,1818859411.7462158,2.63
2022-05-20,1841.800048828125,21.66900062561035,103.1500015258789,3901.360107421875,29.43000030517578,113.2300033569336,2.7869999408721924,0.23,2.55,2.6,1131630534.9700928,2.6
2022-05-23,1847.800048828125,21.722999572753906,102.08000183105469,3973.75,28.479999542236328,110.29000091552734,2.8589999675750732,0.26,2.6,2.65,953762365.1046753,2.65
2022-05-24,1865.0999755859375,22.062999725341797,101.86000061035156,3941.47998046875,29.450000762939453,109.7699966430664,2.759999990463257,0.21,2.55,2.5,1183039253.1738281,2.5
2022-05-25,1846.199951171875,21.860000610351562,102.05999755859375,3978.72998046875,28.3700008392334,110.33000183105469,2.749000072479248,0.19,2.56,2.48,795458380.4153442,2.48
2022-05-26,1847.4000244140625,21.94099998474121,101.83000183105469,4057.840087890625,27.5,114.08999633789062,2.75600004196167,0.13,2.62,2.46,1117238884.475708,2.46
2022-05-27,1851.300048828125,22.059999465942383,101.66999816894531,4158.240234375,25.719999313354492,115.06999969482422,2.743000030517578,0.11,2.63,2.47,665109538.4857178,2.47
2022-05-31,1842.699951171875,21.650999069213867,101.75,4132.14990234375,26.190000534057617,114.66999816894531,2.8440001010894775,0.21,2.64,2.53,1068598156.1889648,2.53
2022-06-01,1843.300048828125,21.884000778198242,102.55000305175781,4101.22998046875,25.690000534057617,115.26000213623047,2.930999994277954,0.29,2.65,2.66,1196395665.32135,2.66
2022-06-02,1866.5,22.253999710083008,101.7699966430664,4176.81982421875,24.719999313354492,116.87000274658203,2.9130001068115234,0.26,2.66,2.65,980387519.3206787,2.65
2022-06-03,1845.4000244140625,21.889999389648438,102.13999938964844,4108.5400390625,24.790000915527344,118.87000274658203,2.9570000171661377,0.22,2.74,2.66,952538062.1063232,2.66
2022-06-06,1839.199951171875,22.073999404907227,102.44000244140625,4121.43017578125,25.06999969482422,118.5,3.0380001068115234,0.28,2.76,2.73,647074147.5830078,2.73
2022-06-07,1847.5,22.159000396728516,102.31999969482422,4160.68017578125,24.020000457763672,119.41000366210938,2.9719998836517334,0.25,2.73,2.75,667548409.4238281,2.75
2022-06-08,1851.9000244140625,22.073999404907227,102.54000091552734,4115.77001953125,23.959999084472656,122.11000061035156,3.0290000438690186,0.28,2.75,2.78,888227417.7246094,2.78
2022-06-09,1848.800048828125,21.797000885009766,103.22000122070312,4017.820068359375,26.09000015258789,121.51000213623047,3.0439999103546143,0.29,2.75,2.83,809670432.9147339,2.83
2022-06-10,1871.5,21.913000106811523,104.1500015258789,3900.860107421875,27.75,120.66999816894531,3.1559998989105225,0.39,2.76,3.06,2942063580.8303833,3.06
2022-06-13,1828.0,21.236000061035156,105.08000183105469,3749.6298828125,34.02000045776367,120.93000030517578,3.365999937057495,0.69,2.74,3.4,2254155338.8427734,3.4
2022-06-14,1809.5,20.93600082397461,105.5199966430664,3735.47998046875,32.689998626708984,118.93000030517578,3.4830000400543213,0.89,2.6,3.45,1238635556.817627,3.45
2022-06-15,1815.300048828125,21.402000427246094,105.16000366210938,3789.989990234375,29.6200008392334,115.30999755859375,3.3949999809265137,0.63,2.7,3.2,1536981269.4534302,3.2
2022-06-16,1845.699951171875,21.867000579833984,103.62999725341797,3666.77001953125,32.95000076293945,117.58999633789062,3.306999921798706,0.66,2.62,3.14,1523747505.5419922,3.14
2022-06-17,1835.5999755859375,21.572999954223633,104.69999694824219,3674.840087890625,31.1299991607666,109.55999755859375,3.239000082015991,0.67,2.58,3.17,1268631175.6469727,3.17
2022-06-21,1834.5999755859375,21.753999710083008,104.44000244140625,3764.7900390625,30.190000534057617,110.6500015258789,3.306999921798706,0.7,2.61,3.21,956978382.3852539,3.21
2022-06-22,1834.300048828125,21.406999588012695,104.19999694824219,3759.889892578125,28.950000762939453,106.19000244140625,3.1559998989105225,0.62,2.54,3.06,1123570880.9875488,3.06
2022-06-23,1825.699951171875,21.031999588012695,104.43000030517578,3795.72998046875,29.049999237060547,104.2699966430664,3.068000078201294,0.59,2.5,3.01,1112700142.100525,3.01
2022-06-24,1826.5,21.115999221801758,104.19000244140625,3911.739990234375,27.229999542236328,107.62000274658203,3.125,0.57,2.56,3.04,1044879856.5032959,3.04
2022-06-27,1820.9000244140625,21.159000396728516,103.94000244140625,3900.110107421875,26.950000762939453,109.56999969482422,3.194000005722046,0.65,2.55,3.08,971776995.0897217,3.08
2022-06-28,1817.5,20.797000885009766,104.51000213623047,3821.550048828125,28.360000610351562,111.76000213623047,3.2060000896453857,0.72,2.48,3.1,505925559.43603516,3.1
2022-06-29,1813.699951171875,20.667999267578125,105.11000061035156,3818.830078125,28.15999984741211,109.77999877929688,3.0929999351501465,0.74,2.36,3.06,811111370.2880859,3.06
2022-06-30,1804.0999755859375,20.281999588012695,104.69000244140625,3785.3798828125,28.709999084472656,105.76000213623047,2.9719998836517334,0.65,2.33,2.92,1540465685.394287,2.92
2022-07-01,1798.9000244140625,19.597000122070312,105.13999938964844,3825.330078125,26.700000762939453,108.43000030517578,2.8889999389648438,0.54,2.34,2.84,1915532179.3518066,2.84
2022-07-05,1761.800048828125,19.052000045776367,106.5,3831.389892578125,27.540000915527344,99.5,2.809000015258789,0.52,2.3,2.82,2312332150.0,2.82
2022-07-06,1734.9000244140625,19.084999084472656,107.0999984741211,3845.080078125,26.729999542236328,98.52999877929688,2.9130001068115234,0.64,2.29,2.97,1923158746.760559,2.97
2022-07-07,1737.9000244140625,19.121999740600586,107.12999725341797,3902.6201171875,26.079999923706055,102.7300033569336,3.007999897003174,0.68,2.33,3.03,744376112.3962402,3.03
2022-07-08,1740.5999755859375,19.16699981689453,107.01000213623047,3899.3798828125,24.639999389648438,104.79000091552734,3.1010000705718994,0.72,2.37,3.12,743999443.989563,3.12
2022-07-11,1730.0,19.066999435424805,108.0199966430664,3854.429931640625,26.170000076293945,104.08999633789062,2.990999937057495,0.67,2.32,3.07,697651999.3469238,3.07
2022-07-12,1723.300048828125,18.89900016784668,108.06999969482422,3818.800048828125,27.290000915527344,95.83999633789062,2.9579999446868896,0.64,2.32,3.03,864477342.842102,3.03
2022-07-13,1734.199951171875,19.13800048828125,107.95999908447266,3801.780029296875,26.81999969482422,96.30000305175781,2.9040000438690186,0.6,2.31,3.13,1366586611.6149902,3.13
2022-07-14,1704.5,18.16900062561035,108.54000091552734,3790.3798828125,26.399999618530273,95.77999877929688,2.9600000381469727,0.62,2.34,3.15,1945992910.3637695,3.15
2022-07-15,1702.4000244140625,18.54800033569336,108.05999755859375,3863.159912109375,24.229999542236328,97.58999633789062,2.930000066757202,0.57,2.36,3.13,1078692000.7354736,3.13
2022-07-18,1709.199951171875,18.791000366210938,107.37000274658203,3830.85009765625,25.299999237060547,102.5999984741211,2.9600000381469727,0.59,2.37,3.15,921822909.2102051,3.15
2022-07-19,1710.0,18.670000076293945,106.68000030517578,3936.68994140625,24.5,104.22000122070312,3.0190000534057617,0.62,2.39,3.23,605645722.5128174,3.23
2022-07-20,1699.5,18.638999938964844,107.08000183105469,3959.89990234375,23.8799991607666,102.26000213623047,3.0360000133514404,0.66,2.38,3.25,757928199.8016357,3.25
2022-07-21,1712.699951171875,18.687000274658203,106.91000366210938,3998.949951171875,23.110000610351562,96.3499984741211,2.9100000858306885,0.58,2.33,3.1,939711116.0507202,3.1
2022-07-22,1727.0999755859375,18.584999084472656,106.7300033569336,3961.6298828125,23.030000686645508,94.69999694824219,2.7829999923706055,0.43,2.34,2.98,921249635.5010986,2.98
2022-07-25,1719.0,18.29400062561035,106.4800033569336,3966.840087890625,23.360000610351562,96.69999694824219,2.819999933242798,0.45,2.36,3.0,594998066.1346436,3.0
2022-07-26,1717.699951171875,18.48699951171875,107.19000244140625,3921.050048828125,24.690000534057617,94.9800033569336,2.7869999408721924,0.45,2.36,3.02,427754894.0551758,3.02
2022-07-27,1719.0999755859375,18.55299949645996,106.44999694824219,4023.610107421875,23.239999771118164,97.26000213623047,2.7339999675750732,0.36,2.42,2.96,932205376.4419556,2.96
2022-07-28,1750.300048828125,19.82699966430664,106.3499984741211,4072.429931640625,22.329999923706055,96.41999816894531,2.680999994277954,0.2,2.48,2.85,917431292.578125,2.85
2022-07-29,1762.9000244140625,20.1560001373291,105.9000015258789,4130.2900390625,21.329999923706055,98.62000274658203,2.6419999599456787,0.14,2.53,2.89,1236870976.0040283,2.89
2022-08-01,1769.0,20.32200050354004,105.44999694824219,4118.6298828125,22.84000015258789,93.88999938964844,2.6059999465942383,0.09,2.51,2.9,770178501.3031006,2.9
2022-08-02,1771.0999755859375,20.104999542236328,106.23999786376953,4091.18994140625,23.93000030517578,94.41999816894531,2.740999937057495,0.27,2.48,3.06,939251887.4725342,3.06
2022-08-03,1758.0,19.864999771118164,106.51000213623047,4155.169921875,21.950000762939453,90.66000366210938,2.747999906539917,0.23,2.5,3.1,726507196.5179443,3.1
2022-08-04,1788.5,20.099000930786133,105.69000244140625,4151.93994140625,21.440000534057617,88.54000091552734,2.6760001182556152,0.22,2.46,3.03,919769329.9255371,3.03
2022-08-05,1772.9000244140625,19.819000244140625,106.62000274658203,4145.18994140625,21.149999618530273,89.01000213623047,2.8399999141693115,0.37,2.46,3.24,995591216.5603638,3.24
2022-08-08,1786.800048828125,20.591999053955078,106.44000244140625,4140.06005859375,21.290000915527344,90.76000213623047,2.765000104904175,0.29,2.48,3.21,576130655.4382324,3.21
2022-08-09,1794.0,20.45800018310547,106.37000274658203,4122.47021484375,21.770000457763672,90.5,2.796999931335449,0.33,2.47,3.28,535959590.21759033,3.28
2022-08-10,1795.5999755859375,20.718000411987305,105.19999694824219,4210.240234375,19.739999771118164,91.93000030517578,2.7860000133514404,0.35,2.43,3.23,680012089.0228271,3.23
2022-08-11,1789.699951171875,20.326000213623047,105.08999633789062,4207.27001953125,20.200000762939453,94.33999633789062,2.888000011444092,0.4,2.47,3.23,739547623.7182617,3.23
2022-08-12,1798.5999755859375,20.677000045776367,105.62999725341797,4280.14990234375,19.530000686645508,92.08999633789062,2.8489999771118164,0.37,2.47,3.25,864815853.8452148,3.25
2022-08-15,1781.4000244140625,20.250999450683594,106.55000305175781,4297.14013671875,19.950000762939453,89.41000366210938,2.7909998893737793,0.35,2.44,3.2,867674166.15448,3.2
2022-08-16,1773.199951171875,20.065000534057617,106.5,4305.2001953125,19.690000534057617,86.52999877929688,2.8239998817443848,0.38,2.44,3.25,709899922.1420288,3.25
2022-08-17,1760.300048828125,19.711000442504883,106.56999969482422,4274.0400390625,19.899999618530273,88.11000061035156,2.8929998874664307,0.43,2.46,3.28,915281618.9910889,3.28
2022-08-18,1755.300048828125,19.447999954223633,107.4800033569336,4283.740234375,19.559999465942383,90.5,2.880000114440918,0.36,2.52,3.22,597668705.3237915,3.22
2022-08-19,1747.5999755859375,19.058000564575195,108.16999816894531,4228.47998046875,20.600000381469727,90.7699966430664,2.989000082015991,0.43,2.55,3.25,1329910569.9768066,3.25
2022-08-22,1734.0,18.87299919128418,109.05000305175781,4137.990234375,23.799999237060547,90.2300033569336,3.0369999408721924,0.46,2.57,3.32,720607281.2789917,3.32
2022-08-23,1746.800048828125,19.011999130249023,108.62000274658203,4128.72998046875,24.110000610351562,93.73999786376953,3.053999900817871,0.47,2.58,3.29,720273545.9060669,3.29
2022-08-24,1747.800048828125,18.895000457763672,108.68000030517578,4140.77001953125,22.81999969482422,94.88999938964844,3.1059999465942383,0.49,2.62,3.36,522791800.0,3.36
2022-08-25,1757.699951171875,19.111000061035156,108.47000122070312,4199.1201171875,21.780000686645508,92.5199966430664,3.0260000228881836,0.43,2.6,3.35,467915625.0,3.35
2022-08-26,1736.0999755859375,18.739999771118164,108.80000305175781,4057.659912109375,25.559999465942383,93.05999755859375,3.0350000858306885,0.47,2.57,3.37,1082061131.2545776,3.37
2022-08-29,1736.5999755859375,18.55500030517578,108.83999633789062,4030.610107421875,26.209999084472656,97.01000213623047,3.109999895095825,0.54,2.58,3.42,761114280.8700562,3.42
2022-08-30,1723.199951171875,18.159000396728516,108.7699966430664,3986.159912109375,26.209999084472656,91.63999938964844,3.109999895095825,0.56,2.55,3.46,779532839.3218994,3.46
2022-08-31,1712.800048828125,17.761999130249023,108.69999694824219,3955.0,25.8700008392334,89.55000305175781,3.132999897003174,0.67,2.48,3.45,866205845.236206,3.45
2022-09-01,1696.5999755859375,17.551000595092773,109.69000244140625,3966.85009765625,25.559999465942383,86.61000061035156,3.265000104904175,0.81,2.45,3.51,1166785559.9121094,3.51
2022-09-02,1709.800048828125,17.775999069213867,109.52999877929688,3924.260009765625,25.469999313354492,86.87000274658203,3.193000078201294,0.73,2.47,3.4,827658265.4525757,3.4
2022-09-06,1700.4000244140625,17.795000076293945,110.20999908447266,3908.18994140625,26.90999984741211,86.87999725341797,3.3399999141693115,0.85,2.48,3.5,770085462.9058838,3.5
2022-09-07,1715.300048828125,18.136999130249023,109.83999633789062,3979.8701171875,24.639999389648438,81.94000244140625,3.265000104904175,0.82,2.45,3.45,636785125.7202148,3.45
2022-09-08,1708.0,18.329999923706055,109.70999908447266,4006.179931640625,23.610000610351562,83.54000091552734,3.2920000553131104,0.88,2.41,3.48,732436738.3163452,3.48
2022-09-09,1716.199951171875,18.658000946044922,109.0,4067.360107421875,22.790000915527344,86.79000091552734,3.321000099182129,0.91,2.42,3.56,627741024.7680664,3.56
2022-09-12,1728.0999755859375,19.7549991607666,108.33000183105469,4110.41015625,23.8700008392334,87.77999877929688,3.361999988555908,0.95,2.42,3.58,728858647.1557617,3.58
2022-09-13,1705.0,19.389999389648438,109.81999969482422,3932.68994140625,27.270000457763672,87.30999755859375,3.421999931335449,0.98,2.44,3.75,1034695412.1826172,3.75
2022-09-14,1696.5,19.47100067138672,109.66000366210938,3946.010009765625,26.15999984741211,88.4800033569336,3.4119999408721924,0.95,2.46,3.78,961967378.3874512,3.78
2022-09-15,1665.4000244140625,19.174999237060547,109.73999786376953,3901.35009765625,26.270000457763672,85.0999984741211,3.4590001106262207,1.02,2.43,3.87,2042822319.683838,3.87
2022-09-16,1671.699951171875,19.29599952697754,109.76000213623047,3873.330078125,26.299999237060547,85.11000061035156,3.447999954223633,1.07,2.38,3.85,1112884581.8481445,3.85
2022-09-19,1666.199951171875,19.273000717163086,109.73999786376953,3899.889892578125,25.760000228881836,85.7300033569336,3.490000009536743,1.15,2.34,3.95,870693525.4821777,3.95
2022-09-20,1659.699951171875,19.101999282836914,110.22000122070312,3855.929931640625,27.15999984741211,84.44999694824219,3.571000099182129,1.17,2.4,3.96,921689602.532959,3.96
2022-09-21,1664.5999755859375,19.410999298095703,110.63999938964844,3789.929931640625,27.989999771118164,82.94000244140625,3.509999990463257,1.13,2.38,4.02,1217670166.5237427,4.02
2022-09-22,1670.800048828125,19.54800033569336,111.3499984741211,3757.989990234375,27.350000381469727,83.48999786376953,3.7079999446868896,1.29,2.41,4.11,930338621.7651367,4.11
2022-09-23,1645.300048828125,18.840999603271484,113.19000244140625,3693.22998046875,29.920000076293945,78.73999786376953,3.697000026702881,1.32,2.37,4.2,1468589927.2766113,4.2
2022-09-26,1623.300048828125,18.4060001373291,114.0999984741211,3655.0400390625,32.2599983215332,76.70999908447266,3.878000020980835,1.56,2.32,4.27,1246210779.7927856,4.27
2022-09-27,1626.699951171875,18.256999969482422,114.11000061035156,3647.2900390625,32.599998474121094,78.5,3.9639999866485596,1.64,2.33,4.3,1083707953.9871216,4.3
2022-09-28,1660.4000244140625,18.79599952697754,112.5999984741211,3719.0400390625,30.18000030517578,82.1500015258789,3.7049999237060547,1.39,2.33,4.07,1388683089.9169922,4.07
2022-09-29,1658.5,18.611000061035156,112.25,3640.469970703125,31.84000015258789,81.2300033569336,3.746999979019165,1.57,2.19,4.16,976987243.1335449,4.16
2022-09-30,1662.4000244140625,18.959999084472656,112.12000274658203,3585.6201171875,31.6200008392334,79.48999786376953,3.803999900817871,1.68,2.15,4.22,1056767295.489502,4.22
2022-10-03,1692.9000244140625,20.518999099731445,111.75,3678.429931640625,30.100000381469727,83.62999725341797,3.6510000228881836,1.43,2.24,4.12,1641683270.1049805,4.12
2022-10-04,1721.0999755859375,21.03700065612793,110.06999969482422,3790.929931640625,29.06999969482422,86.5199966430664,3.617000102996826,1.38,2.24,4.1,1289537125.5111694,4.1
2022-10-05,1711.4000244140625,20.479000091552734,111.06999969482422,3783.280029296875,28.549999237060547,87.76000213623047,3.759000062942505,1.54,2.22,4.15,846401690.0695801,4.15
2022-10-06,1711.699951171875,20.594999313354492,112.26000213623047,3744.52001953125,30.520000457763672,88.44999694824219,3.8259999752044678,1.61,2.22,4.23,911902365.8935547,4.23
2022-10-07,1700.5,20.191999435424805,112.80000305175781,3639.659912109375,31.360000610351562,92.63999938964844,3.882999897003174,1.62,2.27,4.3,794136424.5605469,4.3
2022-10-10,1667.300048828125,19.555999755859375,113.13999938964844,3612.389892578125,32.45000076293945,91.12999725341797,3.888000011444092,1.62,2.27,4.3,950107157.8918457,4.3
2022-10-11,1678.699951171875,19.427000045776367,113.22000122070312,3588.840087890625,33.630001068115234,89.3499984741211,3.938999891281128,1.62,2.31,4.3,823387591.4337158,4.3
2022-10-12,1670.300048828125,18.878000259399414,113.31999969482422,3577.030029296875,33.56999969482422,87.2699966430664,3.9019999504089355,1.62,2.29,4.28,623726036.9644165,4.28
2022-10-13,1670.0,18.857999801635742,112.36000061035156,3669.909912109375,31.940000534057617,89.11000061035156,3.9519999027252197,1.63,2.34,4.47,1097351483.9416504,4.47
2022-10-14,1641.699951171875,18.014999389648438,113.30999755859375,3583.070068359375,32.02000045776367,85.61000061035156,4.010000228881836,1.59,2.41,4.48,837091238.621521,4.48
2022-10-17,1657.0,18.673999786376953,112.04000091552734,3677.949951171875,31.3700008392334,85.45999908447266,4.014999866485596,1.57,2.45,4.45,667070152.0385742,4.45
2022-10-18,1649.0,18.570999145507812,112.12999725341797,3719.97998046875,30.5,82.81999969482422,3.997999906539917,1.6,2.41,4.43,696241500.0,4.43
2022-10-19,1627.5,18.336000442504883,112.9800033569336,3695.159912109375,30.760000228881836,85.55000305175781,4.126999855041504,1.72,2.42,4.55,1252519519.1589355,4.55
2022-10-20,1630.800048828125,18.666000366210938,112.87999725341797,3665.780029296875,29.979999542236328,85.9800033569336,4.22599983215332,1.73,2.51,4.62,760248694.6807861,4.62
2022-10-21,1651.0,19.042999267578125,112.01000213623047,3752.75,29.690000534057617,85.05000305175781,4.2129998207092285,1.69,2.52,4.49,1063388317.8955078,4.49
2022-10-24,1648.699951171875,19.173999786376953,111.98999786376953,3797.340087890625,29.850000381469727,84.58000183105469,4.234000205993652,1.66,2.59,4.5,718052516.4764404,4.5
2022-10-25,1652.800048828125,19.339000701904297,110.94999694824219,3859.110107421875,28.459999084472656,85.31999969482422,4.107999801635742,1.59,2.51,4.42,528851400.0,4.42
2022-10-26,1664.0,19.479999542236328,109.69999694824219,3830.60009765625,27.280000686645508,87.91000366210938,4.014999866485596,1.6,2.44,4.39,689382016.9952393,4.39
2022-10-27,1660.699951171875,19.47800064086914,110.58999633789062,3807.300048828125,27.389999389648438,89.08000183105469,3.937000036239624,1.51,2.45,4.3,565559246.0769653,4.3
2022-10-28,1639.5999755859375,19.14699935913086,110.66999816894531,3901.06005859375,25.75,87.9000015258789,4.010000228881836,1.51,2.51,4.41,711489481.0119629,4.41
2022-10-31,1635.9000244140625,19.125,111.52999877929688,3871.97998046875,25.8799991607666,86.52999877929688,4.077000141143799,1.58,2.52,4.51,926316820.3308105,4.51
2022-11-01,1645.0,19.67300033569336,111.4800033569336,3856.10009765625,25.809999465942383,88.37000274658203,4.052000045776367,1.56,2.51,4.54,706468486.907959,4.54
2022-11-02,1645.699951171875,19.600000381469727,111.3499984741211,3759.68994140625,25.860000610351562,90.0,4.059000015258789,1.57,2.53,4.61,1098869046.598816,4.61
2022-11-03,1627.300048828125,19.43600082397461,112.93000030517578,3719.889892578125,25.299999237060547,88.16999816894531,4.124000072479248,1.74,2.4,4.71,816555614.8681641,4.71
2022-11-04,1672.5,20.790000915527344,110.87999725341797,3770.550048828125,24.549999237060547,92.61000061035156,4.156000137329102,1.69,2.48,4.66,1203567249.3896484,4.66
2022-11-07,1676.5,20.898000717163086,110.12000274658203,3806.800048828125,24.350000381469727,91.79000091552734,4.214000225067139,1.69,2.53,4.72,689745372.0123291,4.72
2022-11-08,1712.0999755859375,21.476999282836914,109.62000274658203,3828.110107421875,25.540000915527344,88.91000366210938,4.125999927520752,1.64,2.5,4.67,1801721185.5163574,4.67
2022-11-09,1710.0999755859375,21.29800033569336,110.55000305175781,3748.570068359375,26.09000015258789,85.83000183105469,4.151000022888184,1.7,2.42,4.61,958341153.1311035,4.61
2022-11-10,1750.300048828125,21.677000045776367,108.20999908447266,3956.3701171875,23.530000686645508,86.47000122070312,3.8289999961853027,1.43,2.39,4.34,1624974809.5321655,4.34
2022-11-11,1766.0,21.645999908447266,106.29000091552734,3992.929931640625,22.520000457763672,88.95999908447266,3.812999963760376,1.43,2.39,4.34,760662132.7148438,4.34
2022-11-14,1773.5999755859375,22.091999053955078,106.66000366210938,3957.25,23.729999542236328,85.87000274658203,3.865000009536743,1.51,2.37,4.4,1020458980.670166,4.4
2022-11-15,1773.800048828125,21.499000549316406,106.4000015258789,3991.72998046875,24.540000915527344,86.91999816894531,3.7990000247955322,1.45,2.35,4.37,1639029250.0,4.37
2022-11-16,1773.0,21.503999710083008,106.27999877929688,3958.7900390625,24.110000610351562,85.58999633789062,3.691999912261963,1.38,2.29,4.35,601994478.1982422,4.35
2022-11-17,1760.800048828125,20.954999923706055,106.69000244140625,3946.56005859375,23.93000030517578,81.63999938964844,3.7750000953674316,1.49,2.28,4.43,749835639.6240234,4.43
2022-11-18,1751.9000244140625,20.97599983215332,106.93000030517578,3965.340087890625,23.1200008392334,80.08000183105469,3.818000078201294,1.57,2.25,4.51,703431839.9887085,4.51
2022-11-21,1737.4000244140625,20.849000930786133,107.83999633789062,3949.93994140625,22.360000610351562,79.7300033569336,3.825000047683716,1.52,2.31,4.48,771601043.2739258,4.48
2022-11-22,1738.300048828125,21.034000396728516,107.22000122070312,4003.580078125,21.290000915527344,80.94999694824219,3.757999897003174,1.44,2.32,4.47,519239889.46533203,4.47
2022-11-23,1744.9000244140625,21.35700035095215,106.08000183105469,4027.260009765625,20.350000381469727,77.94000244140625,3.7060000896453857,1.39,2.32,4.46,679554367.6300049,4.46
2022-11-25,1753.300048828125,21.424999237060547,105.95999908447266,4026.1201171875,20.5,76.27999877929688,3.690999984741211,1.36,2.32,4.42,234465531.75354004,4.42
2022-11-28,1740.0999755859375,20.90999984741211,106.68000030517578,3963.93994140625,22.209999084472656,77.23999786376953,3.703000068664551,1.43,2.26,4.46,656286067.3156738,4.46
2022-11-29,1748.4000244140625,21.20400047302246,106.81999969482422,3957.6298828125,21.889999389648438,78.19999694824219,3.747999906539917,1.5,2.25,4.48,426450226.80358887,4.48
2022-11-30,1746.0,21.549999237060547,105.94999694824219,4080.110107421875,20.579999923706055,80.55000305175781,3.703000068664551,1.34,2.34,4.38,803399295.098877,4.38
2022-12-01,1801.0999755859375,22.636999130249023,104.7300033569336,4076.570068359375,19.84000015258789,81.22000122070312,3.5290000438690186,1.17,2.36,4.25,1447754240.411377,4.25
2022-12-02,1795.9000244140625,23.038000106811523,104.55000305175781,4071.699951171875,19.059999465942383,79.9800033569336,3.50600004196167,1.08,2.43,4.28,867393605.5130005,4.28
2022-12-05,1767.4000244140625,22.198999404907227,105.29000091552734,3998.840087890625,20.75,76.93000030517578,3.5989999771118164,1.21,2.39,4.41,893656914.6820068,4.41
2022-12-06,1769.300048828125,22.12299919128418,105.58000183105469,3941.260009765625,22.170000076293945,74.25,3.513000011444092,1.2,2.31,4.34,593061338.8244629,4.34
2022-12-07,1785.5,22.709999084472656,105.0999984741211,3933.919921875,22.68000030517578,72.01000213623047,3.4079999923706055,1.16,2.26,4.26,766897739.4424438,4.26
2022-12-08,1788.699951171875,23.062999725341797,104.7699966430664,3963.510009765625,22.290000915527344,71.45999908447266,3.490999937057495,1.2,2.28,4.31,535683816.9281006,4.31
2022-12-09,1798.0999755859375,23.53499984741211,104.80999755859375,3934.3798828125,22.829999923706055,71.0199966430664,3.566999912261963,1.31,2.26,4.33,907352964.7399902,4.33
2022-12-12,1780.5,23.219999313354492,105.12999725341797,3990.56005859375,25.0,73.16999816894531,3.6110000610351562,1.33,2.28,4.39,580608966.3330078,4.39
2022-12-13,1813.9000244140625,23.801000595092773,103.9800033569336,4019.64990234375,22.549999237060547,75.38999938964844,3.500999927520752,1.27,2.24,4.22,1137476164.920044,4.22
2022-12-14,1807.5,23.945999145507812,103.7699966430664,3995.320068359375,21.139999389648438,77.27999877929688,3.503000020980835,1.3,2.19,4.23,948588334.4421387,4.23
2022-12-15,1777.199951171875,23.128000259399414,104.55999755859375,3895.75,22.829999923706055,76.11000061035156,3.450000047683716,1.28,2.16,4.23,1382822101.0437012,4.23
2022-12-16,1790.0,23.150999069213867,104.69999694824219,3852.360107421875,22.6200008392334,74.29000091552734,3.4820001125335693,1.35,2.13,4.17,895995843.9331055,4.17
2022-12-19,1787.699951171875,23.02899932861328,104.72000122070312,3817.659912109375,22.420000076293945,75.19000244140625,3.5810000896453857,1.42,2.15,4.25,655383988.861084,4.25
2022-12-20,1815.9000244140625,24.0939998626709,103.97000122070312,3821.6201171875,21.479999542236328,76.08999633789062,3.684000015258789,1.45,2.24,4.25,1319348162.2879028,4.25
2022-12-21,1815.9000244140625,24.03499984741211,104.16000366210938,3878.43994140625,20.06999969482422,78.29000091552734,3.684000015258789,1.41,2.27,4.21,673528892.1768188,4.21
2022-12-22,1787.0,23.47599983215332,104.43000030517578,3822.389892578125,21.969999313354492,77.48999786376953,3.6689999103546143,1.48,2.19,4.24,945979420.8389282,4.24
2022-12-23,1795.9000244140625,23.763999938964844,104.30999755859375,3844.820068359375,20.8700008392334,79.55999755859375,3.750999927520752,1.55,2.2,4.31,487111282.0022583,4.31
2022-12-27,1814.800048828125,24.040000915527344,104.18000030517578,3829.25,21.649999618530273,79.52999877929688,3.859999895095825,1.58,2.26,4.32,1161411006.3919067,4.32
2022-12-28,1807.9000244140625,23.663000106811523,104.45999908447266,3783.219970703125,22.139999389648438,78.95999908447266,3.88700008392334,1.6,2.28,4.31,614970388.4124756,4.31
2022-12-29,1819.5,24.077999114990234,103.83999633789062,3849.280029296875,21.440000534057617,78.4000015258789,3.8350000381469727,1.56,2.27,4.34,564955235.4217529,4.34
2022-12-30,1819.699951171875,23.86199951171875,103.5199966430664,3839.5,21.670000076293945,80.26000213623047,3.878999948501587,1.58,2.3,4.41,485933778.25164795,4.41
2023-01-03,1839.699951171875,24.05900001525879,104.5199966430664,3824.139892578125,22.899999618530273,76.93000030517578,3.7929999828338623,1.53,2.26,4.4,1367265454.486084,4.4
2023-01-04,1852.800048828125,23.79199981689453,104.25,3852.969970703125,22.010000228881836,72.83999633789062,3.7090001106262207,1.47,2.22,4.36,1307906168.1304932,4.36
2023-01-05,1834.800048828125,23.257999420166016,105.04000091552734,3808.10009765625,22.459999084472656,73.66999816894531,3.7200000286102295,1.49,2.22,4.45,800182172.0489502,4.45
2023-01-06,1864.199951171875,23.82200050354004,103.87999725341797,3895.080078125,21.1299991607666,73.7699966430664,3.569000005722046,1.34,2.21,4.24,1370398242.9656982,4.24
2023-01-09,1872.699951171875,23.711999893188477,103.0,3892.090087890625,21.969999313354492,74.62999725341797,3.5169999599456787,1.31,2.22,4.19,893916481.338501,4.19
2023-01-10,1871.5999755859375,23.506999969482422,103.23999786376953,3919.25,20.579999923706055,75.12000274658203,3.621000051498413,1.37,2.24,4.24,768576440.1611328,4.24
2023-01-11,1874.5999755859375,23.32699966430664,103.19000244140625,3969.610107421875,21.09000015258789,77.41000366210938,3.553999900817871,1.31,2.23,4.2,589202787.5244141,4.2
2023-01-12,1895.5,23.863000869750977,102.25,3983.169921875,18.829999923706055,78.38999938964844,3.4489998817443848,1.22,2.21,4.12,1225334011.7660522,4.12
2023-01-13,1918.4000244140625,24.231000900268555,102.19999694824219,3999.090087890625,18.350000381469727,79.86000061035156,3.510999917984009,1.31,2.18,4.22,1335122646.9726562,4.22
2023-01-17,1907.199951171875,23.944000244140625,102.38999938964844,3990.969970703125,19.360000610351562,80.18000030517578,3.5350000858306885,1.36,2.17,4.18,1174011947.7905273,4.18
2023-01-18,1904.4000244140625,23.530000686645508,102.36000061035156,3928.860107421875,20.34000015258789,79.4800033569336,3.375,1.25,2.12,4.06,953522685.8596802,4.06
2023-01-19,1922.0999755859375,23.753999710083008,102.05999755859375,3898.85009765625,20.520000457763672,80.33000183105469,3.3970000743865967,1.19,2.2,4.09,1201431338.923645,4.09
2023-01-20,1926.4000244140625,23.829999923706055,102.01000213623047,3972.610107421875,19.850000381469727,81.30999755859375,3.4839999675750732,1.25,2.23,4.14,1031778053.3630371,4.14
2023-01-23,1927.0999755859375,23.45199966430664,102.13999938964844,4019.81005859375,19.809999465942383,81.62000274658203,3.5250000953674316,1.24,2.28,4.21,945841790.7104492,4.21
2023-01-24,1933.9000244140625,23.64900016784668,101.91999816894531,4016.949951171875,19.200000762939453,80.12999725341797,3.4690001010894775,1.19,2.27,4.12,830117282.3791504,4.12
2023-01-25,1941.199951171875,23.839000701904297,101.63999938964844,4016.219970703125,19.079999923706055,80.1500015258789,3.4619998931884766,1.17,2.29,4.11,1254241087.2268677,4.11
2023-01-26,1929.0999755859375,23.93000030517578,101.83999633789062,4060.429931640625,18.729999542236328,81.01000213623047,3.493000030517578,1.16,2.33,4.17,1051712154.1534424,4.17
2023-01-27,1928.5999755859375,23.527000427246094,101.93000030517578,4070.56005859375,18.510000228881836,79.68000030517578,3.5179998874664307,1.19,2.33,4.19,1084764901.3885498,4.19
2023-01-30,1922.9000244140625,23.645000457763672,102.27999877929688,4017.77001953125,19.940000534057617,77.9000015258789,3.5510001182556152,1.26,2.29,4.25,752704708.8699341,4.25
2023-01-31,1929.5,23.74799919128418,102.0999984741211,4076.60009765625,19.399999618530273,78.87000274658203,3.5290000438690186,1.28,2.24,4.21,1072315650.8880615,4.21
2023-02-01,1927.800048828125,23.520999908447266,101.22000122070312,4119.2099609375,17.8700008392334,76.41000366210938,3.3970000743865967,1.14,2.25,4.09,1452633305.3588867,4.09
2023-02-02,1916.300048828125,23.534000396728516,101.75,4179.759765625,18.729999542236328,75.87999725341797,3.3959999084472656,1.18,2.22,4.09,1573062906.0302734,4.09
2023-02-03,1862.9000244140625,22.333999633789062,102.91999816894531,4136.47998046875,18.329999923706055,73.38999938964844,3.5320000648498535,1.31,2.22,4.3,2371961515.8081055,4.3
2023-02-06,1866.199951171875,22.177000045776367,103.62000274658203,4111.080078125,19.43000030517578,74.11000061035156,3.634000062942505,1.38,2.25,4.44,1556905805.6030273,4.44
2023-02-07,1871.699951171875,22.117000579833984,103.43000030517578,4164.0,18.65999984741211,77.13999938964844,3.6740000247955322,1.36,2.31,4.47,1182054886.972046,4.47
2023-02-08,1877.4000244140625,22.367000579833984,103.41000366210938,4117.85986328125,19.6299991607666,78.47000122070312,3.6530001163482666,1.29,2.34,4.45,710825410.925293,4.45
2023-02-09,1866.199951171875,22.097000122070312,103.22000122070312,4081.5,20.709999084472656,78.05999755859375,3.683000087738037,1.34,2.33,4.48,927665732.4554443,4.48
2023-02-10,1862.800048828125,22.034000396728516,103.62999725341797,4090.4599609375,20.530000686645508,79.72000122070312,3.74399995803833,1.41,2.33,4.5,515069897.8134155,4.5
2023-02-13,1851.9000244140625,21.81800079345703,103.3499984741211,4137.2900390625,20.34000015258789,80.13999938964844,3.7170000076293945,1.41,2.31,4.52,684883567.0349121,4.52
2023-02-14,1854.0,21.841999053955078,103.2300033569336,4136.1298828125,18.90999984741211,79.05999755859375,3.760999917984009,1.46,2.31,4.6,932629094.2977905,4.6
2023-02-15,1834.199951171875,21.54599952697754,103.91999816894531,4147.60009765625,18.229999542236328,78.58999633789062,3.809000015258789,1.46,2.35,4.62,926873178.6895752,4.62
2023-02-16,1842.0,21.68400001525879,103.86000061035156,4090.409912109375,20.170000076293945,78.48999786376953,3.8429999351501465,1.49,2.37,4.62,775273300.0,4.62
2023-02-17,1840.4000244140625,21.694000244140625,103.86000061035156,4079.090087890625,20.020000457763672,76.33999633789062,3.828000068664551,1.46,2.36,4.6,823726321.5789795,4.6
2023-02-21,1833.0,21.868999481201172,104.18000030517578,3997.340087890625,22.8700008392334,76.16000366210938,3.9549999237060547,1.53,2.42,4.67,688605238.293457,4.67
2023-02-22,1832.0,21.660999298095703,104.58999633789062,3991.050048828125,22.290000915527344,73.94999694824219,3.9230000972747803,1.52,2.41,4.66,696573077.0355225,4.66
2023-02-23,1818.0,21.298999786376953,104.5999984741211,4012.320068359375,21.139999389648438,75.38999938964844,3.878999948501587,1.49,2.39,4.66,860313432.1594238,4.66
2023-02-24,1808.800048828125,20.805999755859375,105.20999908447266,3970.0400390625,21.670000076293945,76.31999969482422,3.9489998817443848,1.57,2.38,4.78,1093685814.6514893,4.78
2023-02-27,1817.0,20.670000076293945,104.66999816894531,3982.239990234375,20.950000762939453,75.68000030517578,3.921999931335449,1.56,2.36,4.78,762099867.2302246,4.78
2023-02-28,1828.9000244140625,20.961000442504883,104.87000274658203,3970.14990234375,20.700000762939453,77.05000305175781,3.9159998893737793,1.49,2.43,4.81,1147984439.7460938,4.81
2023-03-01,1837.699951171875,20.958999633789062,104.4800033569336,3951.389892578125,20.579999923706055,77.69000244140625,3.99399995803833,1.57,2.44,4.89,1125393743.7973022,4.89
2023-03-02,1833.5,20.766000747680664,105.02999877929688,3981.35009765625,19.59000015258789,78.16000366210938,4.072999954223633,1.6,2.48,4.89,674226476.4678955,4.89
2023-03-03,1847.699951171875,21.093000411987305,104.5199966430664,4045.639892578125,18.489999771118164,79.68000030517578,3.9639999866485596,1.45,2.52,4.86,1189232342.8726196,4.86
2023-03-06,1847.9000244140625,20.983999252319336,104.3499984741211,4048.419921875,18.610000610351562,80.45999908447266,3.9830000400543213,1.49,2.49,4.89,731804821.1791992,4.89
2023-03-07,1813.9000244140625,20.054000854492188,105.62000274658203,3986.3701171875,19.59000015258789,77.58000183105469,3.9749999046325684,1.59,2.38,5.0,1469236603.4545898,5.0
2023-03-08,1812.699951171875,20.0049991607666,105.66000366210938,3992.010009765625,19.110000610351562,76.66000366210938,3.9760000705718994,1.66,2.32,5.05,963812805.6060791,5.05
2023-03-09,1829.300048828125,20.024999618530273,105.30999755859375,3918.320068359375,22.610000610351562,75.72000122070312,3.924999952316284,1.63,2.3,4.9,950226582.9620361,4.9
2023-03-10,1862.0,20.375,104.58000183105469,3861.590087890625,24.799999237060547,76.68000030517578,3.694999933242798,1.44,2.26,4.6,2399997090.600586,4.6
2023-03-13,1911.699951171875,21.792999267578125,103.5999984741211,3855.760009765625,26.520000457763672,74.80000305175781,3.515000104904175,1.31,2.24,4.03,3655805596.54541,4.03
2023-03-14,1906.199951171875,21.929000854492188,103.5999984741211,3919.2900390625,23.729999542236328,71.33000183105469,3.638000011444092,1.33,2.31,4.2,1771659788.345337,4.2
2023-03-15,1926.5999755859375,21.77400016784668,104.6500015258789,3891.929931640625,26.139999389648438,67.61000061035156,3.492000102996826,1.22,2.29,3.93,2592260578.6605835,3.93
2023-03-16,1919.0,21.58799934387207,104.41999816894531,3960.280029296875,22.989999771118164,68.3499984741211,3.5850000381469727,1.34,2.22,4.14,1921806132.824707,4.14
2023-03-17,1969.800048828125,22.35099983215332,103.70999908447266,3916.639892578125,25.510000228881836,66.73999786376953,3.3949999809265137,1.29,2.1,3.81,4439203354.206848,3.81
2023-03-20,1979.199951171875,22.533000946044922,103.27999877929688,3951.570068359375,24.149999618530273,67.63999938964844,3.4809999465942383,1.33,2.14,3.92,2177713444.619751,3.92
2023-03-21,1938.0,22.323999404907227,103.26000213623047,4002.8701171875,21.3799991607666,69.33000183105469,3.6059999465942383,1.36,2.23,4.17,1936181712.5854492,4.17
2023-03-22,1946.800048828125,22.674999237060547,102.3499984741211,3936.969970703125,22.260000228881836,70.9000015258789,3.5,1.2,2.28,3.96,2195703453.2226562,3.96
2023-03-23,1993.800048828125,23.143999099731445,102.52999877929688,3948.719970703125,22.610000610351562,69.95999908447266,3.4059998989105225,1.19,2.19,3.76,2107610416.331482,3.76
2023-03-24,1982.0999755859375,23.246999740600586,103.12000274658203,3970.989990234375,21.739999771118164,69.26000213623047,3.380000114440918,1.16,2.22,3.76,1698009478.567505,3.76
2023-03-27,1952.4000244140625,23.054000854492188,102.86000061035156,3977.530029296875,20.600000381469727,72.80999755859375,3.5280001163482666,1.29,2.24,3.94,1260003728.8665771,3.94
2023-03-28,1972.4000244140625,23.323999404907227,102.43000030517578,3971.27001953125,19.969999313354492,73.19999694824219,3.563999891281128,1.24,2.31,4.02,1137804959.1430664,4.02
2023-03-29,1966.0999755859375,23.375999450683594,102.63999938964844,4027.81005859375,19.1200008392334,72.97000122070312,3.565999984741211,1.24,2.33,4.08,912011138.9007568,4.08
2023-03-30,1980.300048828125,23.902000427246094,102.13999938964844,4050.830078125,19.020000457763672,74.37000274658203,3.5510001182556152,1.21,2.34,4.1,1171440007.4157715,4.1
2023-03-31,1969.0,24.076000213623047,102.51000213623047,4109.31005859375,18.700000762939453,75.66999816894531,3.49399995803833,1.16,2.32,4.06,1466364635.7696533,4.06
2023-04-03,1983.9000244140625,23.94099998474121,102.08999633789062,4124.509765625,18.549999237060547,80.41999816894531,3.430000066757202,1.14,2.29,3.97,1698985902.1881104,3.97
2023-04-04,2022.199951171875,25.02199935913086,101.58999633789062,4100.60009765625,19.0,80.70999908447266,3.3369998931884766,1.1,2.25,3.84,2587619833.187866,3.84
2023-04-05,2020.9000244140625,24.96299934387207,101.8499984741211,4090.3798828125,19.079999923706055,80.61000061035156,3.2869999408721924,1.07,2.23,3.79,2148925484.9487305,3.79
2023-04-06,2011.9000244140625,25.024999618530273,101.81999969482422,4105.02001953125,18.399999618530273,80.69999694824219,3.2880001068115234,1.06,2.24,3.82,1239860152.520752,3.82
2023-04-10,1989.0999755859375,24.84600067138672,102.58000183105469,4109.10986328125,18.969999313354492,79.73999786376953,3.4149999618530273,1.14,2.27,4.0,1186203394.9111938,4.0
2023-04-11,2004.800048828125,25.131000518798828,102.19999694824219,4108.93994140625,19.100000381469727,81.52999877929688,3.434000015258789,1.14,2.29,4.03,1123547812.637329,4.03
2023-04-12,2010.9000244140625,25.40399932861328,101.5,4091.949951171875,19.09000015258789,83.26000213623047,3.4210000038146973,1.14,2.27,3.95,1872068495.4162598,3.95
2023-04-13,2041.300048828125,25.874000549316406,101.01000213623047,4146.22021484375,17.799999237060547,82.16000366210938,3.4519999027252197,1.16,2.29,3.96,2667482189.163208,3.96
2023-04-14,2002.199951171875,25.423999786376953,101.55000305175781,4137.64013671875,17.06999969482422,82.5199966430664,3.5220000743865967,1.22,2.3,4.08,2473463108.100891,4.08
2023-04-17,1994.199951171875,25.05299949645996,102.0999984741211,4151.31982421875,16.950000762939453,80.83000183105469,3.5910000801086426,1.28,2.32,4.18,1385556583.883667,4.18
2023-04-18,2007.4000244140625,25.24799919128418,101.75,4154.8701171875,16.829999923706055,80.86000061035156,3.572000026702881,1.3,2.28,4.19,1500597625.0,4.19
2023-04-19,1995.199951171875,25.365999221801758,101.97000122070312,4154.52001953125,16.459999084472656,79.16000366210938,3.6019999980926514,1.32,2.28,4.24,1366751964.5004272,4.24
2023-04-20,2007.5999755859375,25.368000030517578,101.83999633789062,4129.7900390625,17.170000076293945,77.29000091552734,3.5450000762939453,1.28,2.26,4.14,1077442469.796753,4.14
2023-04-21,1979.5,25.05299949645996,101.81999969482422,4133.52001953125,16.770000457763672,77.87000274658203,3.569999933242798,1.29,2.28,4.17,1971235475.0,4.17
2023-04-24,1989.0999755859375,25.305999755859375,101.3499984741211,4137.0400390625,16.889999389648438,78.76000213623047,3.515000104904175,1.24,2.28,4.12,1534551333.7280273,4.12
2023-04-25,1994.0,24.87700080871582,101.86000061035156,4071.6298828125,18.760000228881836,77.06999969482422,3.3959999084472656,1.15,2.25,3.86,1569940425.0,3.86
2023-04-26,1985.699951171875,24.871000289916992,101.47000122070312,4055.989990234375,18.84000015258789,74.30000305175781,3.431999921798706,1.18,2.25,3.9,1515533109.0637207,3.9
2023-04-27,1989.9000244140625,24.982999801635742,101.5,4135.35009765625,17.030000686645508,74.76000213623047,3.5280001163482666,1.26,2.27,4.07,1682592150.0,4.07
2023-04-28,1990.0999755859375,24.999000549316406,101.66999816894531,4169.47998046875,15.779999732971191,76.77999877929688,3.4519999027252197,1.26,2.18,4.04,1238233940.447998,4.04
2023-05-01,1983.4000244140625,25.009000778198242,102.1500015258789,4167.8701171875,16.079999923706055,75.66000366210938,3.5739998817443848,1.36,2.23,4.14,1471336878.7628174,4.14
2023-05-02,2014.300048828125,25.40399932861328,101.95999908447266,4119.580078125,17.780000686645508,71.66000366210938,3.438999891281128,1.24,2.2,3.97,2752906174.72229,3.97
2023-05-03,2028.5999755859375,25.47599983215332,101.33999633789062,4090.75,18.34000015258789,68.5999984741211,3.4030001163482666,1.18,2.2,3.89,2105512924.7955322,3.89
2023-05-04,2048.0,26.03499984741211,101.4000015258789,4061.219970703125,20.09000015258789,68.55999755859375,3.3510000705718994,1.18,2.19,3.75,2694116626.538086,3.75
2023-05-05,2017.4000244140625,25.743000030517578,101.20999908447266,4136.25,17.190000534057617,71.33999633789062,3.446000099182129,1.23,2.21,3.92,2344768509.977722,3.92
2023-05-08,2026.300048828125,25.63599967956543,101.37000274658203,4138.1201171875,16.979999542236328,73.16000366210938,3.5209999084472656,1.29,2.23,4.0,1140291840.8325195,4.0
2023-05-09,2036.199951171875,25.697999954223633,101.63999938964844,4119.169921875,17.709999084472656,73.70999908447266,3.5209999084472656,1.3,2.23,4.01,1341815206.3293457,4.01
2023-05-10,2030.5,25.461000442504883,101.4800033569336,4137.64013671875,16.940000534057617,72.55999755859375,3.438999891281128,1.26,2.17,3.9,1772758875.0,3.9
2023-05-11,2014.699951171875,24.2549991607666,102.05999755859375,4130.6201171875,16.93000030517578,70.87000274658203,3.3970000743865967,1.23,2.16,3.89,1542980455.2612305,3.89
2023-05-12,2014.5,23.992000579833984,102.68000030517578,4124.080078125,17.030000686645508,70.04000091552734,3.4630000591278076,1.28,2.18,3.98,1324015857.6965332,3.98
2023-05-15,2018.0,24.12700080871582,102.43000030517578,4136.27978515625,17.1200008392334,71.11000061035156,3.507999897003174,1.31,2.19,3.99,1033043538.0477905,3.99
2023-05-16,1988.4000244140625,23.73699951171875,102.55999755859375,4109.89990234375,17.989999771118164,70.86000061035156,3.5490000247955322,1.35,2.19,4.06,1759869918.5180664,4.06
2023-05-17,1980.699951171875,23.75200080871582,102.87999725341797,4158.77001953125,16.8700008392334,72.83000183105469,3.5810000896453857,1.35,2.22,4.12,1376990257.0663452,4.12
2023-05-18,1956.5,23.4950008392334,103.58000183105469,4198.0498046875,16.049999237060547,71.86000061035156,3.6480000019073486,1.42,2.23,4.24,1602483151.727295,4.24
2023-05-19,1978.699951171875,23.920000076293945,103.19999694824219,4191.97998046875,16.809999465942383,71.55000305175781,3.691999912261963,1.46,2.24,4.28,1549003394.8516846,4.28
2023-05-22,1974.800048828125,23.71500015258789,103.19999694824219,4192.6298828125,17.209999084472656,71.98999786376953,3.7190001010894775,1.48,2.24,4.29,885692135.4568481,4.29
2023-05-23,1972.4000244140625,23.474000930786133,103.48999786376953,4145.580078125,18.530000686645508,72.91000366210938,3.697999954223633,1.44,2.26,4.26,1163863303.527832,4.26
2023-05-24,1962.800048828125,23.114999771118164,103.88999938964844,4115.240234375,20.030000686645508,74.33999633789062,3.7190001010894775,1.48,2.25,4.31,1225051134.4528198,4.31
2023-05-25,1943.0999755859375,22.785999298095703,104.20999908447266,4151.27978515625,19.139999389648438,71.83000183105469,3.813999891281128,1.58,2.25,4.5,1246839818.8842773,4.5
2023-05-26,1944.0999755859375,23.239999771118164,104.20999908447266,4205.4501953125,17.950000762939453,72.66999816894531,3.809999942779541,1.57,2.23,4.54,1053623793.3364868,4.54
2023-05-30,1958.0,23.125,104.16999816894531,4205.52001953125,17.459999084472656,69.45999908447266,3.700000047683716,1.47,2.22,4.46,893106411.0610962,4.46
2023-05-31,1963.9000244140625,23.474000930786133,104.31999969482422,4179.830078125,17.940000534057617,68.08999633789062,3.63700008392334,1.46,2.18,4.4,1549337190.2404785,4.4
2023-06-01,1978.0,23.875,103.55999755859375,4221.02001953125,15.649999618530273,70.0999984741211,3.6080000400543213,1.45,2.16,4.33,1341539839.8971558,4.33
2023-06-02,1952.4000244140625,23.64299964904785,104.0199966430664,4282.3701171875,14.600000381469727,71.73999786376953,3.690999984741211,1.51,2.18,4.5,1579860431.6299438,4.5
2023-06-05,1958.0,23.534000396728516,104.0,4273.7900390625,14.729999542236328,72.1500015258789,3.693000078201294,1.5,2.19,4.46,1047086428.4912109,4.46
2023-06-06,1965.5,23.573999404907227,104.12999725341797,4283.85009765625,13.960000038146973,71.73999786376953,3.6989998817443848,1.5,2.2,4.51,905719229.8095703,4.51
2023-06-07,1942.699951171875,23.43899917602539,104.0999984741211,4267.52001953125,13.9399995803833,72.52999877929688,3.7839999198913574,1.58,2.21,4.56,1633329919.6624756,4.56
2023-06-08,1963.5999755859375,24.263999938964844,103.33999633789062,4293.93017578125,13.649999618530273,71.29000091552734,3.7139999866485596,1.53,2.2,4.52,1167115065.1947021,4.52
2023-06-09,1962.199951171875,24.333999633789062,103.55999755859375,4298.85986328125,13.829999923706055,70.16999816894531,3.744999885559082,1.55,2.2,4.59,797189538.5986328,4.59
2023-06-12,1955.300048828125,23.985000610351562,103.62999725341797,4338.93017578125,15.010000228881836,67.12000274658203,3.765000104904175,1.56,2.17,4.55,886410391.796875,4.55
2023-06-13,1944.5999755859375,23.756000518798828,103.33999633789062,4369.009765625,14.609999656677246,69.41999816894531,3.8389999866485596,1.64,2.2,4.67,925574383.5800171,4.67
2023-06-14,1955.300048828125,24.04400062561035,103.01000213623047,4372.58984375,13.880000114440918,68.2699966430664,3.7960000038146973,1.62,2.21,4.74,1229616475.845337,4.74
2023-06-15,1957.800048828125,23.891000747680664,102.12000274658203,4425.83984375,14.5,70.62000274658203,3.7279999256134033,1.51,2.21,4.62,1225891514.678955,4.62
2023-06-16,1958.4000244140625,24.076000213623047,102.30000305175781,4409.58984375,13.539999961853027,71.77999877929688,3.7690000534057617,1.55,2.22,4.7,1594547975.8666992,4.7
2023-06-20,1935.5,23.19300079345703,102.54000091552734,4388.7099609375,13.880000114440918,70.5,3.7290000915527344,1.52,2.22,4.68,1363259950.0,4.68
2023-06-21,1933.300048828125,22.77400016784668,102.06999969482422,4365.68994140625,13.199999809265137,72.52999877929688,3.7230000495910645,1.51,2.21,4.68,1202995863.8168335,4.68
2023-06-22,1912.699951171875,22.43600082397461,102.38999938964844,4381.89013671875,12.90999984741211,69.51000213623047,3.7990000247955322,1.56,2.24,4.77,1411906003.3416748,4.77
2023-06-23,1919.0999755859375,22.327999114990234,102.9000015258789,4348.330078125,13.4399995803833,69.16000366210938,3.739000082015991,1.53,2.21,4.71,965808343.460083,4.71
2023-06-26,1923.699951171875,22.80500030517578,102.69000244140625,4328.81982421875,14.25,69.37000274658203,3.7190001010894775,1.54,2.18,4.65,575177053.3004761,4.65
2023-06-27,1914.0,22.93899917602539,102.48999786376953,4378.41015625,13.739999771118164,67.69999694824219,3.7679998874664307,1.57,2.2,4.74,895006773.2971191,4.74
2023-06-28,1912.300048828125,22.868000030517578,102.91000366210938,4376.85986328125,13.430000305175781,69.55999755859375,3.7100000381469727,1.53,2.18,4.71,1040048568.838501,4.71
2023-06-29,1909.199951171875,22.590999603271484,103.33999633789062,4396.43994140625,13.539999961853027,69.86000061035156,3.8540000915527344,1.65,2.2,4.87,1215280099.8687744,4.87
2023-06-30,1921.0999755859375,22.809999465942383,102.91000366210938,4450.3798828125,13.59000015258789,70.63999938964844,3.819000005722046,1.59,2.22,4.87,1144653870.4330444,4.87
2023-07-03,1921.699951171875,22.895999908447266,102.98999786376953,4455.58984375,13.569999694824219,69.79000091552734,3.8580000400543213,1.61,2.25,4.94,729174883.9874268,4.94
2023-07-05,1919.5999755859375,23.19700050354004,103.37000274658203,4446.81982421875,14.180000305175781,71.79000091552734,3.944999933242798,1.69,2.26,4.94,1004902683.3068848,4.94
2023-07-06,1908.699951171875,22.68600082397461,103.16999816894531,4411.58984375,15.4399995803833,71.80000305175781,4.040999889373779,1.78,2.27,4.99,910132217.4682617,4.99
2023-07-07,1926.199951171875,23.091999053955078,102.2699966430664,4398.9501953125,14.829999923706055,73.86000061035156,4.050000190734863,1.79,2.27,4.94,929124500.8255005,4.94
2023-07-10,1925.0,23.150999069213867,101.97000122070312,4409.52978515625,15.069999694824219,72.98999786376953,4.00600004196167,1.76,2.25,4.85,593638985.9466553,4.85
2023-07-11,1931.300048828125,23.086000442504883,101.7300033569336,4439.259765625,14.84000015258789,74.83000183105469,3.9800000190734863,1.75,2.24,4.88,505833651.3977051,4.88
2023-07-12,1956.199951171875,24.118999481201172,100.5199966430664,4472.16015625,13.539999961853027,75.75,3.8610000610351562,1.6,2.26,4.72,1284436594.4824219,4.72
2023-07-13,1959.199951171875,24.76799964904785,99.7699966430664,4510.0400390625,13.609999656677246,76.88999938964844,3.760999917984009,1.52,2.24,4.59,824123054.1275024,4.59
2023-07-14,1960.0999755859375,25.013999938964844,99.91000366210938,4505.419921875,13.34000015258789,75.41999816894531,3.819000005722046,1.59,2.24,4.74,977907660.5224609,4.74
2023-07-17,1952.4000244140625,24.8439998626709,99.83999633789062,4522.7900390625,13.479999542236328,74.1500015258789,3.796999931335449,1.56,2.25,4.74,753909733.8623047,4.74
2023-07-18,1977.199951171875,25.083999633789062,99.94000244140625,4554.97998046875,13.300000190734863,75.75,3.7890000343322754,1.57,2.23,4.74,1512826314.9719238,4.74
2023-07-19,1977.5,25.2189998626709,100.27999877929688,4565.72021484375,13.760000228881836,75.3499984741211,3.742000102996826,1.53,2.22,4.74,718443564.8376465,4.74
2023-07-20,1968.300048828125,24.80500030517578,100.87999725341797,4534.8701171875,13.989999771118164,75.62999725341797,3.8540000915527344,1.5,2.35,4.8,908747773.3169556,4.8
2023-07-21,1964.300048828125,24.697999954223633,101.06999969482422,4536.33984375,13.600000381469727,77.06999969482422,3.8369998931884766,1.49,2.35,4.82,700554943.8354492,4.82
2023-07-24,1960.300048828125,24.43600082397461,101.3499984741211,4554.64013671875,13.90999984741211,78.73999786376953,3.8570001125335693,1.48,2.38,4.81,792717973.3276367,4.81
2023-07-25,1962.0999755859375,24.68000030517578,101.3499984741211,4567.4599609375,13.859999656677246,79.62999725341797,3.9119999408721924,1.52,2.39,4.85,746075155.9783936,4.85
2023-07-26,1968.9000244140625,24.825000762939453,100.88999938964844,4566.75,13.1899995803833,78.77999877929688,3.8510000705718994,1.5,2.36,4.82,1128834738.7939453,4.82
2023-07-27,1945.4000244140625,24.236000061035156,101.7699966430664,4537.41015625,14.40999984741211,80.08999633789062,4.01200008392334,1.64,2.37,4.91,1369892962.097168,4.91
2023-07-28,1960.4000244140625,24.3700008392334,101.62000274658203,4582.22998046875,13.329999923706055,80.58000183105469,3.9690001010894775,1.58,2.38,4.87,696305570.3369141,4.87
2023-07-31,1970.5,24.854000091552734,101.86000061035156,4588.9599609375,13.630000114440918,81.80000305175781,3.9590001106262207,1.6,2.37,4.88,1001976813.5375977,4.88
2023-08-01,1940.699951171875,24.20800018310547,102.30000305175781,4576.72998046875,13.930000305175781,81.37000274658203,4.051000118255615,1.68,2.37,4.92,1126016303.892517,4.92
2023-08-02,1937.4000244140625,23.753999710083008,102.58999633789062,4513.39013671875,16.09000015258789,79.48999786376953,4.078000068664551,1.72,2.36,4.88,1138610158.694458,4.88
2023-08-03,1932.0,23.586000442504883,102.54000091552734,4501.89013671875,15.920000076293945,81.55000305175781,4.189000129699707,1.83,2.37,4.9,832401270.8724976,4.9
2023-08-04,1939.5999755859375,23.617000579833984,102.0199966430664,4478.02978515625,17.100000381469727,82.81999969482422,4.059999942779541,1.67,2.38,4.78,959727991.003418,4.78
2023-08-07,1933.5,23.142000198364258,102.05000305175781,4518.43994140625,15.770000457763672,81.94000244140625,4.078000068664551,1.68,2.41,4.76,810879706.4941406,4.76
2023-08-08,1924.0999755859375,22.716999053955078,102.52999877929688,4499.3798828125,15.989999771118164,82.91999816894531,4.026000022888184,1.66,2.36,4.74,1100940452.2384644,4.74
2023-08-09,1915.4000244140625,22.649999618530273,102.48999786376953,4467.7099609375,15.960000038146973,84.4000015258789,4.01200008392334,1.66,2.34,4.79,825656728.8208008,4.79
2023-08-10,1914.4000244140625,22.746000289916992,102.5199966430664,4468.830078125,15.850000381469727,82.81999969482422,4.079999923706055,1.76,2.33,4.82,1053984996.2219238,4.82
2023-08-11,1912.9000244140625,22.673999786376953,102.83999633789062,4464.0498046875,14.84000015258789,83.19000244140625,4.168000221252441,1.8,2.36,4.89,939450752.2857666,4.89
2023-08-14,1910.5999755859375,22.643999099731445,103.19000244140625,4489.72021484375,14.819999694824219,82.51000213623047,4.184000015258789,1.83,2.36,4.96,1691719746.673584,4.96
2023-08-15,1902.5,22.594999313354492,103.20999908447266,4437.85986328125,16.459999084472656,80.98999786376953,4.2210001945495605,1.89,2.32,4.92,1339028965.2313232,4.92
2023-08-16,1896.0999755859375,22.479999542236328,103.41999816894531,4404.330078125,16.780000686645508,79.37999725341797,4.257999897003174,1.96,2.32,4.97,1151633906.0424805,4.97
2023-08-17,1884.0999755859375,22.670000076293945,103.44000244140625,4370.35986328125,17.889999389648438,80.38999938964844,4.308000087738037,1.97,2.33,4.94,1391478834.223938,4.94
2023-08-18,1886.0999755859375,22.69499969482422,103.37999725341797,4369.7099609375,17.299999237060547,81.25,4.250999927520752,1.94,2.32,4.92,1096338501.449585,4.92
2023-08-21,1893.300048828125,23.304000854492188,103.33000183105469,4399.77001953125,17.1299991607666,80.72000122070312,4.3420000076293945,2.0,2.34,4.97,739527173.7304688,4.97
2023-08-22,1896.4000244140625,23.420000076293945,103.55999755859375,4387.5498046875,16.969999313354492,80.3499984741211,4.328000068664551,1.99,2.35,5.02,1037616455.9631348,5.02
2023-08-23,1918.5,24.363000869750977,103.36000061035156,4436.009765625,15.979999542236328,78.88999938964844,4.197999954223633,1.84,2.35,4.95,1414065394.1482544,4.95
2023-08-24,1918.199951171875,24.211000442504883,103.9800033569336,4376.31005859375,17.200000762939453,79.05000305175781,4.235000133514404,1.91,2.32,4.98,982870273.7304688,4.98
2023-08-25,1911.0999755859375,24.219999313354492,104.08000183105469,4405.7099609375,15.680000305175781,79.83000183105469,4.238999843597412,1.92,2.33,5.03,1089307906.0546875,5.03
2023-08-28,1917.9000244140625,24.238000869750977,104.05999755859375,4433.31005859375,15.079999923706055,80.0999984741211,4.211999893188477,1.9,2.3,4.98,844460914.1479492,4.98
2023-08-29,1936.5,24.777000427246094,103.55000305175781,4497.6298828125,14.449999809265137,81.16000366210938,4.122000217437744,1.83,2.29,4.87,1362803005.0048828,4.87
2023-08-30,1944.300048828125,24.733999252319336,103.16000366210938,4514.8701171875,13.880000114440918,81.62999725341797,4.118000030517578,1.86,2.26,4.9,1188976032.2937012,4.9
2023-08-31,1938.199951171875,24.472000122070312,103.62000274658203,4507.66015625,13.569999694824219,83.62999725341797,4.0929999351501465,1.85,2.24,4.85,863303932.4890137,4.85
2023-09-01,1939.800048828125,24.23200035095215,104.23999786376953,4515.77001953125,13.09000015258789,85.55000305175781,4.172999858856201,1.92,2.26,4.87,895272780.0338745,4.87
2023-09-05,1926.199951171875,23.558000564575195,104.80999755859375,4496.830078125,14.010000228881836,86.69000244140625,4.26800012588501,1.98,2.29,4.94,1260626747.692871,4.94
2023-09-06,1918.0999755859375,23.20599937438965,104.86000061035156,4465.47998046875,14.449999809265137,87.54000091552734,4.289999961853027,2.0,2.3,5.01,1142948987.7685547,5.01
2023-09-07,1917.5,22.950000762939453,105.05999755859375,4451.14013671875,14.399999618530273,86.87000274658203,4.260000228881836,1.95,2.32,4.94,579846757.9162598,4.94
2023-09-08,1918.4000244140625,22.892000198364258,105.08999633789062,4457.490234375,13.84000015258789,87.51000213623047,4.257999897003174,1.93,2.33,4.98,586364022.0291138,4.98
2023-09-11,1923.300048828125,23.10300064086914,104.56999969482422,4487.4599609375,13.800000190734863,87.29000091552734,4.288000106811523,1.94,2.35,4.97,658172344.5098877,4.97
2023-09-12,1911.300048828125,23.12700080871582,104.70999908447266,4461.89990234375,14.229999542236328,88.83999633789062,4.263999938964844,1.93,2.34,4.98,789014070.4193115,4.98
2023-09-13,1909.0999755859375,22.91200065612793,104.7699966430664,4467.43994140625,13.479999542236328,88.5199966430664,4.249000072479248,1.9,2.35,4.96,686149591.0949707,4.96
2023-09-14,1910.0,22.74799919128418,105.41000366210938,4505.10009765625,12.819999694824219,90.16000366210938,4.288000106811523,1.95,2.34,5.0,1095690136.6760254,5.0
2023-09-15,1923.699951171875,23.125999450683594,105.31999969482422,4450.31982421875,13.789999961853027,90.7699966430664,4.322000026702881,1.98,2.35,5.02,1002431285.4156494,5.02
2023-09-18,1931.5,23.23200035095215,105.19999694824219,4453.52978515625,14.0,91.4800033569336,4.318999767303467,1.96,2.36,5.05,905793923.9181519,5.05
2023-09-19,1932.0,23.194000244140625,105.19999694824219,4443.9501953125,14.109999656677246,91.19999694824219,4.364999771118164,2.0,2.37,5.08,757150739.1571045,5.08
2023-09-20,1945.5999755859375,23.57900047302246,105.16000366210938,4402.2001953125,15.140000343322754,90.27999877929688,4.348999977111816,2.0,2.35,5.12,1672976856.9335938,5.12
2023-09-21,1919.199951171875,23.444000244140625,105.36000061035156,4330.0,17.540000915527344,89.62999725341797,4.480000019073486,2.11,2.38,5.12,1348176818.107605,5.12
2023-09-22,1925.4000244140625,23.59600067138672,105.58000183105469,4320.06005859375,17.200000762939453,90.02999877929688,4.438000202178955,2.07,2.37,5.1,649247958.2519531,5.1
2023-09-25,1916.5999755859375,23.145000457763672,106.0,4337.43994140625,16.899999618530273,89.68000030517578,4.541999816894531,2.18,2.37,5.09,991939152.9647827,5.09
2023-09-26,1900.4000244140625,22.950000762939453,106.2300033569336,4273.52978515625,18.940000534057617,90.38999938964844,4.558000087738037,2.23,2.33,5.04,1265884299.2340088,5.04
2023-09-27,1871.5999755859375,22.476999282836914,106.66999816894531,4274.509765625,18.219999313354492,93.68000030517578,4.625999927520752,2.27,2.34,5.1,1901102426.6479492,5.1
2023-09-28,1860.4000244140625,22.514999389648438,106.22000122070312,4299.7001953125,17.34000015258789,91.70999908447266,4.5970001220703125,2.2,2.39,5.04,1743022894.0109253,5.04
2023-09-29,1848.0999755859375,22.236000061035156,106.16999816894531,4288.0498046875,17.520000457763672,90.79000091552734,4.572999954223633,2.24,2.35,5.03,1787777698.1781006,5.03
2023-10-02,1830.0,21.218000411987305,106.9000015258789,4288.39013671875,17.610000610351562,88.81999969482422,4.683000087738037,2.34,2.35,5.12,2155572822.4487305,5.12
2023-10-03,1824.5999755859375,21.17799949645996,107.0,4229.4501953125,19.780000686645508,89.2300033569336,4.802000045776367,2.45,2.36,5.15,1938539809.967041,5.15
2023-10-04,1818.5,20.95599937438965,106.80000305175781,4263.75,18.579999923706055,84.22000122070312,4.735000133514404,2.4,2.33,5.05,1697252237.8753662,5.05
2023-10-05,1816.5999755859375,20.847999572753906,106.33000183105469,4258.18994140625,18.489999771118164,82.30999755859375,4.7170000076293945,2.41,2.31,5.03,1176778878.7628174,5.03
2023-10-06,1830.199951171875,21.540000915527344,106.04000091552734,4308.5,17.450000762939453,82.79000091552734,4.783999919891357,2.47,2.31,5.08,1688243449.6398926,5.08
2023-10-09,1849.5,21.740999221801758,106.08000183105469,4335.66015625,17.700000762939453,86.37999725341797,4.796999931335449,2.47,2.31,5.08,1763023304.7180176,5.08
2023-10-10,1861.0,21.775999069213867,105.83000183105469,4358.240234375,17.030000686645508,85.97000122070312,4.65500020980835,2.34,2.32,4.96,1008265312.8662109,4.96
2023-10-11,1872.800048828125,21.957000732421875,105.81999969482422,4376.9501953125,16.09000015258789,83.48999786376953,4.59499979019165,2.26,2.32,4.99,1238775072.1435547,4.99
2023-10-12,1869.300048828125,21.79199981689453,106.56999969482422,4349.60986328125,16.690000534057617,82.91000366210938,4.711999893188477,2.36,2.34,5.06,1024434369.5205688,5.06
2023-10-13,1927.4000244140625,22.726999282836914,106.6500015258789,4327.77978515625,19.31999969482422,87.69000244140625,4.629000186920166,2.29,2.34,5.04,3361378129.4174194,5.04
2023-10-16,1921.0999755859375,22.610000610351562,106.23999786376953,4373.6298828125,17.209999084472656,86.66000366210938,4.711999893188477,2.33,2.38,5.09,1492265840.298462,5.09
2023-10-17,1922.699951171875,22.863000869750977,106.25,4373.2001953125,17.8799991607666,86.66000366210938,4.8470001220703125,2.42,2.41,5.19,1467665395.7321167,5.19
2023-10-18,1955.300048828125,22.944000244140625,106.56999969482422,4314.60009765625,19.219999313354492,88.31999969482422,4.9039998054504395,2.47,2.44,5.19,2517855028.0273438,5.19
2023-10-19,1968.4000244140625,22.886999130249023,106.25,4278.0,21.399999618530273,89.37000274658203,4.98799991607666,2.49,2.49,5.14,2454614344.9035645,5.14
2023-10-20,1982.5,23.35099983215332,106.16000366210938,4224.16015625,21.709999084472656,88.75,4.923999786376953,2.46,2.47,5.07,2347326616.177368,5.07
2023-10-23,1976.300048828125,23.07200050354004,105.54000091552734,4217.0400390625,20.3700008392334,85.48999786376953,4.8379998207092285,2.45,2.41,5.05,1734519017.5720215,5.05
2023-10-24,1975.0,22.979999542236328,106.2699966430664,4247.68017578125,18.969999313354492,83.73999786376953,4.840000152587891,2.43,2.4,5.02,1206372279.876709,5.02
2023-10-25,1984.0999755859375,22.87700080871582,106.52999877929688,4186.77001953125,20.190000534057617,85.38999938964844,4.953000068664551,2.52,2.43,5.08,1853183652.3132324,5.08
2023-10-26,1987.199951171875,22.78700065612793,106.5999984741211,4137.22998046875,20.68000030517578,83.20999908447266,4.84499979019165,2.44,2.42,5.02,1411614271.8597412,5.02
2023-10-27,1988.5999755859375,22.770000457763672,106.55999755859375,4117.3701171875,21.270000457763672,85.54000091552734,4.84499979019165,2.42,2.42,4.99,2625236133.92334,4.99
2023-10-30,1996.199951171875,23.281999588012695,106.12000274658203,4166.81982421875,19.75,82.30999755859375,4.875,2.44,2.44,5.03,1620809693.4448242,5.03
2023-10-31,1985.199951171875,22.840999603271484,106.66000366210938,4193.7998046875,18.139999389648438,81.0199966430664,4.875,2.46,2.42,5.07,1860155776.9958496,5.07
2023-11-01,1978.800048828125,22.684999465942383,106.87999725341797,4237.85986328125,16.8700008392334,80.44000244140625,4.789000034332275,2.36,2.41,4.95,1660508536.2945557,4.95
2023-11-02,1985.5999755859375,22.750999450683594,106.12000274658203,4317.77978515625,15.65999984741211,82.45999908447266,4.669000148773193,2.27,2.4,4.98,1352122008.1420898,4.98
2023-11-03,1991.5,23.201000213623047,105.0199966430664,4358.33984375,14.90999984741211,80.51000213623047,4.558000087738037,2.18,2.39,4.83,1576332558.7280273,4.83
2023-11-06,1981.5999755859375,23.14900016784668,105.22000122070312,4365.97998046875,14.890000343322754,80.81999969482422,4.6620001792907715,2.25,2.42,4.93,1517166295.5047607,4.93
2023-11-07,1966.800048828125,22.507999420166016,105.54000091552734,4378.3798828125,14.8100004196167,77.37000274658203,4.571000099182129,2.19,2.39,4.91,1240845097.113037,4.91
2023-11-08,1951.5,22.64699935913086,105.58999633789062,4382.77978515625,14.449999809265137,75.33000183105469,4.5229997634887695,2.15,2.34,4.93,1218082519.7891235,4.93
2023-11-09,1964.199951171875,22.83099937438965,105.91000366210938,4347.35009765625,15.289999961853027,75.73999786376953,4.630000114440918,2.29,2.33,5.03,1177198622.63031,5.03
2023-11-10,1932.5999755859375,22.21500015258789,105.86000061035156,4415.240234375,14.170000076293945,77.16999816894531,4.627999782562256,2.29,2.32,5.04,1365460724.2156982,5.04
2023-11-13,1945.5,22.298999786376953,105.66000366210938,4411.5498046875,14.760000228881836,78.26000213623047,4.631999969482422,2.32,2.31,5.02,972208779.4143677,5.02
2023-11-14,1961.800048828125,23.07900047302246,104.11000061035156,4495.7001953125,14.15999984741211,78.26000213623047,4.440999984741211,2.16,2.28,4.8,1244170958.6425781,4.8
2023-11-15,1960.0999755859375,23.485000610351562,104.38999938964844,4502.8798828125,14.180000305175781,76.66000366210938,4.534999847412109,2.22,2.31,4.9,891743413.00354,4.9
2023-11-16,1983.9000244140625,23.892000198364258,104.37000274658203,4508.240234375,14.319999694824219,72.9000015258789,4.445000171661377,2.18,2.27,4.83,1516048697.1496582,4.83
2023-11-17,1981.5999755859375,23.80900001525879,103.81999969482422,4514.02001953125,13.800000190734863,75.88999938964844,4.440999984741211,2.16,2.28,4.88,894674928.0807495,4.88
2023-11-20,1977.699951171875,23.57900047302246,103.47000122070312,4547.3798828125,13.40999984741211,77.5999984741211,4.421999931335449,2.12,2.3,4.89,988235914.6850586,4.89
2023-11-21,1999.300048828125,23.843000411987305,103.58999633789062,4538.18994140625,13.350000381469727,77.7699966430664,4.418000221252441,2.16,2.25,4.86,1357206884.6923828,4.86
2023-11-22,1991.4000244140625,23.672000885009766,103.91999816894531,4556.6201171875,12.850000381469727,77.0999984741211,4.415999889373779,2.16,2.26,4.89,800565901.4099121,4.89
2023-11-24,2002.199951171875,24.32900047302246,103.4000015258789,4559.33984375,12.460000038146973,75.54000091552734,4.4720001220703125,2.21,2.26,4.92,453614962.44659424,4.92
2023-11-27,2011.800048828125,24.672000885009766,103.19999694824219,4550.43017578125,12.6899995803833,74.86000061035156,4.388999938964844,2.18,2.21,4.84,1180461135.003662,4.84
2023-11-28,2039.699951171875,24.93000030517578,102.75,4554.89013671875,12.6899995803833,76.41000366210938,4.335999965667725,2.12,2.22,4.73,2063293534.1140747,4.73
2023-11-29,2047.0999755859375,25.07200050354004,102.7699966430664,4550.580078125,12.979999542236328,77.86000061035156,4.270999908447266,2.06,2.21,4.64,1593519585.5545044,4.64
2023-11-30,2038.0999755859375,25.292999267578125,103.5,4567.7998046875,12.920000076293945,75.95999908447266,4.3520002365112305,2.14,2.23,4.73,1426591375.0,4.73
2023-12-01,2071.0,25.499000549316406,103.2699966430664,4594.6298828125,12.630000114440918,74.06999969482422,4.22599983215332,2.0,2.22,4.56,3211866384.112549,4.56
2023-12-04,2024.0999755859375,24.55500030517578,103.63999938964844,4569.77978515625,13.079999923706055,73.04000091552734,4.288000106811523,2.07,2.21,4.64,3467989541.267395,4.64
2023-12-05,2018.5,24.201000213623047,104.05000305175781,4567.18017578125,12.850000381469727,72.31999969482422,4.171000003814697,2.01,2.17,4.57,1315234012.1063232,4.57
2023-12-06,2030.5,23.888999938964844,104.1500015258789,4549.33984375,12.970000267028809,69.37999725341797,4.120999813079834,1.98,2.14,4.6,1085452202.8381348,4.6
2023-12-07,2029.9000244140625,23.73200035095215,103.54000091552734,4585.58984375,13.0600004196167,69.33999633789062,4.129000186920166,1.97,2.17,4.58,1091646264.5874023,4.58
2023-12-08,1998.300048828125,22.97100067138672,104.01000213623047,4604.3701171875,12.350000381469727,71.2300033569336,4.244999885559082,2.02,2.21,4.71,1463437243.1884766,4.71
2023-12-11,1978.0,22.773000717163086,104.0999984741211,4622.43994140625,12.630000114440918,71.31999969482422,4.238999843597412,2.04,2.19,4.71,1564094973.8006592,4.71
2023-12-12,1977.800048828125,22.72800064086914,103.87000274658203,4643.7001953125,12.069999694824219,68.61000061035156,4.205999851226807,2.04,2.16,4.73,927890608.7783813,4.73
2023-12-13,1982.300048828125,22.638999938964844,102.87000274658203,4707.08984375,12.1899995803833,69.47000122070312,4.0329999923706055,1.88,2.16,4.46,1995538916.9311523,4.46
2023-12-14,2030.199951171875,24.09600067138672,101.95999908447266,4719.5498046875,12.479999542236328,71.58000183105469,3.930000066757202,1.7,2.22,4.37,1718801817.0898438,4.37
2023-12-15,2021.0999755859375,23.8700008392334,102.55000305175781,4719.18994140625,12.279999732971191,71.43000030517578,3.927999973297119,1.69,2.22,4.44,1556737600.0,4.44
2023-12-18,2026.300048828125,23.83099937438965,102.51000213623047,4740.56005859375,12.5600004196167,72.47000122070312,3.9539999961853027,1.74,2.21,4.43,1006500332.7026367,4.43
2023-12-19,2038.4000244140625,24.040000915527344,102.16999816894531,4768.3701171875,12.529999732971191,73.44000244140625,3.921999931335449,1.74,2.19,4.41,1139621757.421875,4.41
2023-12-20,2034.5,24.347000122070312,102.41000366210938,4698.35009765625,13.670000076293945,74.22000122070312,3.877000093460083,1.67,2.19,4.34,1129051476.6357422,4.34
2023-12-21,2039.0999755859375,24.30699920654297,101.83999633789062,4746.75,13.649999618530273,73.88999938964844,3.8940000534057617,1.7,2.19,4.33,875166566.1621094,4.33
2023-12-22,2057.10009765625,24.290000915527344,101.69999694824219,4754.6298828125,13.029999732971191,73.55999755859375,3.9010000228881836,1.71,2.19,4.31,1365434631.6604614,4.31
2023-12-26,2058.199951171875,24.143999099731445,101.47000122070312,4774.75,12.989999771118164,75.56999969482422,3.885999917984009,1.71,2.18,4.26,863257649.49646,4.26
2023-12-27,2081.89990234375,24.375,100.98999786376953,4781.580078125,12.430000305175781,74.11000061035156,3.7890000343322754,1.64,2.15,4.2,1119583425.7110596,4.2
2023-12-28,2073.89990234375,24.134000778198242,101.2300033569336,4783.35009765625,12.470000267028809,71.7699966430664,3.8499999046325684,1.68,2.16,4.26,1181657112.5335693,4.26
2023-12-29,2062.39990234375,23.85300064086914,101.33000183105469,4769.830078125,12.449999809265137,71.6500015258789,3.865999937057495,1.72,2.16,4.23,881733382.5546265,4.23
2024-01-02,2064.39990234375,23.732999801635742,102.19999694824219,4742.830078125,13.199999809265137,70.37999725341797,3.946000099182129,1.74,2.21,4.33,1149202439.3554688,4.33
2024-01-03,2034.199951171875,22.945999145507812,102.45999908447266,4704.81005859375,14.039999961853027,72.69999694824219,3.9070000648498535,1.71,2.2,4.33,1638168450.2929688,4.33
2024-01-04,2042.300048828125,22.98900032043457,102.41999816894531,4688.68017578125,14.130000114440918,72.19000244140625,3.990999937057495,1.77,2.22,4.38,836169676.348877,4.38
2024-01-05,2042.4000244140625,23.121999740600586,102.41000366210938,4697.240234375,13.350000381469727,73.80999755859375,4.041999816894531,1.83,2.22,4.4,1416697810.6658936,4.4
2024-01-08,2026.5999755859375,23.1200008392334,102.20999908447266,4763.5400390625,13.079999923706055,70.7699966430664,4.001999855041504,1.79,2.22,4.36,1167612019.6533203,4.36
2024-01-09,2026.4000244140625,22.90399932861328,102.56999969482422,4756.5,12.760000228881836,72.23999786376953,4.019000053405762,1.8,2.22,4.36,833901756.5002441,4.36
2024-01-10,2021.699951171875,22.884000778198242,102.36000061035156,4783.4501953125,12.6899995803833,71.37000274658203,4.03000020980835,1.82,2.22,4.37,844631250.0,4.37
2024-01-11,2014.300048828125,22.53700065612793,102.29000091552734,4780.240234375,12.4399995803833,72.0199966430664,3.9769999980926514,1.76,2.22,4.26,1283358723.6450195,4.26
2024-01-12,2046.699951171875,23.16200065612793,102.4000015258789,4783.830078125,12.699999809265137,72.68000030517578,3.950000047683716,1.69,2.27,4.14,1296421272.8805542,4.14
2024-01-16,2026.0,22.933000564575195,103.36000061035156,4765.97998046875,13.84000015258789,72.4000015258789,4.065999984741211,1.77,2.3,4.22,1230453494.9798584,4.22
2024-01-17,2002.5999755859375,22.516000747680664,103.44999694824219,4739.2099609375,14.789999961853027,72.55999755859375,4.105999946594238,1.8,2.3,4.34,1606252256.3476562,4.34
2024-01-18,2018.5999755859375,22.66699981689453,103.54000091552734,4780.93994140625,14.130000114440918,74.08000183105469,4.144000053405762,1.8,2.34,4.34,877865901.1230469,4.34
2024-01-19,2026.5,22.570999145507812,103.29000091552734,4839.81005859375,13.300000190734863,73.41000366210938,4.145999908447266,1.81,2.34,4.39,1074903179.107666,4.39
2024-01-22,2019.800048828125,22.163000106811523,103.33000183105469,4850.43017578125,13.1899995803833,75.19000244140625,4.093999862670898,1.8,2.31,4.37,823299955.368042,4.37
2024-01-23,2023.699951171875,22.333999633789062,103.62000274658203,4864.60009765625,12.550000190734863,74.37000274658203,4.142000198364258,1.85,2.29,4.31,947418344.6166992,4.31
2024-01-24,2013.9000244140625,22.7549991607666,103.23999786376953,4868.5498046875,13.140000343322754,75.08999633789062,4.177999973297119,1.88,2.3,4.34,1134318522.857666,4.34
2024-01-25,2016.9000244140625,22.808000564575195,103.56999969482422,4894.16015625,13.449999809265137,77.36000061035156,4.131999969482422,1.85,2.29,4.28,870388137.1612549,4.28
2024-01-26,2016.800048828125,22.7549991607666,103.47000122070312,4890.97021484375,13.260000228881836,78.01000213623047,4.159999847412109,1.85,2.3,4.34,947168220.1782227,4.34
2024-01-29,2025.199951171875,23.13800048828125,103.61000061035156,4927.93017578125,13.600000381469727,76.77999877929688,4.091000080108643,1.78,2.3,4.29,1060241411.3082886,4.29
2024-01-30,2031.5,23.10700035095215,103.4000015258789,4924.97021484375,13.3100004196167,77.81999969482422,4.059000015258789,1.8,2.26,4.36,938518116.7755127,4.36
2024-01-31,2048.39990234375,23.051000595092773,103.2699966430664,4845.64990234375,14.350000381469727,75.8499984741211,3.9670000076293945,1.73,2.26,4.27,1486135520.9335327,4.27
2024-02-01,2053.0,23.1299991607666,103.05000305175781,4906.18994140625,13.880000114440918,73.81999969482422,3.86299991607666,1.68,2.19,4.2,1957053058.6395264,4.2
2024-02-02,2036.0999755859375,22.701000213623047,103.91999816894531,4958.60986328125,13.850000381469727,72.27999877929688,4.0329999923706055,1.82,2.21,4.36,1383944740.4785156,4.36
2024-02-05,2025.699951171875,22.334999084472656,104.44999694824219,4942.81005859375,13.670000076293945,72.77999877929688,4.164000034332275,1.9,2.27,4.46,1019649316.8151855,4.46
2024-02-06,2034.5,22.39299964904785,104.18000030517578,4954.22998046875,13.0600004196167,73.30999755859375,4.090000152587891,1.85,2.24,4.39,917503169.8501587,4.39
2024-02-07,2035.199951171875,22.277999877929688,104.04000091552734,4995.06005859375,12.829999923706055,73.86000061035156,4.110000133514404,1.86,2.23,4.41,1183195650.0,4.41
2024-02-08,2032.199951171875,22.565000534057617,104.1500015258789,4997.91015625,12.789999961853027,76.22000122070312,4.170000076293945,1.91,2.24,4.46,729458596.0922241,4.46
2024-02-09,2023.300048828125,22.527999877929688,104.08000183105469,5026.60986328125,12.930000305175781,76.83999633789062,4.186999797821045,1.92,2.25,4.48,827803786.932373,4.48
2024-02-12,2018.199951171875,22.708999633789062,104.16999816894531,5021.83984375,13.930000305175781,76.91999816894531,4.171999931335449,1.93,2.24,4.46,880595795.8724976,4.46
2024-02-13,1992.9000244140625,22.09600067138672,104.95999908447266,4953.169921875,15.850000381469727,77.87000274658203,4.315999984741211,2.02,2.29,4.64,1757795862.3718262,4.64
2024-02-14,1990.300048828125,22.33099937438965,104.72000122070312,5000.6201171875,14.380000114440918,76.63999938964844,4.267000198364258,1.97,2.3,4.56,1296767659.1247559,4.56
2024-02-15,2002.0999755859375,22.91200065612793,104.30000305175781,5029.72998046875,14.010000228881836,78.02999877929688,4.239999771118164,1.94,2.3,4.56,1156457596.810913,4.56
2024-02-16,2011.5,23.43899917602539,104.27999877929688,5005.56982421875,14.239999771118164,79.19000244140625,4.295000076293945,1.97,2.33,4.64,1214657266.12854,4.64
2024-02-20,2027.5,23.106000900268555,104.08000183105469,4975.509765625,15.420000076293945,78.18000030517578,4.275000095367432,1.95,2.32,4.59,1036934070.7519531,4.59
2024-02-21,2022.300048828125,22.85099983215332,104.01000213623047,4981.7998046875,15.34000015258789,77.91000366210938,4.324999809265137,1.98,2.34,4.64,1085359191.2658691,4.64
2024-02-22,2019.699951171875,22.764999389648438,103.95999908447266,5087.02978515625,14.539999961853027,78.61000061035156,4.327000141143799,2.02,2.31,4.69,853548036.8896484,4.69
2024-02-23,2038.5999755859375,22.9689998626709,103.94000244140625,5088.7998046875,13.75,76.48999786376953,4.260000228881836,1.96,2.3,4.67,1287765292.6635742,4.67
2024-02-26,2028.5,22.517000198364258,103.83000183105469,5069.52978515625,13.739999771118164,77.58000183105469,4.298999786376953,1.97,2.31,4.69,845375566.2918091,4.69
2024-02-27,2034.0,22.523000717163086,103.83000183105469,5078.18017578125,13.430000305175781,78.87000274658203,4.315000057220459,1.99,2.32,4.7,971095200.0,4.7
2024-02-28,2033.0,22.40999984741211,103.9800033569336,5069.759765625,13.84000015258789,78.54000091552734,4.27400016784668,1.94,2.33,4.64,531890983.6578369,4.64
2024-02-29,2045.699951171875,22.666000366210938,104.16000366210938,5096.27001953125,13.399999618530273,78.26000213623047,4.251999855041504,1.92,2.33,4.64,1296508449.2797852,4.64
2024-03-01,2086.89990234375,23.149999618530273,103.86000061035156,5137.080078125,13.109999656677246,79.97000122070312,4.179999828338623,1.87,2.32,4.54,2586847781.814575,4.54
2024-03-04,2117.699951171875,23.77899932861328,103.83000183105469,5130.9501953125,13.489999771118164,78.73999786376953,4.218999862670898,1.88,2.34,4.61,2394516895.89386,4.61
2024-03-05,2133.5,23.76300048828125,103.80000305175781,5078.64990234375,14.460000038146973,78.1500015258789,4.13700008392334,1.81,2.32,4.54,1907261141.6137695,4.54
2024-03-06,2150.300048828125,24.27199935913086,103.37000274658203,5104.759765625,14.5,79.12999725341797,4.104000091552734,1.81,2.3,4.55,2079413407.4645996,4.55
2024-03-07,2158.0,24.3700008392334,102.81999969482422,5157.35986328125,14.4399995803833,78.93000030517578,4.0920000076293945,1.81,2.28,4.5,1680235798.5168457,4.5
2024-03-08,2178.60009765625,24.339000701904297,102.73999786376953,5123.68994140625,14.739999771118164,78.01000213623047,4.089000225067139,1.81,2.28,4.48,2730090429.1137695,4.48
2024-03-11,2182.5,24.511999130249023,102.87000274658203,5117.93994140625,15.220000267028809,77.93000030517578,4.104000091552734,1.83,2.27,4.51,1480579200.0,4.51
2024-03-12,2160.39990234375,24.194000244140625,102.95999908447266,5175.27001953125,13.84000015258789,77.55999755859375,4.15500020980835,1.86,2.3,4.58,1885338250.643921,4.58
2024-03-13,2175.39990234375,24.958999633789062,102.79000091552734,5165.31005859375,13.75,79.72000122070312,4.191999912261963,1.89,2.3,4.61,1193056714.477539,4.61
2024-03-14,2163.0,24.874000549316406,103.36000061035156,5150.47998046875,14.399999618530273,81.26000213623047,4.297999858856201,1.99,2.3,4.68,1375402791.9006348,4.68
2024-03-15,2157.300048828125,25.200000762939453,103.43000030517578,5117.08984375,14.40999984741211,81.04000091552734,4.303999900817871,1.99,2.32,4.72,910018587.5930786,4.72
2024-03-18,2160.699951171875,25.090999603271484,103.58000183105469,5149.419921875,14.329999923706055,82.72000122070312,4.340000152587891,2.03,2.31,4.73,1441576195.2026367,4.73
2024-03-19,2156.300048828125,24.964000701904297,103.80999755859375,5178.509765625,13.819999694824219,83.47000122070312,4.296999931335449,2.0,2.3,4.68,930568514.213562,4.68
2024-03-20,2157.89990234375,24.933000564575195,103.41000366210938,5224.6201171875,13.039999961853027,81.68000030517578,4.2729997634887695,1.96,2.31,4.59,1939674413.7329102,4.59
2024-03-21,2182.39990234375,24.849000930786133,104.0,5241.52978515625,12.920000076293945,81.06999969482422,4.270999908447266,1.93,2.34,4.62,1493871114.0289307,4.62
2024-03-22,2158.10009765625,24.691999435424805,104.43000030517578,5234.18017578125,13.0600004196167,80.62999725341797,4.2179999351501465,1.87,2.35,4.59,1386121517.2271729,4.59
2024-03-25,2174.800048828125,24.7450008392334,104.2300033569336,5218.18994140625,13.1899995803833,81.94999694824219,4.252999782562256,1.92,2.33,4.54,810954474.1638184,4.54
2024-03-26,2175.60009765625,24.482999801635742,104.29000091552734,5203.580078125,13.239999771118164,81.62000274658203,4.234000205993652,1.92,2.32,4.56,1159974424.4888306,4.56
2024-03-27,2190.60009765625,24.625,104.3499984741211,5248.490234375,12.779999732971191,81.3499984741211,4.196000099182129,1.88,2.32,4.54,1226927136.871338,4.54
2024-03-28,2217.39990234375,24.797000885009766,104.55000305175781,5254.35009765625,13.010000228881836,83.16999816894531,4.205999851226807,1.88,2.32,4.59,1891492551.223755,4.59
2024-04-01,2236.5,24.95400047302246,105.0199966430664,5243.77001953125,13.649999618530273,83.70999908447266,4.328999996185303,1.98,2.35,4.72,2842375022.1740723,4.72
2024-04-02,2261.0,25.804000854492188,104.81999969482422,5205.81005859375,14.609999656677246,85.1500015258789,4.364999771118164,2.0,2.36,4.7,2830375770.8084106,4.7
2024-04-03,2294.39990234375,26.94499969482422,104.25,5211.490234375,14.329999923706055,85.43000030517578,4.355000019073486,2.0,2.36,4.68,2428682450.7110596,4.68
2024-04-04,2288.800048828125,27.139999389648438,104.12000274658203,5147.2099609375,16.350000381469727,86.58999633789062,4.309000015258789,1.97,2.34,4.65,2603240148.5824585,4.65
2024-04-05,2325.699951171875,27.399999618530273,104.30000305175781,5204.33984375,16.030000686645508,86.91000366210938,4.377999782562256,2.02,2.37,4.73,2879154069.831848,4.73
2024-04-08,2331.699951171875,27.711999893188477,104.13999938964844,5202.39013671875,15.1899995803833,86.43000030517578,4.423999786376953,2.04,2.38,4.78,2236541427.859497,4.78
2024-04-09,2343.5,27.891000747680664,104.1500015258789,5209.91015625,14.979999542236328,85.2300033569336,4.366000175476074,2.0,2.36,4.74,2844925109.0682983,4.74
2024-04-10,2329.60009765625,27.961000442504883,105.25,5160.64013671875,15.800000190734863,86.20999908447266,4.559999942779541,2.15,2.4,4.97,2871386183.128357,4.97
2024-04-11,2354.800048828125,28.176000595092773,105.27999877929688,5199.06005859375,14.90999984741211,85.0199966430664,4.576000213623047,2.16,2.4,4.93,2509060994.836426,4.93
2024-04-12,2356.199951171875,28.2549991607666,106.04000091552734,5123.41015625,17.309999465942383,85.66000366210938,4.499000072479248,2.11,2.39,4.88,6701640713.140869,4.88
2024-04-15,2365.800048828125,28.650999069213867,106.20999908447266,5061.81982421875,19.229999542236328,85.41000366210938,4.627999782562256,2.2,2.43,4.93,2925157009.5977783,4.93
2024-04-16,2390.800048828125,28.31800079345703,106.26000213623047,5051.41015625,18.399999618530273,85.36000061035156,4.658999919891357,2.24,2.43,4.97,2377252255.117798,4.97
2024-04-17,2371.699951171875,28.34600067138672,105.94999694824219,5022.2099609375,18.209999084472656,82.69000244140625,4.585000038146973,2.2,2.39,4.93,2529918306.8084717,4.93
2024-04-18,2382.300048828125,28.32900047302246,106.1500015258789,5011.1201171875,18.0,82.7300033569336,4.646999835968018,2.24,2.4,4.98,1431526922.2076416,4.98
2024-04-19,2398.39990234375,28.808000564575195,106.1500015258789,4967.22998046875,18.709999084472656,83.13999938964844,4.614999771118164,2.21,2.41,4.97,1920529659.3933105,4.97
2024-04-22,2332.199951171875,27.21299934387207,106.08000183105469,5010.60009765625,16.940000534057617,82.8499984741211,4.623000144958496,2.21,2.41,4.97,2889565049.1760254,4.97
2024-04-23,2327.699951171875,27.33099937438965,105.69000244140625,5070.5498046875,15.6899995803833,83.36000061035156,4.5980000495910645,2.2,2.41,4.86,2307443639.958191,4.86
2024-04-24,2324.5,27.323999404907227,105.86000061035156,5071.6298828125,15.970000267028809,82.80999755859375,4.6519999504089355,2.24,2.41,4.89,1232269700.4959106,4.89
2024-04-25,2329.800048828125,27.341999053955078,105.5999984741211,5048.419921875,15.369999885559082,83.56999969482422,4.705999851226807,2.28,2.42,4.96,1426475467.9031372,4.96
2024-04-26,2334.800048828125,27.240999221801758,105.94000244140625,5099.9599609375,15.029999732971191,83.8499984741211,4.669000148773193,2.24,2.43,4.96,1357882439.3920898,4.96
2024-04-29,2345.39990234375,27.37299919128418,105.58000183105469,5116.169921875,14.670000076293945,82.62999725341797,4.613999843597412,2.22,2.41,4.97,1385692135.0524902,4.97
2024-04-30,2291.39990234375,26.391000747680664,106.22000122070312,5035.68994140625,15.649999618530273,81.93000030517578,4.685999870300293,2.28,2.41,5.04,2383240827.0751953,5.04
2024-05-01,2299.89990234375,26.48900032043457,105.76000213623047,5018.39013671875,15.390000343322754,79.0,4.59499979019165,2.25,2.38,4.96,2217836011.351013,4.96
2024-05-02,2299.199951171875,26.58300018310547,105.30000305175781,5064.2001953125,14.680000305175781,78.94999694824219,4.571000099182129,2.21,2.37,4.87,1339948340.6982422,4.87
2024-05-03,2299.0,26.44499969482422,105.02999877929688,5127.7900390625,13.489999771118164,78.11000061035156,4.5,2.15,2.35,4.81,1848471562.2756958,4.81
2024-05-06,2321.60009765625,27.368999481201172,105.05000305175781,5180.740234375,13.489999771118164,78.4800033569336,4.488999843597412,2.14,2.35,4.82,1472075579.1244507,4.82
2024-05-07,2315.199951171875,27.30299949645996,105.41000366210938,5187.7001953125,13.229999542236328,78.37999725341797,4.4629998207092285,2.15,2.32,4.82,1212578585.005188,4.82
2024-05-08,2313.60009765625,27.361000061035156,105.55000305175781,5187.669921875,13.0,78.98999786376953,4.492000102996826,2.17,2.31,4.84,953143474.1714478,4.84
2024-05-09,2332.10009765625,28.131999969482422,105.2300033569336,5214.080078125,12.6899995803833,79.26000213623047,4.448999881744385,2.13,2.32,4.8,1677565851.4022827,4.8
2024-05-10,2367.300048828125,28.274999618530273,105.30999755859375,5222.68017578125,12.550000190734863,78.26000213623047,4.504000186920166,2.16,2.34,4.87,1902973897.416687,4.87
2024-05-13,2336.10009765625,28.22100067138672,105.22000122070312,5221.419921875,13.600000381469727,79.12000274658203,4.480999946594238,2.15,2.33,4.85,1058873811.1038208,4.85
2024-05-14,2353.39990234375,28.485000610351562,105.01000213623047,5246.68017578125,13.420000076293945,78.0199966430664,4.445000171661377,2.12,2.33,4.81,1016888225.9246826,4.81
2024-05-15,2388.699951171875,29.513999938964844,104.3499984741211,5308.14990234375,12.449999809265137,78.62999725341797,4.355999946594238,2.05,2.31,4.73,2053768947.3251343,4.73
2024-05-16,2380.0,29.665000915527344,104.45999908447266,5297.10009765625,12.420000076293945,79.2300033569336,4.376999855041504,2.07,2.31,4.78,946503045.7489014,4.78
2024-05-17,2412.199951171875,31.047000885009766,104.44999694824219,5303.27001953125,11.989999771118164,80.05999755859375,4.420000076293945,2.1,2.32,4.83,2344381792.3858643,4.83
2024-05-20,2433.89990234375,32.20500183105469,104.56999969482422,5308.1298828125,12.149999618530273,79.80000305175781,4.436999797821045,2.11,2.33,4.82,1345316489.3737793,4.82
2024-05-21,2421.699951171875,31.868000030517578,104.66000366210938,5321.41015625,11.859999656677246,79.26000213623047,4.414000034332275,2.09,2.32,4.82,897502980.8990479,4.82
2024-05-22,2389.199951171875,31.295000076293945,104.94000244140625,5307.009765625,12.289999961853027,77.56999969482422,4.434000015258789,2.1,2.33,4.86,1959661346.434021,4.86
2024-05-23,2335.0,30.284000396728516,105.11000061035156,5267.83984375,12.770000457763672,76.87000274658203,4.474999904632568,2.17,2.3,4.91,2057515799.6429443,4.91
2024-05-24,2332.5,30.329999923706055,104.72000122070312,5304.72021484375,11.930000305175781,77.72000122070312,4.4670000076293945,2.14,2.32,4.93,909541400.2868652,4.93
2024-05-28,2355.199951171875,31.97100067138672,104.61000061035156,5306.0400390625,12.920000076293945,79.83000183105469,4.541999816894531,2.2,2.34,4.94,831238452.3010254,4.94
2024-05-29,2340.300048828125,32.202999114990234,105.0999984741211,5266.9501953125,14.279999732971191,79.2300033569336,4.624000072479248,2.25,2.36,4.96,904629615.3259277,4.96
2024-05-30,2342.89990234375,31.38800048828125,104.72000122070312,5235.47998046875,14.470000267028809,77.91000366210938,4.553999900817871,2.19,2.36,4.92,664610038.4765625,4.92
2024-05-31,2322.89990234375,30.297000885009766,104.66999816894531,5277.509765625,12.920000076293945,76.98999786376953,4.513999938964844,2.16,2.35,4.89,1209383177.142334,4.89
2024-06-03,2346.60009765625,30.641000747680664,104.13999938964844,5283.39990234375,13.109999656677246,74.22000122070312,4.4019999504089355,2.08,2.33,4.82,1340812179.534912,4.82
2024-06-04,2325.5,29.488000869750977,104.11000061035156,5291.33984375,13.15999984741211,73.25,4.335999965667725,2.02,2.31,4.77,1186008561.5386963,4.77
2024-06-05,2354.10009765625,29.947999954223633,104.2699966430664,5354.02978515625,12.630000114440918,74.06999969482422,4.289000034332275,1.99,2.3,4.72,1193479384.1308594,4.72
2024-06-06,2370.300048828125,31.246999740600586,104.0999984741211,5352.9599609375,12.579999923706055,75.55000305175781,4.281000137329102,2.0,2.28,4.72,1159446138.2995605,4.72
2024-06-07,2305.199951171875,29.334999084472656,104.88999938964844,5346.990234375,12.220000267028809,75.52999877929688,4.429999828338623,2.13,2.3,4.87,2580483234.4329834,4.87
2024-06-10,2307.699951171875,29.768999099731445,105.1500015258789,5360.7900390625,12.739999771118164,77.73999786376953,4.468999862670898,2.16,2.31,4.87,900135133.6990356,4.87
2024-06-11,2307.5,29.132999420166016,105.2300033569336,5375.31982421875,12.850000381469727,77.9000015258789,4.4039998054504395,2.12,2.27,4.81,857477990.5609131,4.81
2024-06-12,2336.0,30.176000595092773,104.6500015258789,5421.02978515625,12.039999961853027,78.5,4.295000076293945,2.09,2.22,4.75,1269403175.2166748,4.75
2024-06-13,2300.199951171875,28.989999771118164,105.19999694824219,5433.740234375,11.9399995803833,78.62000274658203,4.23799991607666,2.03,2.21,4.68,1248238474.154663,4.68
2024-06-14,2331.39990234375,29.402000427246094,105.55000305175781,5431.60009765625,12.65999984741211,78.44999694824219,4.2129998207092285,2.03,2.17,4.67,1526613314.7659302,4.67
2024-06-17,2312.39990234375,29.325000762939453,105.31999969482422,5473.22998046875,12.75,80.33000183105469,4.2789998054504395,2.06,2.22,4.75,832193199.3667603,4.75
2024-06-18,2330.39990234375,29.5049991607666,105.26000213623047,5487.02978515625,12.300000190734863,81.56999969482422,4.2170000076293945,2.01,2.21,4.69,1060414064.0075684,4.69
2024-06-20,2353.800048828125,30.775999069213867,105.58999633789062,5473.169921875,13.279999732971191,82.16999816894531,4.254000186920166,2.0,2.25,4.7,1590495506.6986084,4.7
2024-06-21,2316.39990234375,29.572999954223633,105.80000305175781,5464.6201171875,13.199999809265137,80.7300033569336,4.256999969482422,2.02,2.23,4.7,1904153557.1777344,4.7
2024-06-24,2330.0,29.48900032043457,105.47000122070312,5447.8701171875,13.329999923706055,81.62999725341797,4.248000144958496,2.03,2.22,4.71,997698469.5922852,4.71
2024-06-25,2316.60009765625,28.836999893188477,105.61000061035156,5469.2998046875,12.84000015258789,80.83000183105469,4.23799991607666,2.01,2.22,4.65,819812294.6716309,4.65
2024-06-26,2299.199951171875,28.909000396728516,106.05000305175781,5477.89990234375,12.550000190734863,80.9000015258789,4.315999984741211,2.06,2.26,4.71,997063982.5881958,4.71
2024-06-27,2324.5,28.917999267578125,105.91000366210938,5482.8701171875,12.239999771118164,81.73999786376953,4.288000106811523,2.03,2.26,4.7,1070177249.3438721,4.7
2024-06-28,2327.699951171875,29.23699951171875,105.87000274658203,5460.47998046875,12.4399995803833,81.54000091552734,4.3429999351501465,2.08,2.28,4.71,850386029.2739868,4.71
2024-07-01,2327.60009765625,29.299999237060547,105.9000015258789,5475.08984375,12.220000267028809,83.37999725341797,4.479000091552734,2.16,2.32,4.77,818713330.8166504,4.77
2024-07-02,2323.0,29.35300064086914,105.72000122070312,5509.009765625,12.029999732971191,82.80999755859375,4.435999870300293,2.13,2.3,4.74,1060921639.9841309,4.74
2024-07-03,2359.800048828125,30.54800033569336,105.4000015258789,5537.02001953125,12.09000015258789,83.87999725341797,4.355000019073486,2.09,2.27,4.71,1102004874.7695923,4.71
2024-07-05,2388.5,31.38800048828125,104.87999725341797,5567.18994140625,12.479999542236328,83.16000366210938,4.271999835968018,2.0,2.28,4.6,1314666014.416504,4.6
2024-07-08,2355.199951171875,30.618000030517578,105.01000213623047,5572.85009765625,12.369999885559082,82.33000183105469,4.269000053405762,2.01,2.27,4.62,1263494666.1376953,4.62
2024-07-09,2360.10009765625,30.77199935913086,105.12000274658203,5576.97998046875,12.510000228881836,81.41000366210938,4.300000190734863,2.04,2.26,4.62,852711830.4748535,4.62
2024-07-10,2372.199951171875,30.726999282836914,105.05000305175781,5633.91015625,12.850000381469727,82.0999984741211,4.28000020980835,2.01,2.27,4.62,1218808035.3912354,4.62
2024-07-11,2415.0,31.393999099731445,104.44000244140625,5584.5400390625,12.920000076293945,82.62000274658203,4.192999839782715,1.95,2.25,4.5,2081136500.0,4.5
2024-07-12,2414.0,30.88599967956543,104.08999633789062,5615.35009765625,12.460000038146973,82.20999908447266,4.189000129699707,1.94,2.24,4.45,1155553626.1611938,4.45
2024-07-15,2422.89990234375,30.672000885009766,104.19000244140625,5631.22021484375,13.119999885559082,81.91000366210938,4.229000091552734,1.96,2.27,4.44,1280150929.472351,4.44
2024-07-16,2462.39990234375,31.19499969482422,104.2699966430664,5667.2001953125,13.1899995803833,80.76000213623047,4.166999816894531,1.91,2.26,4.43,2527330028.6727905,4.43
2024-07-17,2454.800048828125,30.136999130249023,103.75,5588.27001953125,14.479999542236328,82.8499984741211,4.145999908447266,1.9,2.26,4.42,1958836178.1692505,4.42
2024-07-18,2451.800048828125,29.9950008392334,104.16999816894531,5544.58984375,15.930000305175781,82.81999969482422,4.189000129699707,1.89,2.31,4.46,1238516183.303833,4.46
2024-07-19,2395.5,29.08799934387207,104.4000015258789,5505.0,16.520000457763672,80.12999725341797,4.238999843597412,1.93,2.32,4.49,1921512142.9748535,4.49
2024-07-22,2392.0,29.124000549316406,104.30999755859375,5564.41015625,14.90999984741211,79.77999877929688,4.260000228881836,1.96,2.3,4.5,1183103396.2783813,4.5
2024-07-23,2404.60009765625,29.131999969482422,104.44999694824219,5555.740234375,14.720000267028809,76.95999908447266,4.238999843597412,1.96,2.29,4.4,987298114.1220093,4.4
2024-07-24,2413.300048828125,29.115999221801758,104.38999938964844,5427.1298828125,18.040000915527344,77.58999633789062,4.285999774932861,2.0,2.28,4.37,1516845860.8703613,4.37
2024-07-25,2351.89990234375,27.80699920654297,104.36000061035156,5399.22021484375,18.459999084472656,78.27999877929688,4.25600004196167,1.99,2.28,4.41,2134634260.9024048,4.41
2024-07-26,2380.0,27.860000610351562,104.31999969482422,5459.10009765625,16.389999389648438,77.16000366210938,4.199999809265137,1.93,2.27,4.36,1396323174.9023438,4.36
2024-07-29,2377.300048828125,27.702999114990234,104.55999755859375,5463.5400390625,16.600000381469727,75.80999755859375,4.177999973297119,1.92,2.25,4.36,1027814866.1682129,4.36
2024-07-30,2405.0,28.364999771118164,104.55000305175781,5436.43994140625,17.690000534057617,74.7300033569336,4.14300012588501,1.9,2.25,4.35,1099137561.1038208,4.35
2024-07-31,2426.5,28.777999877929688,104.0999984741211,5522.2998046875,16.360000610351562,77.91000366210938,4.109000205993652,1.85,2.24,4.29,1657575752.3284912,4.29
2024-08-01,2435.0,28.33099937438965,104.41999816894531,5446.68017578125,18.59000015258789,76.30999755859375,3.9760000705718994,1.79,2.2,4.16,1629427274.835205,4.16
2024-08-02,2425.699951171875,28.246000289916992,103.20999908447266,5346.56005859375,23.389999389648438,73.5199966430664,3.7920000553131104,1.76,2.04,3.88,2503392155.316162,3.88
2024-08-05,2401.699951171875,27.076000213623047,102.69000244140625,5186.330078125,38.56999969482422,72.94000244140625,3.7850000858306885,1.71,2.07,3.89,1988748681.8084717,3.89
2024-08-06,2389.10009765625,27.09600067138672,102.97000122070312,5240.02978515625,27.709999084472656,73.19999694824219,3.888000011444092,1.78,2.12,3.99,3169759566.169739,3.99
2024-08-07,2390.5,26.829999923706055,103.19999694824219,5199.5,27.850000381469727,75.2300033569336,3.9679999351501465,1.85,2.11,4.0,1166224306.137085,4.0
2024-08-08,2422.199951171875,27.5,103.20999908447266,5319.31005859375,23.790000915527344,76.19000244140625,3.996999979019165,1.87,2.12,4.04,1417333636.2442017,4.04
2024-08-09,2432.10009765625,27.48699951171875,103.13999938964844,5344.16015625,20.3700008392334,76.83999633789062,3.941999912261963,1.84,2.1,4.05,997270949.1577148,4.05
2024-08-12,2462.39990234375,27.91699981689453,103.13999938964844,5344.39013671875,20.709999084472656,80.05999755859375,3.9089999198913574,1.79,2.11,4.01,1270256553.3660889,4.01
2024-08-13,2466.699951171875,27.69499969482422,102.55999755859375,5434.43017578125,18.1200008392334,78.3499984741211,3.8519999980926514,1.76,2.09,3.93,1537169995.5444336,3.93
2024-08-14,2439.39990234375,27.253999710083008,102.56999969482422,5455.2099609375,16.190000534057617,76.9800033569336,3.819999933242798,1.77,2.06,3.94,1235617483.329773,3.94
2024-08-15,2453.10009765625,28.341999053955078,102.9800033569336,5543.22021484375,15.229999542236328,78.16000366210938,3.9260001182556152,1.8,2.12,4.08,1196564522.3114014,4.08
2024-08-16,2498.60009765625,28.777999877929688,102.45999908447266,5554.25,14.800000190734863,76.6500015258789,3.8919999599456787,1.81,2.08,4.06,2766364820.503235,4.06
2024-08-19,2501.800048828125,29.239999771118164,101.88999938964844,5608.25,14.649999618530273,74.37000274658203,3.867000102996826,1.79,2.07,4.06,1196219331.1523438,4.06
2024-08-20,2511.300048828125,29.454999923706055,101.44000244140625,5597.1201171875,15.880000114440918,74.04000091552734,3.818000078201294,1.75,2.07,3.99,2109249116.9189453,3.99
2024-08-21,2508.39990234375,29.47599983215332,101.04000091552734,5620.85009765625,16.270000457763672,71.93000030517578,3.7780001163482666,1.72,2.07,3.92,1239077377.4230957,3.92
2024-08-22,2478.89990234375,29.006000518798828,101.51000213623047,5570.64013671875,17.549999237060547,73.01000213623047,3.861999988555908,1.76,2.1,3.99,1322409769.8486328,3.99
2024-08-23,2508.39990234375,29.785999298095703,100.72000122070312,5634.60986328125,15.859999656677246,74.83000183105469,3.806999921798706,1.68,2.13,3.9,1257130787.1490479,3.9
2024-08-26,2517.699951171875,29.976999282836914,100.8499984741211,5616.83984375,16.149999618530273,77.41999816894531,3.818000078201294,1.67,2.15,3.91,733519846.6888428,3.91
2024-08-27,2516.0,29.951000213623047,100.55000305175781,5625.7998046875,15.430000305175781,75.52999877929688,3.8329999446868896,1.68,2.15,3.83,1035224681.2927246,3.83
2024-08-28,2501.0,29.176000595092773,101.08999633789062,5592.18017578125,17.110000610351562,74.5199966430664,3.8410000801086426,1.69,2.15,3.83,1149827625.0,3.83
2024-08-29,2525.699951171875,29.55699920654297,101.33999633789062,5591.9599609375,15.649999618530273,75.91000366210938,3.867000102996826,1.71,2.16,3.87,1286862373.1414795,3.87
2024-08-30,2493.800048828125,28.731000900268555,101.69999694824219,5648.39990234375,15.0,73.55000305175781,3.9110000133514404,1.76,2.15,3.91,1328298431.4422607,3.91
2024-09-03,2489.89990234375,27.951000213623047,101.83000183105469,5528.93017578125,20.719999313354492,70.33999633789062,3.8440001010894775,1.73,2.11,3.88,1477978147.9110718,3.88
2024-09-04,2493.39990234375,28.16699981689453,101.36000061035156,5520.06982421875,21.31999969482422,69.19999694824219,3.7679998874664307,1.7,2.07,3.76,1082099245.6054688,3.76
2024-09-05,2511.39990234375,28.719999313354492,101.11000061035156,5503.41015625,19.899999618530273,69.1500015258789,3.7309999465942383,1.7,2.03,3.75,1124132564.529419,3.75
2024-09-06,2493.5,27.808000564575195,101.18000030517578,5408.419921875,22.3799991607666,67.66999816894531,3.7100000381469727,1.69,2.03,3.66,1456612984.8388672,3.66
2024-09-09,2501.800048828125,28.291000366210938,101.55000305175781,5471.0498046875,19.450000762939453,68.70999908447266,3.697000026702881,1.66,2.04,3.68,821902101.6601562,3.68
2024-09-10,2512.300048828125,28.256999969482422,101.62999725341797,5495.52001953125,19.079999923706055,65.75,3.6459999084472656,1.63,2.02,3.59,1018480124.621582,3.59
2024-09-11,2512.10009765625,28.562999725341797,101.68000030517578,5554.1298828125,17.690000534057617,67.30999755859375,3.6530001163482666,1.61,2.04,3.62,1077012925.0,3.62
2024-09-12,2551.199951171875,29.743000030517578,101.37000274658203,5595.759765625,17.06999969482422,68.97000122070312,3.680000066757202,1.63,2.05,3.64,2346804184.1827393,3.64
2024-09-13,2581.300048828125,30.698999404907227,101.11000061035156,5626.02001953125,16.559999465942383,68.6500015258789,3.6500000953674316,1.58,2.08,3.57,1779383213.3972168,3.57
2024-09-16,2580.39990234375,30.770999908447266,100.76000213623047,5633.08984375,17.139999389648438,70.08999633789062,3.621000051498413,1.54,2.09,3.56,1124923927.2613525,3.56
2024-09-17,2564.300048828125,30.618999481201172,100.88999938964844,5634.580078125,17.610000610351562,71.19000244140625,3.6419999599456787,1.53,2.12,3.59,1247720094.7479248,3.59
2024-09-18,2570.699951171875,30.340999603271484,100.5999984741211,5618.259765625,18.229999542236328,70.91000366210938,3.684999942779541,1.58,2.12,3.61,2609709800.1296997,3.61
2024-09-19,2588.0,31.0939998626709,100.61000061035156,5713.64013671875,16.329999923706055,71.94999694824219,3.740000009536743,1.56,2.17,3.59,1460898182.8155518,3.59
2024-09-20,2619.89990234375,31.176000595092773,100.72000122070312,5702.5498046875,16.149999618530273,71.91999816894531,3.7279999256134033,1.58,2.15,3.55,1874075705.947876,3.55
2024-09-23,2626.5,30.767000198364258,100.91999816894531,5718.56982421875,15.890000343322754,70.37000274658203,3.739000082015991,1.58,2.17,3.57,1316830176.2573242,3.57
2024-09-24,2651.199951171875,32.111000061035156,100.37000274658203,5732.93017578125,15.390000343322754,71.55999755859375,3.7360000610351562,1.55,2.19,3.49,2063616902.4230957,3.49
2024-09-25,2659.199951171875,31.697999954223633,100.91999816894531,5722.259765625,15.40999984741211,69.69000244140625,3.7809998989105225,1.61,2.18,3.53,1816780150.4119873,3.53
2024-09-26,2669.89990234375,32.025001525878906,100.55999755859375,5745.3701171875,15.369999885559082,67.66999816894531,3.7909998893737793,1.63,2.16,3.6,1739010847.9171753,3.6
2024-09-27,2644.300048828125,31.518999099731445,100.41999816894531,5738.169921875,16.959999084472656,68.18000030517578,3.749000072479248,1.6,2.15,3.55,2040918627.5878906,3.55
2024-09-30,2636.10009765625,31.163999557495117,100.77999877929688,5762.47998046875,16.729999542236328,68.16999816894531,3.802000045776367,1.63,2.18,3.66,1681173085.1135254,3.66
2024-10-01,2667.300048828125,31.44499969482422,101.19000244140625,5708.75,19.260000228881836,69.83000183105469,3.743000030517578,1.55,2.19,3.61,2604816861.4730835,3.61
2024-10-02,2647.10009765625,31.628000259399414,101.68000030517578,5709.5400390625,18.899999618530273,70.0999984741211,3.7850000858306885,1.58,2.21,3.63,1670193232.8979492,3.63
2024-10-03,2657.10009765625,32.18899917602539,101.98999786376953,5699.93994140625,20.489999771118164,73.70999908447266,3.8499999046325684,1.64,2.21,3.7,1393033036.1709595,3.7
2024-10-04,2645.800048828125,32.12799835205078,102.5199966430664,5751.06982421875,19.209999084472656,74.37999725341797,3.9809999465942383,1.75,2.23,3.93,1457211000.0,3.93
2024-10-07,2644.800048828125,31.7450008392334,102.54000091552734,5695.93994140625,22.639999389648438,77.13999938964844,4.026000022888184,1.76,2.27,3.99,939810322.9522705,3.99
2024-10-08,2615.0,30.354999542236328,102.55000305175781,5751.1298828125,21.420000076293945,73.56999969482422,4.0329999923706055,1.77,2.27,3.98,1858929388.5498047,3.98
2024-10-09,2606.0,30.424999237060547,102.93000030517578,5792.0400390625,20.860000610351562,73.23999786376953,4.066999912261963,1.77,2.29,3.99,993246537.5747681,3.99
2024-10-10,2620.60009765625,31.0049991607666,102.98999786376953,5780.0498046875,20.93000030517578,75.8499984741211,4.0960001945495605,1.76,2.33,3.98,1163763449.1027832,3.98
2024-10-11,2657.60009765625,31.520000457763672,102.88999938964844,5815.02978515625,20.459999084472656,75.55999755859375,4.072999954223633,1.75,2.33,3.95,1421148572.0672607,3.95
2024-10-14,2647.800048828125,31.08300018310547,103.30000305175781,5859.85009765625,19.700000762939453,73.83000183105469,4.0980000495910645,1.75,2.33,3.95,961385131.7321777,3.95
2024-10-15,2661.39990234375,31.527000427246094,103.26000213623047,5815.259765625,20.639999389648438,70.58000183105469,4.038000106811523,1.75,2.28,3.95,1387185525.6713867,3.95
2024-10-16,2674.0,31.760000228881836,103.58999633789062,5842.47021484375,19.579999923706055,70.38999938964844,4.015999794006348,1.75,2.27,3.93,1342494051.8463135,3.93
2024-10-17,2691.0,31.572999954223633,103.83000183105469,5841.47021484375,19.110000610351562,70.66999816894531,4.0960001945495605,1.79,2.3,3.96,1286958631.274414,3.96
2024-10-18,2713.699951171875,33.03200149536133,103.48999786376953,5864.669921875,18.030000686645508,69.22000122070312,4.072999954223633,1.77,2.31,3.95,1968348705.46875,3.95
2024-10-21,2723.10009765625,33.86899948120117,104.01000213623047,5853.97998046875,18.3700008392334,70.55999755859375,4.182000160217285,1.88,2.31,4.02,2325945503.302002,4.02
2024-10-22,2744.199951171875,34.83100128173828,104.08000183105469,5851.2001953125,18.200000762939453,72.08999633789062,4.203999996185303,1.87,2.33,4.03,1461697216.8395996,4.03
2024-10-23,2714.39990234375,33.63999938964844,104.43000030517578,5797.419921875,19.239999771118164,70.7699966430664,4.242000102996826,1.93,2.31,4.07,2027280430.5419922,4.07
2024-10-24,2734.89990234375,33.611000061035156,104.05999755859375,5809.85986328125,19.079999923706055,70.19000244140625,4.199999809265137,1.91,2.3,4.07,1507244178.1951904,4.07
2024-10-25,2740.89990234375,33.60300064086914,104.26000213623047,5808.1201171875,20.329999923706055,71.77999877929688,4.23199987411499,1.96,2.29,4.11,1120814372.4060059,4.11
2024-10-28,2742.89990234375,33.83000183105469,104.31999969482422,5823.52001953125,19.799999237060547,67.37999725341797,4.2779998779296875,1.99,2.29,4.12,1020691910.3775024,4.12
2024-10-29,2768.39990234375,34.26900100708008,104.27999877929688,5832.919921875,19.34000015258789,67.20999908447266,4.27400016784668,1.98,2.3,4.11,2272926762.4969482,4.11
2024-10-30,2788.5,33.91400146484375,103.98999786376953,5813.669921875,20.350000381469727,68.61000061035156,4.265999794006348,1.95,2.34,4.15,1644446500.0,4.15
2024-10-31,2738.300048828125,32.65299987792969,103.9800033569336,5705.4501953125,23.15999984741211,69.26000213623047,4.283999919891357,1.95,2.33,4.16,2517557053.4484863,4.16
2024-11-01,2738.60009765625,32.54199981689453,104.27999877929688,5728.7998046875,21.8799991607666,69.48999786376953,4.361000061035156,2.04,2.33,4.21,1634238317.9016113,4.21
2024-11-04,2736.10009765625,32.47999954223633,103.88999938964844,5712.68994140625,21.979999542236328,71.47000122070312,4.309000015258789,2.03,2.28,4.17,1158315370.388794,4.17
2024-11-05,2740.300048828125,32.654998779296875,103.41999816894531,5782.759765625,20.489999771118164,71.98999786376953,4.289000034332275,1.99,2.27,4.19,1527976623.1964111,4.19
2024-11-06,2667.60009765625,31.22100067138672,105.08999633789062,5929.0400390625,16.270000457763672,71.69000244140625,4.426000118255615,2.04,2.38,4.27,3587269095.4437256,4.27
2024-11-07,2698.39990234375,31.764999389648438,104.51000213623047,5973.10009765625,15.199999809265137,72.36000061035156,4.341000080108643,1.98,2.33,4.21,2202262456.1584473,4.21
2024-11-08,2687.5,31.358999252319336,105.0,5995.5400390625,14.9399995803833,70.37999725341797,4.306000232696533,1.95,2.35,4.26,1554188526.0818481,4.26
2024-11-11,2611.199951171875,30.540000915527344,105.54000091552734,6001.35009765625,14.970000267028809,68.04000091552734,4.308000087738037,1.95,2.35,4.26,2821851124.887085,4.26
2024-11-12,2600.0,30.68600082397461,106.0199966430664,5983.990234375,14.710000038146973,68.12000274658203,4.432000160217285,2.08,2.35,4.34,2435427305.961609,4.34
2024-11-13,2580.800048828125,30.59000015258789,106.4800033569336,5985.3798828125,14.020000457763672,68.43000030517578,4.451000213623047,2.09,2.35,4.27,2003624912.1704102,4.27
2024-11-14,2568.199951171875,30.507999420166016,106.66999816894531,5949.169921875,14.3100004196167,68.69999694824219,4.418000221252441,2.1,2.33,4.34,1958271378.6132812,4.34
2024-11-15,2565.699951171875,30.371000289916992,106.69000244140625,5870.6201171875,16.139999389648438,67.0199966430664,4.427999973297119,2.1,2.33,4.31,1726988678.2684326,4.31
2024-11-18,2610.60009765625,31.163000106811523,106.27999877929688,5893.6201171875,15.579999923706055,69.16000366210938,4.414000034332275,2.08,2.34,4.29,1524508482.8430176,4.29
2024-11-19,2627.10009765625,31.20800018310547,106.20999908447266,5916.97998046875,16.350000381469727,69.38999938964844,4.379000186920166,2.05,2.34,4.27,1600366075.0,4.27
2024-11-20,2648.199951171875,30.95599937438965,106.68000030517578,5917.10986328125,17.15999984741211,68.87000274658203,4.406000137329102,2.06,2.35,4.31,1622001801.6235352,4.31
2024-11-21,2672.10009765625,30.91200065612793,106.97000122070312,5948.7099609375,16.8700008392334,70.0999984741211,4.432000160217285,2.09,2.34,4.34,1886061052.0019531,4.34
2024-11-22,2709.89990234375,31.30900001525879,107.48999786376953,5969.33984375,15.239999771118164,71.23999786376953,4.409999847412109,2.07,2.34,4.37,1874549492.5231934,4.37
2024-11-25,2616.800048828125,30.209999084472656,106.81999969482422,5987.3701171875,14.600000381469727,68.94000244140625,4.264999866485596,1.98,2.29,4.21,2602562042.1432495,4.21
2024-11-26,2620.300048828125,30.38800048828125,107.01000213623047,6021.6298828125,14.100000381469727,68.7699966430664,4.302000045776367,2.02,2.28,4.21,1201606389.906311,4.21
2024-11-27,2639.89990234375,30.111000061035156,106.08000183105469,5998.740234375,14.100000381469727,68.72000122070312,4.242000102996826,1.99,2.26,4.19,1687531832.0709229,4.19
2024-11-29,2657.0,30.684999465942383,105.73999786376953,6032.3798828125,13.510000228881836,68.0,4.177999973297119,1.92,2.26,4.13,665180505.0811768,4.13
2024-12-02,2634.89990234375,30.448999404907227,106.44999694824219,6047.14990234375,13.34000015258789,68.0999984741211,4.196000099182129,1.93,2.26,4.17,1159991611.6333008,4.17
2024-12-03,2644.699951171875,31.07699966430664,106.37000274658203,6049.8798828125,13.300000190734863,69.94000244140625,4.2230000495910645,1.95,2.28,4.17,867854127.9418945,4.17
2024-12-04,2653.800048828125,31.5049991607666,106.33999633789062,6086.490234375,13.449999809265137,68.54000091552734,4.179999828338623,1.9,2.29,4.13,1127586153.5614014,4.13
2024-12-05,2626.60009765625,31.134000778198242,105.70999908447266,6075.10986328125,13.539999961853027,68.30000305175781,4.179999828338623,1.92,2.25,4.15,1167233734.9334717,4.15
2024-12-06,2638.60009765625,31.18600082397461,105.97000122070312,6090.27001953125,12.770000457763672,67.19999694824219,4.151000022888184,1.91,2.24,4.1,860213054.1946411,4.1
2024-12-09,2664.89990234375,32.215999603271484,106.1500015258789,6052.85009765625,14.1899995803833,68.37000274658203,4.198999881744385,1.93,2.27,4.13,1156013642.8756714,4.13
2024-12-10,2697.60009765625,32.362998962402344,106.4000015258789,6034.91015625,14.180000305175781,68.58999633789062,4.2210001945495605,1.93,2.29,4.15,1153954763.0004883,4.15
2024-12-11,2733.800048828125,32.5620002746582,106.70999908447266,6084.18994140625,13.579999923706055,70.29000091552734,4.270999908447266,1.96,2.3,4.15,2769042522.079468,4.15
2024-12-12,2687.5,31.22800064086914,106.95999908447266,6051.25,13.920000076293945,70.0199966430664,4.323999881744385,2.0,2.32,4.18,2509793075.6103516,4.18
2024-12-13,2656.0,30.655000686645508,107.0,6051.08984375,13.8100004196167,71.29000091552734,4.39900016784668,2.07,2.33,4.25,1612949109.6710205,4.25
2024-12-16,2651.39990234375,30.69700050354004,106.86000061035156,6074.080078125,14.6899995803833,70.70999908447266,4.396999835968018,2.07,2.32,4.25,810552816.1621094,4.25
2024-12-17,2644.39990234375,30.572999954223633,106.95999908447266,6050.60986328125,15.869999885559082,70.08000183105469,4.385000228881836,2.09,2.31,4.25,1078531932.7941895,4.25
2024-12-18,2636.5,30.40999984741211,108.02999877929688,5872.16015625,27.6200008392334,70.58000183105469,4.49399995803833,2.18,2.32,4.35,1917860263.9678955,4.35
2024-12-19,2592.199951171875,29.0939998626709,108.41000366210938,5867.080078125,24.09000015258789,69.91000366210938,4.570000171661377,2.28,2.29,4.32,1943491489.5080566,4.32
2024-12-20,2628.699951171875,29.65999984741211,107.62000274658203,5930.85009765625,18.360000610351562,69.45999908447266,4.52400016784668,2.23,2.29,4.3,2306680438.153076,4.3
2024-12-23,2612.300048828125,29.88800048828125,108.04000091552734,5974.06982421875,16.780000686645508,69.23999786376953,4.598999977111816,2.27,2.32,4.3,1406122119.178772,4.3
2024-12-24,2620.0,29.974000930786133,108.26000213623047,6040.0400390625,14.270000457763672,70.0999984741211,4.591000080108643,2.24,2.35,4.29,584526245.9106445,4.29
2024-12-26,2638.800048828125,30.047000885009766,108.12999725341797,6037.58984375,14.729999542236328,69.62000274658203,4.578999996185303,2.23,2.35,4.3,1129084491.0217285,4.3
2024-12-27,2617.199951171875,29.655000686645508,108.0,5970.83984375,15.949999809265137,70.5999984741211,4.61899995803833,2.28,2.34,4.31,1141363311.1419678,4.31
2024-12-30,2606.10009765625,29.106000900268555,108.12999725341797,5906.93994140625,17.399999618530273,70.98999786376953,4.545000076293945,2.24,2.31,4.24,847619192.199707,4.24
2024-12-31,2629.199951171875,28.940000534057617,108.48999786376953,5881.6298828125,17.350000381469727,71.72000122070312,4.572999954223633,2.24,2.34,4.25,610676085.3149414,4.25
2025-01-02,2658.89990234375,29.621999740600586,109.38999938964844,5868.5498046875,17.93000030517578,73.12999725341797,4.574999809265137,2.23,2.34,4.25,1531887086.5707397,4.25
2025-01-03,2645.0,29.805999755859375,108.94999694824219,5942.47021484375,16.1299991607666,73.95999908447266,4.5960001945495605,2.26,2.34,4.28,1186307655.7632446,4.28
2025-01-06,2638.39990234375,30.341999053955078,108.26000213623047,5975.3798828125,16.040000915527344,73.55999755859375,4.618000030517578,2.28,2.34,4.28,914126900.177002,4.28
2025-01-07,2656.699951171875,30.44700050354004,108.54000091552734,5909.02978515625,17.81999969482422,74.25,4.683000087738037,2.29,2.38,4.3,1244883755.5725098,4.3
2025-01-08,2664.5,30.45199966430664,109.08999633789062,5918.25,17.700000762939453,73.31999969482422,4.692999839782715,2.27,2.4,4.28,1549729341.847229,4.28
2025-01-09,2683.800048828125,30.791000366210938,109.18000030517578,5918.25,17.700000762939453,73.91999816894531,4.692999839782715,2.29,2.39,4.27,1549729341.847229,4.27
2025-01-10,2708.5,31.090999603271484,109.6500015258789,5827.0400390625,19.540000915527344,76.56999969482422,4.776000022888184,2.34,2.43,4.4,3072864704.118347,4.4
2025-01-13,2673.5,30.090999603271484,109.95999908447266,5836.22021484375,19.190000534057617,78.81999969482422,4.802999973297119,2.34,2.45,4.4,2076159010.409546,4.4
2025-01-14,2677.5,30.131999969482422,109.2699966430664,5842.91015625,18.709999084472656,77.5,4.788000106811523,2.34,2.44,4.37,1214103038.0004883,4.37
2025-01-15,2712.5,31.319000244140625,109.08999633789062,5949.91015625,16.1200008392334,80.04000091552734,4.6529998779296875,2.24,2.42,4.27,1579143630.9814453,4.27
2025-01-16,2746.39990234375,31.523000717163086,108.95999908447266,5937.33984375,16.600000381469727,78.68000030517578,4.605999946594238,2.19,2.42,4.23,2314541656.3720703,4.23
2025-01-17,2744.300048828125,30.951000213623047,109.3499984741211,5996.66015625,15.970000267028809,77.87999725341797,4.609000205993652,2.2,2.41,4.27,2072156618.5165405,4.27
2025-01-21,2755.0,31.31100082397461,108.05999755859375,6049.240234375,15.0600004196167,75.88999938964844,4.573999881744385,2.19,2.38,4.29,1941026190.4418945,4.29
2025-01-22,2767.60009765625,31.23900032043457,108.16999816894531,6086.3701171875,15.100000381469727,75.44000244140625,4.598999977111816,2.2,2.4,4.29,1326547095.8129883,4.29
2025-01-23,2763.10009765625,30.67300033569336,108.05000305175781,6118.7099609375,15.020000457763672,74.62000274658203,4.638000011444092,2.23,2.42,4.29,1654376852.6916504,4.29
2025-01-24,2777.300048828125,31.023000717163086,107.44000244140625,6101.240234375,14.850000381469727,74.66000366210938,4.625999927520752,2.2,2.43,4.27,1876803300.1922607,4.27
2025-01-27,2737.5,30.253999710083008,107.33999633789062,6012.27978515625,17.899999618530273,73.16999816894531,4.5279998779296875,2.13,2.4,4.17,1467291433.859253,4.17
2025-01-28,2766.800048828125,30.726999282836914,107.87000274658203,6067.7001953125,16.40999984741211,73.7699966430664,4.551000118255615,2.13,2.42,4.19,1360619720.9472656,4.19
2025-01-29,2769.10009765625,31.238000869750977,108.0,6039.31005859375,16.559999465942383,72.62000274658203,4.554999828338623,2.15,2.4,4.21,1441771542.69104,4.21
2025-01-30,2823.0,32.36399841308594,107.80000305175781,6071.169921875,15.84000015258789,72.7300033569336,4.51200008392334,2.14,2.38,4.18,3349798501.538086,4.18
2025-01-31,2812.5,32.12799835205078,108.37000274658203,6040.52978515625,16.43000030517578,72.52999877929688,4.568999767303467,2.16,2.42,4.22,2316981994.1223145,4.22
2025-02-03,2833.89990234375,32.391998291015625,108.98999786376953,5994.56982421875,18.6200008392334,73.16000366210938,4.543000221252441,2.09,2.45,4.26,2994794762.1276855,4.26
2025-02-04,2853.300048828125,32.88800048828125,107.95999908447266,6037.8798828125,17.209999084472656,72.69999694824219,4.513000011444092,2.08,2.44,4.21,2585730000.0,4.21
2025-02-05,2871.60009765625,32.856998443603516,107.58000183105469,6061.47998046875,15.770000457763672,71.02999877929688,4.421999931335449,2.01,2.42,4.17,3349459004.9194336,4.17
2025-02-06,2856.0,32.518001556396484,107.69000244140625,6083.56982421875,15.5,70.61000061035156,4.440000057220459,2.03,2.42,4.21,2300112638.0493164,4.21
2025-02-07,2867.300048828125,32.334999084472656,108.04000091552734,6025.990234375,16.540000915527344,71.0,4.486999988555908,2.07,2.42,4.29,2415740544.128418,4.29
2025-02-10,2914.300048828125,32.391998291015625,108.31999969482422,6066.43994140625,15.8100004196167,72.31999969482422,4.493000030517578,2.07,2.44,4.28,3555982946.3012695,4.28
2025-02-11,2912.5,32.23099899291992,107.95999908447266,6068.5,16.020000457763672,73.31999969482422,4.5370001792907715,2.08,2.46,4.29,1917052710.0219727,4.29
2025-02-12,2909.0,32.69499969482422,107.94000244140625,6051.97021484375,15.890000343322754,71.37000274658203,4.63700008392334,2.16,2.46,4.36,2496986487.261963,4.36
2025-02-13,2925.89990234375,32.650001525878906,107.30999755859375,6115.06982421875,15.100000381469727,71.29000091552734,4.525000095367432,2.08,2.44,4.31,2256412704.6203613,4.31
2025-02-14,2883.60009765625,32.80099868774414,106.56999969482422,6114.6298828125,14.770000457763672,70.73999786376953,4.4720001220703125,2.04,2.43,4.26,3074770841.6656494,4.26
2025-02-18,2931.60009765625,33.31700134277344,107.05000305175781,6129.580078125,15.350000381469727,71.8499984741211,4.544000148773193,2.1,2.45,4.29,2215923229.925537,4.29
2025-02-19,2919.39990234375,32.99300003051758,107.16999816894531,6144.14990234375,15.270000457763672,72.25,4.534999847412109,2.08,2.45,4.28,2530416182.0220947,4.28
2025-02-20,2940.0,33.444000244140625,106.33999633789062,6117.52001953125,15.65999984741211,72.56999969482422,4.5,2.05,2.45,4.28,1993646259.1552734,4.28
2025-02-21,2937.60009765625,32.97600173950195,106.61000061035156,6013.1298828125,18.209999084472656,70.4000015258789,4.420000076293945,2.0,2.42,4.19,2414296788.9160156,4.19
2025-02-24,2947.89990234375,32.57500076293945,106.5999984741211,5983.25,18.979999542236328,70.69999694824219,4.39300012588501,1.98,2.42,4.13,1462965378.0761719,4.13
2025-02-25,2904.5,31.801000595092773,106.30999755859375,5955.25,19.43000030517578,68.93000030517578,4.297999858856201,1.92,2.38,4.07,2707635826.7822266,4.07
2025-02-26,2916.800048828125,32.25299835205078,106.41999816894531,5956.06005859375,19.100000381469727,68.62000274658203,4.249000072479248,1.89,2.36,4.05,1957462271.118164,4.05
2025-02-27,2883.199951171875,31.801000595092773,107.23999786376953,5861.56982421875,21.1299991607666,70.3499984741211,4.284999847412109,1.92,2.37,4.07,2483612709.338379,4.07
2025-02-28,2836.800048828125,31.2189998626709,107.61000061035156,5954.5,19.6299991607666,69.76000213623047,4.230999946594238,1.86,2.38,3.99,3028789588.607788,3.99
2025-03-03,2890.199951171875,32.03200149536133,106.75,5849.72021484375,22.780000686645508,68.37000274658203,4.179999828338623,1.8,2.36,3.96,2060726468.5546875,3.96
2025-03-04,2909.60009765625,32.108001708984375,105.73999786376953,5778.14990234375,23.510000228881836,68.26000213623047,4.210000038146973,1.87,2.35,3.96,2281978557.293701,3.96
2025-03-05,2915.300048828125,32.858001708984375,105.73999786376953,5842.6298828125,21.93000030517578,66.30999755859375,4.264999866485596,1.94,2.34,3.99,1884751613.8671875,3.99
2025-03-06,2916.60009765625,33.0629997253418,104.05999755859375,5738.52001953125,24.8700008392334,66.36000061035156,4.285999774932861,1.95,2.34,3.96,1646089300.0,3.96
2025-03-07,2904.699951171875,32.54800033569336,103.83999633789062,5770.2001953125,23.3700008392334,67.04000091552734,4.316999912261963,1.99,2.33,3.99,2799629920.8007812,3.99
2025-03-10,2891.0,32.275001525878906,103.91000366210938,5614.56005859375,27.860000610351562,66.02999877929688,4.2129998207092285,1.91,2.31,3.89,2020281220.8892822,3.89
2025-03-11,2912.89990234375,32.88800048828125,103.44000244140625,5572.06982421875,26.920000076293945,66.25,4.288000106811523,1.97,2.31,3.94,2270795286.895752,3.94
2025-03-12,2939.10009765625,33.48400115966797,103.61000061035156,5599.2998046875,24.229999542236328,67.68000030517578,4.317999839782715,1.99,2.33,4.01,1956161848.8342285,4.01
2025-03-13,2984.300048828125,34.05099868774414,103.83000183105469,5521.52001953125,24.65999984741211,66.55000305175781,4.27400016784668,1.98,2.29,3.94,3780698962.097168,3.94
2025-03-14,2994.5,34.1870002746582,103.72000122070312,5638.93994140625,21.770000457763672,67.18000030517578,4.308000087738037,2.01,2.3,4.02,3678582469.482422,4.02
2025-03-17,3000.0,34.07400131225586,103.37000274658203,5675.1201171875,20.510000228881836,67.58000183105469,4.306000232696533,2.02,2.29,4.06,2375284376.300049,4.06
2025-03-18,3035.10009765625,34.57899856567383,103.23999786376953,5614.66015625,21.700000762939453,66.9000015258789,4.281000137329102,1.99,2.3,4.04,2686636057.998657,4.04
2025-03-19,3035.89990234375,33.974998474121094,103.43000030517578,5675.2900390625,19.899999618530273,67.16000366210938,4.25600004196167,1.94,2.31,3.99,2480008512.7685547,3.99
2025-03-20,3040.0,33.7859992980957,103.8499984741211,5662.89013671875,19.799999237060547,68.26000213623047,4.232999801635742,1.93,2.31,3.95,1646121475.0,3.95
2025-03-21,3018.199951171875,33.290000915527344,104.08999633789062,5667.56005859375,19.280000686645508,68.27999877929688,4.251999855041504,1.92,2.33,3.94,2606471365.600586,3.94
2025-03-24,3013.10009765625,33.26499938964844,104.26000213623047,5767.56982421875,17.479999542236328,69.11000061035156,4.330999851226807,1.98,2.36,4.04,2181985225.0,4.04
2025-03-25,3023.699951171875,34.00199890136719,104.18000030517578,5776.64990234375,17.149999618530273,69.0,4.307000160217285,1.96,2.35,3.96,1417468000.213623,3.96
2025-03-26,3020.89990234375,34.03300094604492,104.55000305175781,5712.2001953125,18.329999923706055,69.6500015258789,4.3379998207092285,1.98,2.37,3.98,1034357163.6962891,3.98
2025-03-27,3060.199951171875,34.89699935913086,104.06999969482422,5693.31005859375,18.690000534057617,69.91999816894531,4.36899995803833,1.99,2.39,3.97,2390062321.347046,3.97
2025-03-28,3086.5,34.64400100708008,104.04000091552734,5580.93994140625,21.649999618530273,69.36000061035156,4.255000114440918,1.9,2.37,3.89,2716664598.651123,3.89
2025-03-31,3122.800048828125,34.457000732421875,104.20999908447266,5611.85009765625,22.280000686645508,71.4800033569336,4.245999813079834,1.85,2.38,3.89,4012378517.980957,3.89
2025-04-01,3118.89990234375,34.15800094604492,104.26000213623047,5633.06982421875,21.770000457763672,71.19999694824219,4.156000137329102,1.84,2.33,3.87,4579149768.62793,3.87
2025-04-02,3139.89990234375,34.499000549316406,103.80999755859375,5670.97021484375,21.510000228881836,71.70999908447266,4.196000099182129,1.88,2.32,3.91,3191314408.557129,3.91
2025-04-03,3097.0,31.8439998626709,102.06999969482422,5396.52001953125,30.020000457763672,66.94999694824219,4.054999828338623,1.78,2.28,3.71,5878598923.596191,3.71
2025-04-04,3012.0,29.115999221801758,103.0199966430664,5074.080078125,45.310001373291016,61.9900016784668,3.984999895095825,1.83,2.18,3.68,6018791210.266113,3.68
2025-04-07,2951.300048828125,29.510000228881836,103.26000213623047,5062.25,46.97999954223633,60.70000076293945,4.15500020980835,1.96,2.19,3.73,5421373800.750732,3.73
2025-04-08,2968.39990234375,29.591999053955078,102.95999908447266,4982.77001953125,52.33000183105469,59.58000183105469,4.26200008392334,2.04,2.22,3.71,3478390554.2907715,3.71
2025-04-09,3056.5,30.322999954223633,102.9000015258789,5456.89990234375,33.619998931884766,62.349998474121094,4.400000095367432,2.07,2.27,3.91,7232157159.741211,3.91
2025-04-10,3155.199951171875,30.67099952697754,100.87000274658203,5268.0498046875,40.720001220703125,60.06999969482422,4.394000053405762,2.21,2.19,3.84,5799580951.080322,3.84
2025-04-11,3222.199951171875,31.823999404907227,99.77999877929688,5363.35986328125,37.560001373291016,61.5,4.493000030517578,2.28,2.2,3.96,6280394038.604736,3.96
2025-04-14,3204.800048828125,32.09199905395508,99.63999938964844,5405.97021484375,30.889999389648438,61.529998779296875,4.363999843597412,2.15,2.23,3.84,3681428084.5336914,3.84
2025-04-15,3218.699951171875,32.22700119018555,100.22000122070312,5396.6298828125,30.1200008392334,61.33000183105469,4.322999954223633,2.16,2.19,3.84,2359638488.3270264,3.84
2025-04-16,3326.60009765625,32.92599868774414,99.37999725341797,5275.7001953125,32.63999938964844,62.470001220703125,4.2789998054504395,2.12,2.17,3.77,6388642432.363892,3.77
2025-04-17,3308.699951171875,32.41999816894531,99.37999725341797,5282.7001953125,29.649999618530273,64.68000030517578,4.333000183105469,2.11,2.23,3.81,5598261246.704102,3.81
2025-04-21,3406.199951171875,32.49599838256836,98.27999877929688,5158.2001953125,33.81999969482422,63.08000183105469,4.40500020980835,2.2,2.22,3.75,6429294082.394409,3.75
2025-04-22,3400.800048828125,32.880001068115234,98.91999816894531,5287.759765625,30.56999969482422,64.30999755859375,4.388999938964844,2.14,2.27,3.76,10964231436.755371,3.76
2025-04-23,3276.300048828125,33.518001556396484,99.83999633789062,5375.85986328125,28.450000762939453,62.27000045776367,4.38700008392334,2.11,2.29,3.81,7719238319.839478,3.81
2025-04-24,3332.0,33.481998443603516,99.29000091552734,5484.77001953125,26.469999313354492,62.790000915527344,4.304999828338623,2.02,2.3,3.77,3341019229.4311523,3.77
2025-04-25,3282.39990234375,32.98899841308594,99.47000122070312,5525.2099609375,24.84000015258789,63.02000045776367,4.265999794006348,2.02,2.27,3.74,3258051385.461426,3.74
2025-04-28,3332.5,32.9900016784668,99.01000213623047,5528.75,25.149999618530273,62.04999923706055,4.216000080108643,1.98,2.25,3.67,2897685853.668213,3.67
2025-04-29,3318.800048828125,33.275001525878906,99.23999786376953,5560.830078125,24.170000076293945,60.41999816894531,4.172999858856201,1.96,2.23,3.65,2097153709.2712402,3.65
2025-04-30,3305.0,32.53099822998047,99.47000122070312,5569.06005859375,24.700000762939453,58.209999084472656,4.177000045776367,1.94,2.23,3.6,2530981171.4630127,3.6
2025-05-01,3210.0,32.18899917602539,100.25,5604.14013671875,24.600000381469727,59.2400016784668,4.230999946594238,2.0,2.25,3.7,4452708358.09021,3.7
2025-05-02,3231.89990234375,31.98900032043457,100.0,5686.669921875,22.68000030517578,58.290000915527344,4.322000026702881,2.06,2.27,3.83,2585989727.34375,3.83
2025-05-05,3311.300048828125,32.20500183105469,99.83000183105469,5650.3798828125,23.639999389648438,57.130001068115234,4.3429999351501465,2.08,2.28,3.83,2738597163.5742188,3.83
2025-05-06,3411.39990234375,33.112998962402344,99.23999786376953,5606.91015625,24.760000228881836,59.09000015258789,4.308000087738037,2.04,2.26,3.78,3610763369.7418213,3.78
2025-05-07,3381.39990234375,32.53099822998047,99.61000061035156,5631.27978515625,23.549999237060547,58.06999969482422,4.275000095367432,2.01,2.25,3.78,2451289225.0,3.78
2025-05-08,3296.60009765625,32.37799835205078,100.63999938964844,5663.93994140625,22.479999542236328,59.90999984741211,4.373000144958496,2.08,2.29,3.9,3633504846.2402344,3.9
2025-05-09,3335.39990234375,32.67599868774414,100.33999633789062,5659.91015625,21.899999618530273,61.02000045776367,4.375,2.08,2.29,3.88,2121215578.6834717,3.88
2025-05-12,3220.0,32.38800048828125,101.79000091552734,5844.18994140625,18.389999389648438,61.95000076293945,4.456999778747559,2.16,2.29,3.98,4286749656.097412,3.98
2025-05-13,3240.300048828125,32.86800003051758,101.0,5886.5498046875,18.219999313354492,63.66999816894531,4.499000072479248,2.17,2.32,4.02,3064553768.5546875,4.02
2025-05-14,3181.39990234375,32.22600173950195,101.04000091552734,5892.580078125,18.6200008392334,63.150001525878906,4.5279998779296875,2.16,2.37,4.05,4338943950.201416,4.05
2025-05-15,3220.699951171875,32.48099899291992,100.87999725341797,5916.93017578125,17.829999923706055,61.619998931884766,4.454999923706055,2.11,2.34,3.96,4020154918.5699463,3.96
2025-05-16,3182.0,32.15800094604492,101.08999633789062,5958.3798828125,17.239999771118164,62.4900016784668,4.440999984741211,2.09,2.34,3.98,4170263381.591797,3.98
2025-05-19,3228.89990234375,32.3129997253418,100.43000030517578,5963.60009765625,18.139999389648438,62.689998626708984,4.474999904632568,2.1,2.36,3.97,3473927074.771118,3.97
2025-05-20,3280.300048828125,32.97999954223633,100.12000274658203,5940.4599609375,18.09000015258789,62.560001373291016,4.480999946594238,2.13,2.35,3.97,3901306407.4401855,3.97
2025-05-21,3309.300048828125,33.4630012512207,99.55999755859375,5844.60986328125,20.8700008392334,61.56999969482422,4.5960001945495605,2.23,2.35,4.0,3796602480.9265137,4.0
2025-05-22,3292.300048828125,33.047000885009766,99.95999908447266,5842.009765625,20.280000686645508,61.20000076293945,4.552999973297119,2.2,2.34,4.0,2941439919.848633,4.0
2025-05-23,3363.60009765625,33.44200134277344,99.11000061035156,5802.81982421875,22.290000915527344,61.529998779296875,4.508999824523926,2.18,2.33,4.0,4131910125.0,4.0
2025-05-26,3363.60009765625,33.44200134277344,98.93000030517578,5802.81982421875,22.290000915527344,61.529998779296875,4.508999824523926,2.18,2.33,4.0,4131910125.0,4.0
2025-05-27,3299.10009765625,33.145999908447266,99.5199966430664,5921.5400390625,18.959999084472656,60.88999938964844,4.434000015258789,2.11,2.32,3.92,2916653250.0,3.92
2025-05-28,3293.60009765625,33.0,99.87999725341797,5888.5498046875,19.309999465942383,61.84000015258789,4.4770002365112305,2.15,2.32,3.96,2674530551.5075684,3.96
2025-05-29,3317.10009765625,33.28300094604492,99.27999877929688,5912.169921875,19.18000030517578,60.939998626708984,4.423999786376953,2.11,2.32,3.92,2899596980.01709,3.92
2025-05-30,3288.89990234375,32.891998291015625,99.33000183105469,5911.68994140625,18.56999969482422,60.790000915527344,4.415999889373779,2.07,2.34,3.89,2900381938.308716,3.89
2025-06-02,3370.60009765625,34.5629997253418,98.69999694824219,5935.93994140625,18.360000610351562,62.52000045776367,4.461999893188477,2.13,2.33,3.94,4236592826.525879,3.94
2025-06-03,3350.199951171875,34.50299835205078,99.25,5970.3701171875,17.690000534057617,63.40999984741211,4.460000038146973,2.14,2.32,3.96,2877527575.112915,3.96
2025-06-04,3373.5,34.51900100708008,98.79000091552734,5970.81005859375,17.610000610351562,62.849998474121094,4.364999771118164,2.06,2.31,3.87,2320091204.4525146,3.87
2025-06-05,3350.699951171875,35.68899917602539,98.73999786376953,5939.2998046875,18.479999542236328,63.369998931884766,4.394000053405762,2.11,2.29,3.92,3346269928.741455,3.92
2025-06-06,3322.699951171875,36.025001525878906,99.19000244140625,6000.35986328125,16.770000457763672,64.58000183105469,4.510000228881836,2.2,2.31,4.04,2376589192.9626465,4.04
2025-06-09,3332.10009765625,36.6879997253418,98.94000244140625,6005.8798828125,17.15999984741211,65.29000091552734,4.48199987411499,2.18,2.31,4.01,2195092545.0439453,4.01
2025-06-10,3320.89990234375,36.54199981689453,99.05000305175781,6038.81005859375,16.950000762939453,64.9800033569336,4.473999977111816,2.18,2.29,4.01,2168961046.572876,4.01
2025-06-11,3321.300048828125,36.16600036621094,98.62999725341797,6022.240234375,17.260000228881836,68.1500015258789,4.4120001792907715,2.14,2.27,3.94,2852052410.8398438,3.94
2025-06-12,3380.89990234375,36.2130012512207,97.91999816894531,6045.259765625,18.020000457763672,68.04000091552734,4.35699987411499,2.11,2.25,3.9,3600103220.76416,3.9
2025-06-13,3431.199951171875,36.28099822998047,98.18000030517578,5976.97021484375,20.81999969482422,72.9800033569336,4.423999786376953,2.13,2.28,3.96,5248168482.785034,3.96
2025-06-16,3396.39990234375,36.37900161743164,98.0,6033.10986328125,19.110000610351562,71.7699966430664,4.452000141143799,2.16,2.3,3.97,4005874136.315918,3.97
2025-06-17,3386.60009765625,37.09000015258789,98.81999969482422,5982.72021484375,21.600000381469727,74.83999633789062,4.39300012588501,2.08,2.31,3.94,2568545174.102783,3.94
2025-06-18,3389.800048828125,36.86600112915039,98.91000366210938,5980.8701171875,20.139999389648438,75.13999938964844,4.396999835968018,2.07,2.31,3.94,2907384499.5117188,3.94
2025-06-20,3368.10009765625,35.97600173950195,98.70999908447266,5967.83984375,20.6200008392334,74.93000030517578,4.375,2.05,2.33,3.9,2727500353.942871,3.9
2025-06-23,3377.699951171875,36.15299987792969,98.41999816894531,6025.169921875,19.829999923706055,68.51000213623047,4.320000171661377,2.04,2.3,3.84,3946951761.630249,3.84
2025-06-24,3317.39990234375,35.70100021362305,97.86000061035156,6092.18017578125,17.479999542236328,64.37000274658203,4.293000221252441,2.01,2.29,3.75,3685057917.3828125,3.75
2025-06-25,3327.10009765625,36.084999084472656,97.68000030517578,6092.16015625,16.760000228881836,64.91999816894531,4.293000221252441,2.01,2.28,3.74,2067900351.1230469,3.74
2025-06-26,3333.5,36.58599853515625,97.1500015258789,6141.02001953125,16.59000015258789,65.23999786376953,4.252999782562256,1.98,2.28,3.7,2082269241.7144775,3.7
2025-06-27,3273.699951171875,36.0369987487793,97.4000015258789,6173.06982421875,16.31999969482422,65.5199966430664,4.2829999923706055,2.0,2.29,3.73,4006617602.2369385,3.73
2025-06-30,3294.39990234375,35.85200119018555,96.87999725341797,6204.9501953125,16.729999542236328,65.11000061035156,4.230000019073486,1.95,2.29,3.72,2497197732.998657,3.72
2025-07-01,3336.699951171875,36.082000732421875,96.81999969482422,6198.009765625,16.829999923706055,65.44999694824219,4.250999927520752,1.97,2.29,3.78,2871163666.040039,3.78
2025-07-02,3348.0,36.42599868774414,96.77999877929688,6227.419921875,16.639999389648438,67.44999694824219,4.293000221252441,2.0,2.3,3.78,2571846700.0,3.78
2025-07-03,3331.60009765625,36.784000396728516,97.18000030517578,6279.35009765625,16.3799991607666,67.0,4.3480000495910645,2.02,2.33,3.88,1620409289.2822266,3.88
2025-07-04,3332.5,36.775001525878906,97.18000030517578,6279.35009765625,16.3799991607666,66.5,4.3480000495910645,2.02,2.33,3.88,1620409289.2822266,3.88
2025-07-07,3332.199951171875,36.6150016784668,97.4800033569336,6229.97998046875,17.790000915527344,67.93000030517578,4.394999980926514,2.05,2.35,3.9,2259661256.1035156,3.9
2025-07-08,3307.0,36.47200012207031,97.51000213623047,6225.52001953125,16.809999465942383,68.33000183105469,4.414999961853027,2.07,2.35,3.9,3601406523.361206,3.9
2025-07-09,3311.60009765625,36.35100173950195,97.47000122070312,6263.259765625,15.9399995803833,68.37999725341797,4.3420000076293945,2.01,2.33,3.86,3251985315.060425,3.86
2025-07-10,3317.39990234375,37.03799819946289,97.6500015258789,6280.4599609375,15.779999732971191,66.56999969482422,4.3460001945495605,2.01,2.34,3.86,2159843026.1047363,3.86
2025-07-11,3356.0,38.67599868774414,97.8499984741211,6259.75,16.399999618530273,68.44999694824219,4.422999858856201,2.06,2.37,3.9,2840162056.57959,3.9
2025-07-14,3351.5,38.46200180053711,98.08000183105469,6268.56005859375,17.200000762939453,66.9800033569336,4.427000045776367,2.04,2.39,3.9,1778110985.3759766,3.9
2025-07-15,3329.800048828125,37.83399963378906,98.62000274658203,6243.759765625,17.3799991607666,66.5199966430664,4.488999843597412,2.09,2.41,3.95,2499542859.527588,3.95
2025-07-16,3352.5,37.85300064086914,98.38999938964844,6263.7001953125,17.15999984741211,66.37999725341797,4.454999923706055,2.05,2.41,3.88,5454075178.78418,3.88
2025-07-17,3340.10009765625,38.055999755859375,98.7300033569336,6297.35986328125,16.520000457763672,67.54000091552734,4.4629998207092285,2.04,2.43,3.91,2043105032.675171,3.91
2025-07-18,3353.0,38.222999572753906,98.4800033569336,6296.7900390625,16.40999984741211,67.33999633789062,4.432000160217285,2.03,2.41,3.88,1719058458.6547852,3.88
2025-07-21,3401.89990234375,39.10100173950195,97.8499984741211,6305.60009765625,16.649999618530273,67.19999694824219,4.372000217437744,1.98,2.4,3.85,3443114907.6904297,3.85
2025-07-22,3439.199951171875,39.31999969482422,97.38999938964844,6309.6201171875,16.5,66.20999908447266,4.335999965667725,1.96,2.39,3.83,4327978063.568115,3.83
2025-07-23,3394.10009765625,39.27799987792969,97.20999908447266,6358.91015625,15.369999885559082,65.25,4.388000011444092,2.03,2.37,3.88,3292718472.7478027,3.88
2025-07-24,3371.0,39.020999908447266,97.37999725341797,6363.35009765625,15.390000343322754,66.02999877929688,4.4079999923706055,1.98,2.45,3.91,2388706591.418457,3.91
2025-07-25,3334.0,38.16699981689453,97.6500015258789,6388.64013671875,14.930000305175781,65.16000366210938,4.386000156402588,1.96,2.44,3.91,2882305302.770996,3.91
2025-07-28,3309.10009765625,38.0260009765625,98.66000366210938,6389.77001953125,15.029999732971191,66.70999908447266,4.420000076293945,1.98,2.44,3.91,2832799947.9675293,3.91
2025-07-29,3323.39990234375,38.08399963378906,98.91000366210938,6370.85986328125,15.979999542236328,69.20999908447266,4.329999923706055,1.91,2.43,3.86,1758211875.0,3.86
2025-07-30,3295.800048828125,37.566001892089844,99.94000244140625,6362.89990234375,15.479999542236328,70.0,4.375999927520752,1.96,2.42,3.94,4050801100.9887695,3.94
2025-07-31,3293.199951171875,36.551998138427734,100.02999877929688,6339.39013671875,16.719999313354492,69.26000213623047,4.360000133514404,1.98,2.39,3.94,2720883683.2580566,3.94
2025-08-01,3347.699951171875,36.7869987487793,98.69000244140625,6238.009765625,20.3799991607666,67.33000183105469,4.21999979019165,1.9,2.33,3.69,3970023185.864258,3.69
2025-08-04,3374.39990234375,37.19200134277344,98.77999877929688,6329.93994140625,17.520000457763672,66.29000091552734,4.199999809265137,1.85,2.37,3.69,2375041517.9748535,3.69
2025-08-05,3381.89990234375,37.6870002746582,98.77999877929688,6299.18994140625,17.850000381469727,65.16000366210938,4.196000099182129,1.86,2.36,3.72,2177404357.626343,3.72
2025-08-06,3380.0,37.76599884033203,98.18000030517578,6345.06005859375,16.770000457763672,64.3499984741211,4.21999979019165,1.88,2.34,3.69,2303351100.0,3.69
2025-08-07,3400.300048828125,38.15800094604492,98.4000015258789,6340.0,16.56999969482422,63.880001068115234,4.24399995803833,1.88,2.35,3.72,3410346426.8188477,3.72
2025-08-08,3439.10009765625,38.41699981689453,98.18000030517578,6389.4501953125,15.149999618530273,63.880001068115234,4.284999847412109,1.88,2.39,3.76,6225562497.241211,3.76
2025-08-11,3353.10009765625,37.6619987487793,98.5199966430664,6373.4501953125,16.25,63.959999084472656,4.2729997634887695,1.87,2.4,3.76,3186303158.9416504,3.76
2025-08-12,3348.89990234375,37.89899826049805,98.0999984741211,6445.759765625,14.729999542236328,63.16999816894531,4.293000221252441,1.91,2.38,3.72,2989417391.4611816,3.72
2025-08-13,3358.699951171875,38.499000549316406,97.83999633789062,6466.580078125,14.489999771118164,62.650001525878906,4.23799991607666,1.87,2.37,3.67,1459038265.6799316,3.67
2025-08-14,3335.199951171875,37.981998443603516,98.25,6468.5400390625,14.829999923706055,63.959999084472656,4.293000221252441,1.9,2.39,3.74,1787488325.0,3.74
2025-08-15,3336.0,37.89400100708008,97.8499984741211,6449.7998046875,15.09000015258789,62.79999923706055,4.328000068664551,1.95,2.38,3.75,1841536399.1271973,3.75
2025-08-18,3331.699951171875,37.95100021362305,98.16999816894531,6449.14990234375,14.989999771118164,63.41999816894531,4.341000080108643,1.96,2.38,3.77,1887773270.074463,3.77
2025-08-19,3313.39990234375,37.26100158691406,98.2699966430664,6411.3701171875,15.569999694824219,62.349998474121094,4.302000045776367,1.95,2.35,3.75,1535477517.7398682,3.75
2025-08-20,3343.39990234375,37.70500183105469,98.22000122070312,6395.77978515625,15.6899995803833,63.209999084472656,4.296000003814697,1.94,2.35,3.74,2009088648.5595703,3.74
2025-08-21,3336.89990234375,38.027000427246094,98.62000274658203,6370.169921875,16.600000381469727,63.52000045776367,4.329999923706055,1.94,2.39,3.79,1477757651.0925293,3.79
2025-08-22,3374.39990234375,39.00299835205078,97.72000122070312,6466.91015625,14.220000267028809,63.65999984741211,4.260000228881836,1.85,2.41,3.68,2648160255.508423,3.68
2025-08-25,3373.800048828125,38.676998138427734,98.43000030517578,6439.31982421875,14.789999961853027,64.80000305175781,4.275000095367432,1.87,2.41,3.73,1253076397.692871,3.73
2025-08-26,3388.60009765625,38.582000732421875,98.2300033569336,6465.93994140625,14.619999885559082,63.25,4.257999897003174,1.84,2.42,3.61,3650867722.9156494,3.61
2025-08-27,3404.60009765625,38.68899917602539,98.2300033569336,6481.39990234375,14.850000381469727,64.1500015258789,4.23799991607666,1.81,2.43,3.59,1350938434.085083,3.59
2025-08-28,3431.800048828125,39.189998626708984,97.80999755859375,6501.85986328125,14.430000305175781,64.5999984741211,4.206999778747559,1.81,2.41,3.62,3027501294.268799,3.62
2025-08-29,3473.699951171875,40.20000076293945,97.7699966430664,6460.259765625,15.359999656677246,64.01000213623047,4.2270002365112305,1.82,2.41,3.59,4975441896.569824,3.59
2025-09-02,3549.39990234375,41.07099914550781,98.4000015258789,6415.5400390625,17.170000076293945,65.58999633789062,4.2769999504089355,1.87,2.41,3.66,6917973447.189331,3.66
2025-09-03,3593.199951171875,41.54199981689453,98.13999938964844,6448.259765625,16.350000381469727,63.970001220703125,4.210999965667725,1.82,2.4,3.61,5270650543.286133,3.61
2025-09-04,3565.800048828125,40.9109992980957,98.3499984741211,6502.080078125,15.300000190734863,63.47999954223633,4.176000118255615,1.79,2.38,3.59,3823285767.5720215,3.59
2025-09-05,3613.199951171875,41.07400131225586,97.7699966430664,6481.5,15.180000305175781,61.869998931884766,4.085999965667725,1.73,2.37,3.51,5318384263.891602,3.51
2025-09-08,3638.10009765625,41.42599868774414,97.44999694824219,6495.14990234375,15.109999656677246,62.2599983215332,4.046000003814697,1.7,2.35,3.49,6233444522.357178,3.49
2025-09-09,3643.300048828125,40.87799835205078,97.79000091552734,6512.60986328125,15.039999961853027,62.630001068115234,4.073999881744385,1.72,2.36,3.54,7229693061.16333,3.54
2025-09-10,3643.60009765625,41.132999420166016,97.77999877929688,6532.0400390625,15.350000381469727,63.66999816894531,4.0320000648498535,1.69,2.35,3.54,4004915498.6572266,3.54
2025-09-11,3636.89990234375,41.696998596191406,97.54000091552734,6587.47021484375,14.710000038146973,62.369998931884766,4.011000156402588,1.67,2.34,3.52,3040491264.6972656,3.52
2025-09-12,3649.39990234375,42.387001037597656,97.55000305175781,6584.2900390625,14.760000228881836,62.689998626708984,4.060999870300293,1.7,2.36,3.56,3226639903.1707764,3.56
2025-09-15,3682.199951171875,42.516998291015625,97.30000305175781,6615.27978515625,15.6899995803833,63.29999923706055,4.033999919891357,1.68,2.37,3.54,3582244847.70813,3.54
2025-09-16,3688.89990234375,42.47100067138672,96.62999725341797,6606.759765625,16.360000610351562,64.5199966430664,4.026000022888184,1.67,2.37,3.51,4129923740.463257,3.51
2025-09-17,3681.800048828125,41.72200012207031,96.87000274658203,6600.35009765625,15.720000267028809,64.05000305175781,4.076000213623047,1.68,2.38,3.52,5571900061.184692,3.52
2025-09-18,3643.699951171875,41.707000732421875,97.3499984741211,6631.9599609375,15.699999809265137,63.56999969482422,4.104000091552734,1.73,2.38,3.57,5005201673.181152,3.57
2025-09-19,3671.5,42.5359992980957,97.63999938964844,6664.35986328125,15.449999809265137,62.68000030517578,4.138999938964844,1.75,2.39,3.57,5081798158.26416,3.57
2025-09-22,3740.699951171875,43.79899978637695,97.33000183105469,6693.75,16.100000381469727,62.63999938964844,4.14300012588501,1.78,2.37,3.61,4273927168.798828,3.61
2025-09-23,3780.60009765625,44.19200134277344,97.26000213623047,6656.919921875,16.639999389648438,63.40999984741211,4.119999885559082,1.75,2.37,3.53,6369320482.910156,3.53
2025-09-24,3732.10009765625,43.777000427246094,97.87000274658203,6637.97021484375,16.18000030517578,64.98999786376953,4.146999835968018,1.78,2.38,3.57,4363288305.0842285,3.57
2025-09-25,3736.89990234375,44.696998596191406,98.55000305175781,6604.72021484375,16.739999771118164,64.9800033569336,4.171999931335449,1.8,2.38,3.64,4357502100.0,3.64
2025-09-26,3775.300048828125,46.22100067138672,98.1500015258789,6643.7001953125,15.289999961853027,65.72000122070312,4.186999797821045,1.82,2.38,3.63,4056233753.7597656,3.63
2025-09-29,3820.89990234375,46.61199951171875,97.91000366210938,6661.2099609375,16.1200008392334,63.45000076293945,4.140999794006348,1.8,2.35,3.63,5540530081.677246,3.63
2025-09-30,3840.800048828125,46.25299835205078,97.7699966430664,6688.4599609375,16.280000686645508,62.369998931884766,4.1479997634887695,1.8,2.36,3.6,4732158844.250488,3.6
2025-10-01,3867.5,47.290000915527344,97.70999908447266,6711.2001953125,16.290000915527344,61.779998779296875,4.105999946594238,1.77,2.35,3.55,5544668788.989258,3.55
2025-10-02,3839.699951171875,46.0,97.8499984741211,6715.35009765625,16.6299991607666,60.47999954223633,4.0879998207092285,1.76,2.34,3.55,5734151597.103882,3.55
2025-10-03,3880.800048828125,47.59700012207031,97.72000122070312,6715.7900390625,16.649999618530273,60.880001068115234,4.11899995803833,1.8,2.33,3.58,5172905171.875,3.58
2025-10-06,3948.5,48.082000732421875,98.11000061035156,6740.27978515625,16.3700008392334,61.689998626708984,4.1620001792907715,1.84,2.34,3.6,6228602489.465332,3.6
2025-10-07,3976.60009765625,47.17900085449219,98.58000183105469,6714.58984375,17.239999771118164,61.72999954223633,4.126999855041504,1.79,2.35,3.57,6166646532.421875,3.57
2025-10-08,4043.300048828125,48.65599822998047,98.8499984741211,6753.72021484375,16.299999237060547,62.54999923706055,4.129000186920166,1.78,2.35,3.58,10443870947.564697,3.58
2025-10-09,3946.300048828125,46.849998474121094,99.54000091552734,6735.10986328125,16.43000030517578,61.5099983215332,4.1479997634887695,1.8,2.34,3.6,12305781917.358398,3.6
2025-10-10,3975.89990234375,46.9379997253418,98.9800033569336,6552.509765625,21.65999984741211,58.900001525878906,4.051000118255615,1.75,2.3,3.52,8930046217.871094,3.52
2025-10-13,4108.60009765625,50.130001068115234,99.2699966430664,6654.72021484375,19.030000686645508,59.4900016784668,4.051000118255615,1.75,2.3,3.52,7000109428.198242,3.52
2025-10-14,4138.7001953125,50.31399917602539,99.05000305175781,6644.31005859375,20.809999465942383,58.70000076293945,4.021999835968018,1.73,2.3,3.48,7010191741.308594,3.48
2025-10-15,4176.89990234375,51.073001861572266,98.79000091552734,6671.06005859375,20.639999389648438,58.27000045776367,4.046000003814697,1.76,2.29,3.5,7979575738.73291,3.5
2025-10-16,4280.2001953125,53.02299880981445,98.38999938964844,6629.06982421875,25.309999465942383,57.459999084472656,3.9760000705718994,1.71,2.28,3.41,13329204440.41748,3.41
2025-10-17,4189.89990234375,49.86399841308594,98.43000030517578,6664.009765625,20.780000686645508,57.540000915527344,4.006999969482422,1.75,2.27,3.46,24127104144.28711,3.46
2025-10-20,4336.39990234375,51.11899948120117,98.58999633789062,6735.1298828125,18.229999542236328,57.52000045776367,3.9860000610351562,1.74,2.26,3.46,13917947239.28833,3.46
2025-10-21,4087.699951171875,47.45000076293945,98.93000030517578,6735.35009765625,17.8700008392334,57.81999969482422,3.9630000591278076,1.7,2.28,3.45,20409211607.666016,3.45
2025-10-22,4044.39990234375,47.46099853515625,98.9000015258789,6699.39990234375,18.600000381469727,58.5,3.953000068664551,1.68,2.29,3.45,11516132410.739136,3.45
2025-10-23,4125.5,48.481998443603516,98.94000244140625,6738.43994140625,17.299999237060547,61.790000915527344,3.990999937057495,1.71,2.3,3.48,5187718562.026978,3.48
2025-10-24,4118.39990234375,48.37699890136719,98.94999694824219,6791.68994140625,16.3700008392334,61.5,3.996999979019165,1.73,2.29,3.48,5007349630.279541,3.48
2025-10-27,4001.89990234375,46.5620002746582,98.77999877929688,6875.16015625,15.789999961853027,61.310001373291016,3.996999979019165,1.73,2.28,3.48,8682576007.03125,3.48
2025-10-28,3966.199951171875,47.125,98.69000244140625,6890.89013671875,16.420000076293945,60.150001525878906,3.9830000400543213,1.71,2.28,3.47,7017084382.03125,3.47
2025-10-29,3983.699951171875,47.72100067138672,99.22000122070312,6890.58984375,16.920000076293945,60.47999954223633,4.058000087738037,1.78,2.3,3.59,6857723400.0,3.59
2025-10-30,4001.300048828125,48.428001403808594,99.52999877929688,6822.33984375,16.90999984741211,60.56999969482422,4.0929999351501465,1.82,2.29,3.61,5482661736.328125,3.61
2025-10-31,3982.199951171875,47.99399948120117,99.80000305175781,6840.2001953125,17.440000534057617,60.97999954223633,4.10099983215332,1.81,2.3,3.6,4077996493.9086914,3.6
2025-11-03,4000.300048828125,47.88800048828125,99.87000274658203,6851.97021484375,17.170000076293945,61.04999923706055,4.105999946594238,1.82,2.31,3.6,2675240745.1446533,3.6
2025-11-04,3947.699951171875,47.130001068115234,100.22000122070312,6771.5498046875,19.0,60.560001373291016,4.089000225067139,1.81,2.29,3.58,4181209116.522217,3.58
2025-11-05,3980.300048828125,47.862998962402344,100.19999694824219,6796.2900390625,18.010000228881836,59.599998474121094,4.1570000648498535,1.87,2.3,3.63,3063034104.614258,3.63
2025-11-06,3979.89990234375,47.79399871826172,99.7300033569336,6720.31982421875,19.5,59.43000030517578,4.0929999351501465,1.83,2.28,3.57,2522625027.471924,3.57
2025-11-07,3999.39990234375,48.016998291015625,99.5999984741211,6728.7998046875,19.079999923706055,59.75,4.0929999351501465,1.83,2.28,3.55,4073655896.9970703,3.55
2025-11-10,4111.7998046875,50.176998138427734,99.62000274658203,6832.43017578125,17.600000381469727,60.130001068115234,4.110000133514404,1.84,2.29,3.58,5091557021.704102,3.58
2025-11-11,4106.7998046875,50.61800003051758,99.45999908447266,6846.60986328125,17.280000686645508,61.040000915527344,4.119999885559082,1.84,2.29,3.58,4084818031.4941406,3.58
2025-11-12,4204.39990234375,53.332000732421875,99.4800033569336,6850.919921875,17.510000228881836,58.4900016784668,4.065000057220459,1.81,2.27,3.56,6254466004.760742,3.56
2025-11-13,4186.89990234375,53.07400131225586,99.18000030517578,6737.490234375,20.0,58.689998626708984,4.111999988555908,1.83,2.28,3.58,6075342795.52002,3.58
2025-11-14,4087.60009765625,50.59000015258789,99.2699966430664,6734.10986328125,19.829999923706055,60.09000015258789,4.1479997634887695,1.86,2.28,3.62,5713839950.134277,3.62
2025-11-17,4068.300048828125,50.625,99.58999633789062,6672.41015625,22.3799991607666,59.90999984741211,4.132999897003174,1.85,2.28,3.6,4941160998.852539,3.6
2025-11-18,4061.300048828125,50.45000076293945,99.55000305175781,6617.31982421875,24.690000534057617,60.7400016784668,4.123000144958496,1.85,2.27,3.58,2926967827.722168,3.58
2025-11-19,4077.699951171875,50.790000915527344,100.2300033569336,6642.16015625,23.65999984741211,59.439998626708984,4.132999897003174,1.86,2.27,3.58,4117210690.17334,3.58
2025-11-20,4056.5,50.24700164794922,100.16000366210938,6538.759765625,26.420000076293945,59.13999938964844,4.105999946594238,1.86,2.24,3.55,3938361589.126587,3.55
2025-11-21,4076.699951171875,49.87300109863281,100.18000030517578,6602.990234375,23.43000030517578,58.060001373291016,4.063000202178955,1.82,2.24,3.51,4938342797.039795,3.51
2025-11-24,4091.89990234375,50.29499816894531,100.13999938964844,6705.1201171875,20.520000457763672,58.84000015258789,4.038000106811523,1.81,2.23,3.46,3834431183.1115723,3.46
2025-11-25,4139.2001953125,50.933998107910156,99.66000366210938,6765.8798828125,18.559999465942383,57.95000076293945,4.001999855041504,1.79,2.22,3.43,3976700883.508301,3.43
2025-11-26,4165.2001953125,52.91600036621094,99.5999984741211,6812.60986328125,17.190000534057617,58.650001525878906,3.997999906539917,1.77,2.23,3.45,3518612347.1557617,3.45
2025-11-28,4218.2998046875,56.44599914550781,99.45999908447266,6849.08984375,16.350000381469727,58.54999923706055,4.017000198364258,1.79,2.23,3.47,2783194187.036133,3.47
2025-12-01,4239.2998046875,58.417999267578125,99.41000366210938,6812.6298828125,17.239999771118164,59.31999969482422,4.0960001945495605,1.85,2.24,3.54,4356274725.0,3.54
2025-12-02,4186.60009765625,57.983001708984375,99.36000061035156,6829.3701171875,16.59000015258789,58.63999938964844,4.085999965667725,1.85,2.24,3.51,3138154156.8603516,3.51
2025-12-03,4199.2998046875,57.92100143432617,98.8499984741211,6849.72021484375,16.079999923706055,58.95000076293945,4.057000160217285,1.82,2.24,3.49,3051245222.5097656,3.49
2025-12-04,4211.7998046875,56.84700012207031,98.98999786376953,6857.1201171875,15.779999732971191,59.66999816894531,4.107999801635742,1.85,2.26,3.52,2614830904.9804688,3.52
2025-12-05,4212.89990234375,58.422000885009766,98.98999786376953,6870.39990234375,15.40999984741211,60.08000183105469,4.138999938964844,1.88,2.26,3.56,3651780735.070801,3.56
2025-12-08,4187.2001953125,57.77899932861328,99.08999633789062,6846.509765625,16.65999984741211,58.880001068115234,4.171999931335449,1.91,2.26,3.57,2629373873.6053467,3.57
2025-12-09,4206.7001953125,60.16899871826172,99.22000122070312,6840.509765625,16.93000030517578,58.25,4.185999870300293,1.92,2.26,3.61,2463360341.189575,3.61
2025-12-10,4196.39990234375,60.37900161743164,98.79000091552734,6886.68017578125,15.770000457763672,58.459999084472656,4.164000034332275,1.88,2.25,3.54,3548330413.6657715,3.54
2025-12-11,4285.5,63.92900085449219,98.3499984741211,6901.0,14.850000381469727,57.599998474121094,4.140999794006348,1.89,2.25,3.52,4420253434.228516,3.52
2025-12-12,4300.10009765625,61.36199951171875,98.4000015258789,6827.41015625,15.739999771118164,57.439998626708984,4.193999767303467,1.93,2.26,3.52,6640268064.996338,3.52
2025-12-15,4306.7001953125,62.939998626708984,98.1500015258789,6816.509765625,16.5,56.81999969482422,4.182000160217285,1.93,2.25,3.51,4490350861.51123,3.51
2025-12-16,4304.5,62.70000076293945,98.1500015258789,6800.259765625,16.479999542236328,55.27000045776367,4.14900016784668,1.92,2.23,3.48,3642821558.7890625,3.48
2025-12-17,4347.5,66.23699951171875,98.37000274658203,6721.43017578125,17.6200008392334,55.939998626708984,4.151000022888184,1.92,2.24,3.49,4175335690.3533936,3.49
2025-12-18,4339.5,64.59200286865234,98.43000030517578,6774.759765625,16.8700008392334,56.150001525878906,4.116000175476074,1.88,2.24,3.46,4718112318.701172,3.46
2025-12-19,4361.39990234375,66.84500122070312,98.5999984741211,6834.5,14.90999984741211,56.65999984741211,4.151000022888184,1.92,2.24,3.48,3948222987.2924805,3.48
2025-12-22,4444.60009765625,67.90599822998047,98.29000091552734,6878.490234375,14.079999923706055,58.0099983215332,4.169000148773193,1.94,2.23,3.44,5797723439.028931,3.44
2025-12-23,4482.7998046875,70.48500061035156,97.94000244140625,6909.7900390625,14.0,58.380001068115234,4.169000148773193,1.94,2.24,3.48,5457276805.26123,3.48
2025-12-24,4480.60009765625,71.03099822998047,97.9800033569336,6932.0498046875,13.470000267028809,58.349998474121094,4.136000156402588,1.91,2.24,3.47,2767510462.7929688,3.47
2025-12-26,4529.10009765625,76.48600006103516,98.0199966430664,6929.93994140625,13.600000381469727,56.7400016784668,4.136000156402588,1.91,2.23,3.46,4365851485.693359,3.46
2025-12-29,4325.10009765625,69.85600280761719,98.04000091552734,6905.740234375,14.199999809265137,58.08000183105469,4.116000175476074,1.9,2.22,3.45,8242729246.21582,3.45
2025-12-30,4370.10009765625,77.3740005493164,98.23999786376953,6896.240234375,14.329999923706055,57.95000076293945,4.130000114440918,1.9,2.24,3.45,4060301459.1064453,3.45
2025-12-31,4325.60009765625,70.13400268554688,98.27999877929688,6845.5,14.949999809265137,57.41999816894531,4.163000106811523,1.93,2.25,3.47,4040261532.1105957,3.47
2026-01-02,4314.39990234375,70.55599975585938,98.41999816894531,6858.47021484375,14.510000228881836,57.31999969482422,4.186999797821045,1.94,2.25,3.47,4131199115.338135,3.47
2026-01-05,4436.89990234375,76.16400146484375,98.2699966430664,6902.0498046875,14.899999618530273,58.31999969482422,4.164999961853027,1.91,2.26,3.46,5481716986.962891,3.46
2026-01-06,4482.2001953125,80.52999877929688,98.58000183105469,6944.81982421875,14.75,57.130001068115234,4.178999900817871,1.91,2.27,3.47,4809786976.739502,3.47
2026-01-07,4449.2998046875,77.13500213623047,98.68000030517578,6920.93017578125,15.380000114440918,55.9900016784668,4.138000011444092,1.88,2.27,3.47,4333541201.339722,3.47
2026-01-08,4449.7001953125,74.71600341796875,98.93000030517578,6921.4599609375,15.449999809265137,57.7599983215332,4.183000087738037,1.92,2.27,3.49,3582390705.9814453,3.49
2026-01-09,4490.2998046875,78.88400268554688,99.12999725341797,6966.27978515625,14.489999771118164,59.119998931884766,4.171000003814697,1.9,2.28,3.54,5807222081.103516,3.54
2026-01-12,4604.2998046875,84.61000061035156,98.86000061035156,6977.27001953125,15.119999885559082,59.5,4.186999797821045,1.9,2.29,3.54,8826338372.659302,3.54
2026-01-13,4589.2001953125,85.87699890136719,99.12999725341797,6963.740234375,15.979999542236328,61.150001525878906,4.171000003814697,1.88,2.3,3.53,7033294437.451172,3.53
2026-01-14,4626.2998046875,90.86900329589844,99.12999725341797,6926.60009765625,16.75,62.02000045776367,4.139999866485596,1.86,2.29,3.51,7797044714.691162,3.51
2026-01-15,4616.2998046875,91.8759994506836,99.31999969482422,6944.47021484375,15.84000015258789,59.189998626708984,4.159999847412109,1.88,2.29,3.56,6033806964.611816,3.56
2026-01-16,4588.39990234375,88.09100341796875,99.38999938964844,6940.009765625,15.859999656677246,59.439998626708984,4.230999946594238,1.91,2.33,3.59,8826699743.029785,3.59
2026-01-20,4759.60009765625,94.20600128173828,98.63999938964844,6796.85986328125,20.09000015258789,60.34000015258789,4.295000076293945,1.97,2.33,3.6,9316540797.097778,3.6
2026-01-21,4831.7998046875,92.20999908447266,98.76000213623047,6875.6201171875,16.899999618530273,60.619998931884766,4.252999782562256,1.92,2.34,3.6,17225076957.000732,3.6
2026-01-22,4908.7998046875,95.97599792480469,98.36000061035156,6913.35009765625,15.640000343322754,59.36000061035156,4.249000072479248,1.95,2.31,3.61,8697499812.5,3.61
2026-01-23,4976.2001953125,100.92500305175781,97.5999984741211,6915.60986328125,16.09000015258789,61.06999969482422,4.238999843597412,1.92,2.32,3.6,9861610200.0,3.6
2026-01-26,5079.7001953125,115.08000183105469,97.04000091552734,6950.22998046875,16.149999618530273,60.630001068115234,4.2129998207092285,1.9,2.32,3.56,15872293616.94336,3.56
2026-01-27,5079.89990234375,105.52300262451172,96.22000122070312,6978.60009765625,16.350000381469727,62.38999938964844,4.2230000495910645,1.9,2.34,3.53,13514669993.255615,3.53
2026-01-28,5301.60009765625,113.11100006103516,96.44999694824219,6978.02978515625,16.350000381469727,63.209999084472656,4.250999927520752,1.9,2.36,3.56,21837098868.200684,3.56
2026-01-29,5318.39990234375,114.03700256347656,96.27999877929688,6969.009765625,16.8799991607666,65.41999816894531,4.2270002365112305,1.89,2.35,3.53,34698568882.93152,3.53
2026-01-30,4713.89990234375,78.29000091552734,96.98999786376953,6939.02978515625,17.440000534057617,65.20999908447266,4.241000175476074,1.9,2.36,3.52,38529778882.04956,3.52
2026-02-02,4622.5,76.77799987792969,97.61000061035156,6976.43994140625,16.34000015258789,62.13999938964844,4.275000095367432,1.94,2.35,3.57,17779799009.25293,3.57
2026-02-03,4903.7001953125,83.04199981689453,97.44000244140625,6917.81005859375,18.0,63.209999084472656,4.27400016784668,1.92,2.36,3.57,13039713260.269165,3.57
2026-02-04,4920.39990234375,84.16500091552734,97.62000274658203,6882.72021484375,18.639999389648438,65.13999938964844,4.275000095367432,1.94,2.35,3.57,11089533792.819214,3.57
2026-02-05,4861.39990234375,76.52899932861328,97.81999969482422,6798.39990234375,21.770000457763672,63.290000915527344,4.210000038146973,1.89,2.32,3.47,7829274114.51416,3.47
2026-02-06,4951.2001953125,76.73500061035156,97.62999725341797,6932.2998046875,20.3700008392334,63.54999923706055,4.205999851226807,1.88,2.34,3.5,5767899785.787964,3.5
2026-02-09,5050.89990234375,82.06500244140625,96.81999969482422,6964.81982421875,17.360000610351562,64.36000061035156,4.197999954223633,1.87,2.35,3.48,5758900211.947632,3.48
2026-02-10,5003.7998046875,80.21800231933594,96.80000305175781,6941.81005859375,17.790000915527344,63.959999084472656,4.146999835968018,1.84,2.32,3.45,3635203792.0166016,3.45
2026-02-11,5071.60009765625,83.75399780273438,96.83000183105469,6941.47021484375,17.649999618530273,64.62999725341797,4.171999931335449,1.86,2.32,3.52,5241945302.734375,3.52
2026-02-12,4923.7001953125,75.5459976196289,96.93000030517578,6832.759765625,20.81999969482422,62.84000015258789,4.104000091552734,1.8,2.29,3.47,9248439732.128906,3.47
2026-02-13,5022.0,77.85099792480469,96.87999725341797,6836.169921875,20.600000381469727,62.88999938964844,4.056000232696533,1.77,2.27,3.4,5717659305.651855,3.4
2026-02-17,4882.89990234375,73.4469985961914,97.16000366210938,6843.22021484375,20.290000915527344,62.33000183105469,4.052000045776367,1.79,2.26,3.43,4919488153.985596,3.43
2026-02-18,4986.5,77.50900268554688,97.69999694824219,6881.31005859375,19.6200008392334,65.19000244140625,4.078999996185303,1.8,2.29,3.47,4686508751.516724,3.47
2026-02-19,4975.89990234375,77.56500244140625,97.93000030517578,6861.89013671875,20.229999542236328,66.43000030517578,4.074999809265137,1.79,2.29,3.47,3865542963.4643555,3.47
2026-02-20,5059.2998046875,82.28299713134766,97.80000305175781,6909.509765625,19.09000015258789,66.38999938964844,4.085999965667725,1.8,2.28,3.48,6708904436.096191,3.48
2026-02-23,5204.7001953125,86.52300262451172,97.69999694824219,6837.75,21.010000228881836,66.30999755859375,4.0289998054504395,1.77,2.26,3.43,8394293226.708984,3.43
2026-02-24,5155.7998046875,87.45700073242188,97.87999725341797,6890.06982421875,19.549999237060547,65.62999725341797,4.0329999923706055,1.78,2.26,3.43,6714354923.76709,3.43
2026-02-25,5206.39990234375,90.93900299072266,97.69999694824219,6946.1298828125,17.93000030517578,65.41999816894531,4.047999858856201,1.77,2.28,3.45,6132824879.946899,3.45
2026-02-26,5176.5,86.99800109863281,97.79000091552734,6908.85986328125,18.6299991607666,65.20999908447266,4.017000198364258,1.74,2.28,3.42,5908815135.955811,3.42
2026-02-27,5230.5,92.68199920654297,97.61000061035156,6878.8798828125,19.860000610351562,67.0199966430664,3.9619998931884766,1.72,2.25,3.38,8124629625.0,3.38
2026-03-02,5294.39990234375,88.28399658203125,98.37999725341797,6881.6201171875,21.440000534057617,71.2300033569336,4.047999858856201,1.76,2.29,3.47,9759134000.0,3.47
2026-03-03,5107.39990234375,82.9229965209961,99.05000305175781,6816.6298828125,23.56999969482422,74.55999755859375,4.056000232696533,1.77,2.29,3.51,10575985140.930176,3.51
2026-03-04,5120.2001953125,82.63300323486328,98.7699966430664,6869.5,21.149999618530273,74.66000366210938,4.079999923706055,1.8,2.29,3.54,4711347498.101807,3.54
2026-03-05,5065.2998046875,81.68699645996094,99.31999969482422,6830.7099609375,23.75,81.01000213623047,4.145999908447266,1.82,2.31,3.57,5441974581.005859,3.57
2026-03-06,5146.10009765625,83.81600189208984,98.98999786376953,6740.02001953125,29.489999771118164,90.9000015258789,4.132999897003174,1.8,2.35,3.56,4967025300.439453,3.56
2026-03-09,5091.5,84.03199768066406,99.18000030517578,6795.990234375,25.5,94.7699966430664,4.136000156402588,1.78,2.34,3.56,4172345383.2214355,3.56
2026-03-10,5229.7001953125,89.08300018310547,98.83000183105469,6781.47998046875,24.93000030517578,83.44999694824219,4.136000156402588,1.82,2.33,3.57,4595483907.128906,3.57
2026-03-11,5167.39990234375,85.06500244140625,99.2300033569336,6775.7998046875,24.229999542236328,87.25,4.208000183105469,1.85,2.36,3.64,3582705822.5341797,3.64
2026-03-12,5115.7998046875,84.66999816894531,99.73999786376953,6672.6201171875,27.290000915527344,95.7300033569336,4.2729997634887695,1.89,2.38,3.76,5556152186.108398,3.76
2026-03-13,5052.5,80.91400146484375,100.36000061035156,6632.18994140625,27.190000534057617,98.70999908447266,4.284999847412109,1.92,2.36,3.73,5410998901.000977,3.73
2026-03-16,4994.0,80.26300048828125,99.70999908447266,6699.3798828125,23.510000228881836,93.5,4.21999979019165,1.87,2.36,3.68,4127340497.3449707,3.68
2026-03-17,5001.0,79.52999877929688,99.58000183105469,6716.08984375,22.3700008392334,96.20999908447266,4.202000141143799,1.83,2.37,3.68,3495090543.3929443,3.68
2026-03-18,4889.89990234375,77.23799896240234,100.08999633789062,6624.7001953125,25.09000015258789,96.31999969482422,4.258999824523926,1.86,2.4,3.76,8172364164.550781,3.76
2026-03-19,4600.7001953125,70.9020004272461,99.2300033569336,6606.490234375,24.059999465942383,96.13999938964844,4.281000137329102,1.88,2.37,3.79,12880140570.617676,3.79
2026-03-20,4570.39990234375,69.36000061035156,99.6500015258789,6506.47998046875,26.780000686645508,98.31999969482422,4.390999794006348,2.01,2.38,3.88,11245961694.836426,3.88
2026-03-23,4404.10009765625,69.04900360107422,98.94999694824219,6581.0,26.149999618530273,88.12999725341797,4.334000110626221,2.01,2.33,3.83,14867379386.425781,3.83
2026-03-24,4399.2998046875,69.27400207519531,99.43000030517578,6556.3701171875,26.950000762939453,92.3499984741211,4.392000198364258,2.06,2.33,3.9,7063586290.344238,3.9
2026-03-25,4549.7998046875,72.36100006103516,99.5999984741211,6591.89990234375,25.329999923706055,90.31999969482422,4.328000068664551,2.02,2.31,3.84,6541248162.268066,3.84
2026-03-26,4375.5,67.6709976196289,99.9000015258789,6477.16015625,27.440000534057617,94.4800033569336,4.415999889373779,2.08,2.34,3.96,6312604262.805176,3.96
2026-03-27,4492.0,69.54499816894531,100.1500015258789,6368.85009765625,31.049999237060547,99.63999938964844,4.440000057220459,2.13,2.31,3.88,6876016492.401123,3.88
2026-03-30,4526.0,70.3239974975586,100.51000213623047,6343.72021484375,30.610000610351562,102.87999725341797,4.3420000076293945,2.04,2.31,3.82,5460889041.12854,3.82
2026-03-31,4647.60009765625,74.69000244140625,99.95999908447266,6528.52001953125,25.25,101.37999725341797,4.310999870300293,2.0,2.3,3.79,6253964071.194458,3.79
2026-04-01,4783.2001953125,75.86699676513672,99.6500015258789,6575.31982421875,24.540000915527344,100.12000274658203,4.318999767303467,2.02,2.31,3.81,6187753945.513916,3.81
2026-04-02,4651.5,72.73500061035156,100.02999877929688,6582.68994140625,23.8700008392334,111.54000091552734,4.313000202178955,1.97,2.34,3.79,4654203265.692139,3.79
2026-04-06,4656.7998046875,72.66100311279297,99.9800033569336,6611.830078125,24.170000076293945,112.41000366210938,4.335000038146973,1.98,2.36,3.84,2316708311.935425,3.84
2026-04-07,4657.10009765625,71.82599639892578,99.63999938964844,6616.85009765625,25.780000686645508,112.94999694824219,4.3429999351501465,1.96,2.37,3.81,3136451917.2668457,3.81
2026-04-08,4749.5,75.2239990234375,99.12999725341797,6782.81005859375,21.040000915527344,94.41000366210938,4.290999889373779,1.96,2.33,3.79,4210465329.171753,3.79
2026-04-09,4792.2001953125,76.2770004272461,98.81999969482422,6824.66015625,19.489999771118164,97.87000274658203,4.293000221252441,1.95,2.34,3.78,2955235659.713745,3.78
2026-04-10,4761.89990234375,76.3239974975586,98.6500015258789,6816.89013671875,19.229999542236328,96.56999969482422,4.316999912261963,1.95,2.36,3.81,2707277259.2407227,3.81
2026-04-13,4742.39990234375,75.52300262451172,98.37000274658203,6886.240234375,19.1200008392334,99.08000183105469,4.296999931335449,1.92,2.38,3.78,2415986702.709961,3.78
2026-04-14,4825.0,79.39099884033203,98.12000274658203,6967.3798828125,18.360000610351562,91.27999877929688,4.25600004196167,1.89,2.37,3.76,3886392321.0235596,3.76
2026-04-15,4800.0,79.49099731445312,98.05999755859375,7022.9501953125,18.170000076293945,91.29000091552734,4.2820000648498535,1.9,2.39,3.76,2843565658.834839,3.76
2026-04-16,4785.39990234375,78.60600280761719,98.22000122070312,7041.27978515625,17.940000534057617,94.69000244140625,4.309000015258789,1.93,2.39,3.78,2354471936.1602783,3.78
2026-04-17,4857.60009765625,81.73799896240234,98.0999984741211,7126.06005859375,17.479999542236328,83.8499984741211,4.245999813079834,1.9,2.36,3.71,4330872088.8671875,3.71
2026-04-20,4806.60009765625,79.95099639892578,98.05000305175781,7109.14013671875,18.8700008392334,89.61000061035156,4.25,1.91,2.35,3.72,3745828538.9709473,3.72
2026-04-21,4698.39990234375,76.41100311279297,98.41000366210938,7064.009765625,19.5,92.12999725341797,4.291999816894531,1.92,2.38,3.78,4072323669.4335938,3.78
2026-04-22,4732.5,77.89299774169922,98.58999633789062,7137.89990234375,18.920000076293945,92.95999908447266,4.294000148773193,1.92,2.38,3.79,2253819856.567383,3.79
2026-04-23,4705.10009765625,75.46499633789062,98.80000305175781,7108.39990234375,19.309999465942383,95.8499984741211,4.322999954223633,1.92,2.42,3.83,2145027498.5229492,3.83
2026-04-24,4722.2998046875,76.38300323486328,98.51000213623047,7165.080078125,18.709999084472656,94.4000015258789,4.309999942779541,1.89,2.42,3.78,2566616325.0,3.78
2026-04-27,4675.39990234375,75.00299835205078,98.4800033569336,7173.91015625,18.020000457763672,96.37000274658203,4.335999965667725,1.91,2.44,3.78,2624564517.4316406,3.78
2026-04-28,4591.5,73.20500183105469,98.62000274658203,7138.7998046875,17.829999923706055,99.93000030517578,4.354000091552734,1.92,2.44,3.84,3258579722.2839355,3.84
2026-04-29,4545.2001953125,71.56900024414062,98.91999816894531,7135.9501953125,18.809999465942383,106.87999725341797,4.418000221252441,1.96,2.46,3.92,2693379789.630127,3.92
2026-04-30,4614.7001953125,73.53399658203125,98.08000183105469,7209.009765625,16.889999389648438,105.06999969482422,4.389999866485596,1.94,2.46,3.88,2852418072.65625,3.88
2026-05-01,4629.89990234375,75.95099639892578,98.20999908447266,7230.1201171875,16.989999771118164,101.94000244140625,4.377999782562256,1.91,2.48,3.88,2501628526.702881,3.88
2026-05-04,4519.5,73.0719985961914,98.47000122070312,7200.75,18.290000915527344,106.41999816894531,4.446000099182129,1.95,2.5,3.95,3021452584.7442627,3.95
2026-05-05,4555.7998046875,73.10800170898438,98.4800033569336,7259.22021484375,17.3799991607666,102.2699966430664,4.415999889373779,1.96,2.47,3.93,1790153725.9796143,3.93
2026-05-06,4681.89990234375,76.81099700927734,98.0199966430664,7365.1201171875,17.389999389648438,95.08000183105469,4.355999946594238,1.94,2.42,3.87,3022710284.0667725,3.87
2026-05-07,4699.7998046875,79.70099639892578,98.25,7337.10986328125,17.079999923706055,94.80999755859375,4.392000198364258,1.96,2.45,3.92,2942417166.07666,3.92
2026-05-08,4720.39990234375,80.3949966430664,97.83999633789062,7398.93017578125,17.190000534057617,95.41999816894531,4.363999843597412,1.93,2.45,3.9,2334029556.8847656,3.9
2026-05-11,4718.7001953125,85.48500061035156,97.94000244140625,7412.83984375,18.3799991607666,98.06999969482422,4.409999847412109,1.95,2.47,3.95,2420609281.008911,3.95
2026-05-12,4677.60009765625,85.12999725341797,98.29000091552734,7400.9599609375,17.989999771118164,102.18000030517578,4.4629998207092285,1.99,2.47,4.0,2883703388.2141113,4.0
2026-05-13,4697.7001953125,88.88800048828125,98.4800033569336,7444.25,17.8700008392334,101.0199966430664,4.480999946594238,1.99,2.47,3.98,1799619150.0,3.98
2026-05-14,4678.10009765625,84.91200256347656,98.87999725341797,7501.240234375,17.260000228881836,101.16999816894531,4.460999965667725,2.0,2.47,4.0,1717982259.6374512,4.0
2026-05-15,4555.7998046875,77.16100311279297,99.2699966430664,7408.5,18.43000030517578,105.41999816894531,4.59499979019165,2.1,2.49,4.09,3906001395.9838867,4.09
2026-05-18,4552.5,77.072998046875,98.97000122070312,7403.0498046875,17.81999969482422,108.66000366210938,4.623000144958496,2.13,2.48,4.07,2355049527.7770996,4.07
2026-05-19,4506.2998046875,74.8280029296875,99.30000305175781,7353.60986328125,18.059999465942383,107.7699966430664,4.666999816894531,2.18,2.49,4.13,2230083100.0,4.13
2026-05-20,4531.2998046875,75.85099792480469,99.11000061035156,7432.97021484375,17.440000534057617,98.26000213623047,4.572000026702881,2.13,2.44,4.04,2506486963.3483887,4.04
2026-05-21,4539.7998046875,76.41400146484375,99.19000244140625,7445.72021484375,16.760000228881836,96.3499984741211,4.585999965667725,2.18,2.39,4.08,1951471455.2978516,4.08
2026-05-22,4521.0,75.89299774169922,99.31999969482422,7473.47021484375,16.700000762939453,96.5999984741211,4.558000087738037,2.16,2.4,4.13,2287762528.491211,4.13
2026-05-25,4521.0,75.89299774169922,99.31999969482422,7473.47021484375,16.59000015258789,96.5999984741211,4.558000087738037,2.16,2.4,4.13,2287762528.491211,4.13
2026-05-26,4500.39990234375,76.30500030517578,99.16999816894531,7519.1201171875,17.010000228881836,93.88999938964844,4.493000030517578,2.1,2.4,4.01,2110737600.0,4.01
2026-05-27,4447.5,74.5989990234375,99.20999908447266,7520.35986328125,16.290000915527344,88.68000030517578,4.480999946594238,2.09,2.39,4.0,2706082789.3066406,4.0
2026-05-28,4499.2998046875,75.6449966430664,99.0199966430664,7563.6298828125,15.739999771118164,88.9000015258789,4.454999923706055,2.06,2.39,3.99,2965380878.07312,3.99
2026-05-29,4560.5,75.61599731445312,98.91000366210938,7580.06005859375,15.319999694824219,87.36000061035156,4.453000068664551,2.07,2.38,3.98,3214201546.3745117,3.98
2026-06-01,4475.2001953125,75.00700378417969,99.19999694824219,7599.9599609375,16.049999237060547,92.16000366210938,4.474999904632568,2.07,2.4,4.05,2532909274.145508,4.05
2026-06-02,4489.10009765625,75.31099700927734,99.22000122070312,7609.77978515625,15.770000457763672,93.76000213623047,4.454999923706055,2.07,2.39,4.05,1575255651.6784668,4.05
2026-06-03,4436.7001953125,73.47599792480469,99.52999877929688,7553.68017578125,16.059999465942383,96.0199966430664,4.491000175476074,2.11,2.38,4.08,2054849035.4003906,4.08
2026-06-04,4475.7998046875,73.77899932861328,99.41000366210938,7584.31005859375,15.399999618530273,93.04000091552734,4.4770002365112305,2.11,2.36,4.05,1910966003.9520264,4.05
2026-06-05,4337.10009765625,68.94300079345703,100.06999969482422,7383.740234375,21.510000228881836,90.54000091552734,4.535999774932861,2.19,2.36,4.17,4546418023.950195,4.17
2026-06-08,4335.89990234375,68.42500305175781,100.05000305175781,7405.72998046875,18.920000076293945,91.30000305175781,4.552000045776367,2.21,2.35,4.15,3200923482.4798584,4.15
2026-06-09,4260.0,65.09400177001953,99.91000366210938,7386.64990234375,19.8700008392334,88.19999694824219,4.5279998779296875,2.2,2.33,4.13,3738709482.321167,4.13
2026-06-10,4108.2001953125,64.5989990234375,99.94999694824219,7266.990234375,22.219999313354492,90.02999877929688,4.541999816894531,2.21,2.34,4.13,5227713208.5998535,4.13
2026-06-11,4090.300048828125,63.8849983215332,99.86000061035156,7394.2998046875,19.440000534057617,87.70999908447266,4.4629998207092285,2.16,2.29,4.05,4876324292.449951,4.05
2026-06-12,4215.0,67.85900115966797,99.75,7431.4599609375,17.68000030517578,84.87999725341797,4.486999988555908,2.17,2.31,4.09,2911651268.3654785,4.09
2026-06-15,4328.0,70.06600189208984,99.62999725341797,7554.2900390625,16.200000762939453,80.75,4.468999862670898,2.15,2.32,4.07,4154693877.105713,4.07
2026-06-16,4330.89990234375,69.89900207519531,99.54000091552734,7511.35009765625,16.40999984741211,76.05000305175781,4.427999973297119,2.14,2.29,4.05,2387370549.3164062,4.05
2026-06-17,4358.89990234375,70.69599914550781,100.08999633789062,7420.10009765625,18.440000534057617,76.79000091552734,4.4629998207092285,2.23,2.26,4.2,5185089881.439209,4.2
2026-06-18,4224.10009765625,66.25499725341797,100.8499984741211,7500.580078125,16.399999618530273,76.5999984741211,4.451000213623047,2.21,2.25,4.19,2952680338.757324,4.19
2026-06-22,4181.89990234375,65.5270004272461,101.0199966430664,7472.7900390625,17.280000686645508,74.81999969482422,4.508999824523926,2.28,2.23,4.24,3013301080.307007,4.24
2026-06-23,4129.89990234375,62.02000045776367,101.41000366210938,7365.4599609375,19.489999771118164,73.20999908447266,4.493000030517578,2.29,2.21,4.16,2788243926.123047,4.16
2026-06-24,3990.300048828125,58.051998138427734,101.61000061035156,7358.22021484375,18.6299991607666,70.33999633789062,4.4019999504089355,2.23,2.18,4.11,4662443035.092163,4.11
2026-06-25,4030.5,58.347999572753906,101.43000030517578,7357.490234375,18.889999389648438,71.91999816894531,4.392000198364258,2.19,2.21,4.09,3375792887.9241943,4.09
2026-06-26,4078.699951171875,59.21699905395508,101.36000061035156,7354.02001953125,18.40999984741211,69.2300033569336,4.372000217437744,2.18,2.2,4.07,2093561006.3598633,4.07
2026-06-29,4022.300048828125,58.17499923706055,101.11000061035156,7440.43017578125,17.649999618530273,70.75,4.374000072479248,2.16,2.22,4.1,1845221986.7767334,4.1
2026-06-30,4022.89990234375,59.47700119018555,101.19000244140625,7499.35986328125,16.450000762939453,69.5,4.418000221252441,2.2,2.24,4.14,1953187623.8891602,4.14
2026-07-01,4068.300048828125,60.084999084472656,101.38999938964844,7483.22998046875,16.59000015258789,68.58000183105469,4.474999904632568,2.25,2.23,4.17,3357006035.2874756,4.17
2026-07-02,4112.7001953125,60.643001556396484,100.86000061035156,7483.240234375,16.149999618530273,68.69000244140625,4.485000133514404,2.26,2.23,4.14,2871103314.074707,4.14
2026-07-06,4155.10009765625,61.91999816894531,100.8499984741211,7537.43017578125,15.569999694824219,68.55000305175781,4.479000091552734,2.24,2.24,4.13,1492790864.074707,4.13
2026-07-07,4145.2998046875,60.930999755859375,101.13999938964844,7503.85009765625,16.1299991607666,70.44000244140625,4.5289998054504395,2.3,2.25,4.19,1817765298.9746094,4.19
2026-07-08,4070.89990234375,58.16400146484375,101.05000305175781,7482.7099609375,16.899999618530273,73.5199966430664,4.568999767303467,2.31,2.25,4.21,2893936919.342041,4.21
2026-07-09,4130.60009765625,60.37799835205078,100.94000244140625,7543.64013671875,15.84000015258789,72.08000183105469,4.539000034332275,2.31,2.23,4.16,1798094593.1762695,4.16
2026-07-10,4104.10009765625,59.808998107910156,100.97000122070312,7575.39013671875,15.029999732971191,71.41000366210938,4.568999767303467,2.32,2.24,4.21,2056740407.2753906,4.21
2026-07-13,3997.0,57.63399887084961,101.27999877929688,7515.33984375,17.15999984741211,78.13999938964844,4.609000205993652,2.32,2.26,4.21,2623180597.8881836,4.21
2026-07-14,4024.0,58.18000030517578,101.13899993896484,7515.33984375,17.399999618530273,80.5999984741211,4.609000205993652,2.32,2.26,4.21,2623180597.8881836,4.21
